Workbook

Sheet ТЗ_ФФ
A1: Товар | B1: Фото | C1: Описание комплекта | D1: Бар-код | E1: 1 | F1: 2 | G1: 3 | H1: 4 | I1: 5 | J1: 6 | K1: 7 | L1: 8 | M1: 9 | N1: 10 | O1: 11 | P1: 12 | Q1: ИТОГО ДЛЯ ВБ | U1: 2000034323999 | V1: 2000036433891 | W1: 2000034441802 | X1: 2000036463809 | Y1: 2000028842689, 2000028840524 | AA1: 2000036432717 | AB1: 2000028839261 | AC1: 2000036427557 | AF1: 2000034441612 | AG1: 2000036465304 | AH1: 2000036430897 | AI1: 2000034439660 | AJ1: 2000034436041 | AL1: 2000034445302 | AM1: 2000036433056 | AN1: 2000036465516 | AO1: 2000028843507 | AP1: 2000034439936 | AR1: 2000036447189 | AS1: ИТОГО для ОЗОН | AT1: Количество готовых комплектов | AU1: Услуга | AV1: Комментарий | AX1: Количество из Китая | AY1: Приемка | AZ1: Сортировка | BA1: Формирование комплекта | BB1: Упаковка в БОПП пакет | BC1: доп. расходы | BD1: Упаковка в мой пакет | BE1: Маркировка | BF1: Сортировка готового товара по городам | BG1: Услуга | BH1: ИТОГО ФФ на товар | BI1: Пакеты мои | BJ1: ИТОГО НА ПАРТИЮ ТОВАРА
E2: =[1]Сводный!BR2 -> Электросталь | F2: =[1]Сводный!BS2 -> Коледино | G2: =[1]Сводный!BT2 -> Тула | H2: =[1]Сводный!BU2 -> Рязань | I2: =[1]Сводный!BV2 -> Краснодар | J2: =[1]Сводный!BW2 -> Невинномысск | K2: =[1]Сводный!BX2 -> Волгоград | L2: =[1]Сводный!BY2 -> Самара (Новосемейкино) | ... P2: =[1]Сводный!CC2 -> Новосибирск | R2: АДЫГЕЙСК_РФЦ | S2: АСТАНА_РФЦ | T2: ДОМОДЕДОВО_РФЦ | U2: ПУШКИНО_1_РФЦ | V2: СОФЬИНО_РФЦ | W2: Екатеринбург_РФЦ_НОВЫЙ | X2: Казань_РФЦ_НОВЫЙ | Y2: КАЛИНИНГРАД_МРФЦ | Z2: КРАСНОЯРСК_МРФЦ | AA2: МИНСК_МПСЦ | AB2: НЕВИННОМЫССК_РФЦ | AC2: НОВОРОССИЙСК_МРФЦ | AD2: Новосибирск_РФЦ_Новый | AE2: ОМСК_РФЦ | AF2: ОРЕНБУРГ_РФЦ | AG2: ПЕРМЬ_РФЦ | AH2: Ростов_на_Дону_РФЦ | AI2: САМАРА_РФЦ | AJ2: ВОЛГОГРАД_МРФЦ | AK2: Санкт_Петербург_РФЦ | AL2: СПБ_КОЛПИНО_РФЦ | AM2: СПБ_ШУШАРЫ_РФЦ | AN2: ТВЕРЬ_РФЦ | AO2: ТЮМЕНЬ_РФЦ | AP2: УФА_РФЦ | AQ2: ХАБАРОВСК_2_РФЦ | AR2: ЯРОСЛАВЛЬ_РФЦ | AY2: 3 | AZ2: 5 | BA2: 5 | BB2: 13 | BD2: 10 | BE2: 6 | BF2: 5 | BG2: Цена на ед.
D3: дата поставки | E3: 46183 | F3: 46184 | G3: 46185 | H3: 46186 | I3: 46187 | J3: 46183 | L3: 46183 | N3: 46183 | O3: 46183 | U3: 45993 | V3: 45994 | W3: 45993 | X3: 45994 | Y3: 45993 | AA3: 45994 | AB3: 45993 | AC3: 45994 | AF3: 45993 | AG3: 45995 | AH3: 45994 | AI3: 45993 | AJ3: 45993 | AL3: 45993 | AM3: 45995 | AN3: 45995 | AO3: 45993 | AP3: 45993 | AR3: 45995
D4: время отгрузки | U4: 12-13 | V4: 16-17 | W4: 12-13 | X4: 16-17 | Y4: 12-13 | AA4: 16-17 | AB4: 12-13 | AC4: 16-17 | AF4: 12-13 | AG4: 16-17 | AH4: 16-17 | AI4: 12-13 | AJ4: 12-13 | AL4: 12-13 | AM4: 16-17 | AN4: 16-17 | AO4: 12-13 | AP4: 12-13 | AR4: 16-17
D5: Точка отгрузки | E5: Электросталь | J5: Обухово | L5: Чехов 1, Новоселки вл 11 стр 2 | N5: Обухово | O5: Чашниково | U5: МО_ЮРЛОВО_2 | V5: ЮРЛОВО_1 | W5: МО_ЮРЛОВО_2 | X5: ЮРЛОВО_1 | Y5: МО_ЮРЛОВО_2 | AA5: ЮРЛОВО_1 | AB5: МО_ЮРЛОВО_2 | AC5: МО_ЮРЛОВО_2 | AF5: МО_ЮРЛОВО_2 | AG5: ЮРЛОВО_1 | AH5: МО_ЮРЛОВО_2 | AI5: МО_ЮРЛОВО_2 | AJ5: МО_ЮРЛОВО_2 | AL5: МО_ЮРЛОВО_2 | AM5: ЮРЛОВО_1 | AN5: ЮРЛОВО_1 | AO5: МО_ЮРЛОВО_2 | AP5: МО_ЮРЛОВО_2 | AR5: ЮРЛОВО_1
A6: Бандаж для лица | C6: Бандаж для лица черный лайкра в пакете OPP - 1 шт. | D6: 2038162681926 | E6: =_xlfn.XLOOKUP($D6,[1]Сводный!$E:$E,[1]Сводный!BR:BR,0) -> 0 | F6: =_xlfn.XLOOKUP($D6,[1]Сводный!$E:$E,[1]Сводный!BS:BS,0) -> 0 | G6: =_xlfn.XLOOKUP($D6,[1]Сводный!$E:$E,[1]Сводный!BT:BT,0) -> 0 | H6: =_xlfn.XLOOKUP($D6,[1]Сводный!$E:$E,[1]Сводный!BU:BU,0) -> 0 | I6: =_xlfn.XLOOKUP($D6,[1]Сводный!$E:$E,[1]Сводный!BV:BV,0) -> 0 | J6: =_xlfn.XLOOKUP($D6,[1]Сводный!$E:$E,[1]Сводный!BW:BW,0) -> 0 | K6: =_xlfn.XLOOKUP($D6,[1]Сводный!$E:$E,[1]Сводный!BX:BX,0) -> 0 | L6: =_xlfn.XLOOKUP($D6,[1]Сводный!$E:$E,[1]Сводный!BY:BY,0) -> 0 | M6: =_xlfn.XLOOKUP($D6,[1]Сводный!$E:$E,[1]Сводный!BZ:BZ,0) -> 0 | N6: =_xlfn.XLOOKUP($D6,[1]Сводный!$E:$E,[1]Сводный!CA:CA,0) -> 20 | O6: =_xlfn.XLOOKUP($D6,[1]Сводный!$E:$E,[1]Сводный!CB:CB,0) -> 20 | P6: =_xlfn.XLOOKUP($D6,[1]Сводный!$E:$E,[1]Сводный!CC:CC,0) -> 0 | Q6: =SUM(E6:P6) -> 40 | R6: {=_xlfn.XLOOKUP($D6,INDIRECT(R$2&"!"&"E:E"),INDIRECT(R$2&"!"&"C:C"),0)} -> 0 | S6: {=_xlfn.XLOOKUP($D6,INDIRECT(S$2&"!"&"E:E"),INDIRECT(S$2&"!"&"C:C"),0)} -> 0 | T6: {=_xlfn.XLOOKUP($D6,INDIRECT(T$2&"!"&"E:E"),INDIRECT(T$2&"!"&"C:C"),0)} -> 0 | U6: {=_xlfn.XLOOKUP($D6,INDIRECT(U$2&"!"&"E:E"),INDIRECT(U$2&"!"&"C:C"),0)} -> 0 | V6: {=_xlfn.XLOOKUP($D6,INDIRECT(V$2&"!"&"E:E"),INDIRECT(V$2&"!"&"C:C"),0)} -> 0 | W6: {=_xlfn.XLOOKUP($D6,INDIRECT(W$2&"!"&"E:E"),INDIRECT(W$2&"!"&"C:C"),0)} -> 0 | X6: {=_xlfn.XLOOKUP($D6,INDIRECT(X$2&"!"&"E:E"),INDIRECT(X$2&"!"&"C:C"),0)} -> 0 | Y6: {=_xlfn.XLOOKUP($D6,INDIRECT(Y$2&"!"&"E:E"),INDIRECT(Y$2&"!"&"C:C"),0)} -> 0 | ... AR6: {=_xlfn.XLOOKUP($D6,INDIRECT(AR$2&"!"&"E:E"),INDIRECT(AR$2&"!"&"C:C"),0)} -> 0 | AS6: =SUM(R6:AR6) -> 0 | AT6: =Q6+AS6 -> 40 | AU6: Приемка, маркировка (1 этикетка), короб, отгрузка. | AV6: Бандаж упакован в заводской прозрачный БОПП пакет. Этикетку с ШК клеить на переднюю сторону упаковки. | AX6: =AT6 -> 40 | AY6: * | BE6: * | BF6: * | BG6: =SUMIF(AY6:BF6,"*",$AY$2:$BF$2)+BC6 -> 14 | BH6: =AT6*BG6 -> 560 | BJ6: =BH6+AT6*BI6 -> 560
C7: Бандаж для лица серый силиконовый в пакете OPP - 1 шт. | D7: 2038172050200 | E7: =_xlfn.XLOOKUP($D7,[1]Сводный!$E:$E,[1]Сводный!BR:BR,0) -> 0 | F7: =_xlfn.XLOOKUP($D7,[1]Сводный!$E:$E,[1]Сводный!BS:BS,0) -> 0 | G7: =_xlfn.XLOOKUP($D7,[1]Сводный!$E:$E,[1]Сводный!BT:BT,0) -> 0 | H7: =_xlfn.XLOOKUP($D7,[1]Сводный!$E:$E,[1]Сводный!BU:BU,0) -> 0 | I7: =_xlfn.XLOOKUP($D7,[1]Сводный!$E:$E,[1]Сводный!BV:BV,0) -> 0 | J7: =_xlfn.XLOOKUP($D7,[1]Сводный!$E:$E,[1]Сводный!BW:BW,0) -> 0 | K7: =_xlfn.XLOOKUP($D7,[1]Сводный!$E:$E,[1]Сводный!BX:BX,0) -> 0 | L7: =_xlfn.XLOOKUP($D7,[1]Сводный!$E:$E,[1]Сводный!BY:BY,0) -> 0 | M7: =_xlfn.XLOOKUP($D7,[1]Сводный!$E:$E,[1]Сводный!BZ:BZ,0) -> 0 | N7: =_xlfn.XLOOKUP($D7,[1]Сводный!$E:$E,[1]Сводный!CA:CA,0) -> 20 | O7: =_xlfn.XLOOKUP($D7,[1]Сводный!$E:$E,[1]Сводный!CB:CB,0) -> 20 | P7: =_xlfn.XLOOKUP($D7,[1]Сводный!$E:$E,[1]Сводный!CC:CC,0) -> 0 | Q7: =SUM(E7:P7) -> 40 | R7: {=_xlfn.XLOOKUP($D7,INDIRECT(R$2&"!"&"E:E"),INDIRECT(R$2&"!"&"C:C"),0)} -> 0 | S7: {=_xlfn.XLOOKUP($D7,INDIRECT(S$2&"!"&"E:E"),INDIRECT(S$2&"!"&"C:C"),0)} -> 0 | T7: {=_xlfn.XLOOKUP($D7,INDIRECT(T$2&"!"&"E:E"),INDIRECT(T$2&"!"&"C:C"),0)} -> 0 | U7: {=_xlfn.XLOOKUP($D7,INDIRECT(U$2&"!"&"E:E"),INDIRECT(U$2&"!"&"C:C"),0)} -> 0 | V7: {=_xlfn.XLOOKUP($D7,INDIRECT(V$2&"!"&"E:E"),INDIRECT(V$2&"!"&"C:C"),0)} -> 0 | W7: {=_xlfn.XLOOKUP($D7,INDIRECT(W$2&"!"&"E:E"),INDIRECT(W$2&"!"&"C:C"),0)} -> 0 | X7: {=_xlfn.XLOOKUP($D7,INDIRECT(X$2&"!"&"E:E"),INDIRECT(X$2&"!"&"C:C"),0)} -> 0 | Y7: {=_xlfn.XLOOKUP($D7,INDIRECT(Y$2&"!"&"E:E"),INDIRECT(Y$2&"!"&"C:C"),0)} -> 0 | ... AR7: {=_xlfn.XLOOKUP($D7,INDIRECT(AR$2&"!"&"E:E"),INDIRECT(AR$2&"!"&"C:C"),0)} -> 0 | AS7: =SUM(R7:AR7) -> 0 | AT7: =Q7+AS7 -> 40 | AU7: Приемка, маркировка (1 этикетка), короб, отгрузка. | AV7: Бандаж упакован в заводской прозрачный БОПП пакет. Этикетку с ШК клеить на переднюю сторону упаковки. | AX7: =AT7 -> 40 | AY7: * | BE7: * | BF7: * | BG7: =SUMIF(AY7:BF7,"*",$AY$2:$BF$2)+BC7 -> 14 | BH7: =AT7*BG7 -> 560 | BJ7: =BH7+AT7*BI7 -> 560
A8: Массажер для пальцев | C8: Массажер для пальцев | D8: 2038430289250 | E8: =_xlfn.XLOOKUP($D8,[1]Сводный!$E:$E,[1]Сводный!BR:BR,0) -> 0 | F8: =_xlfn.XLOOKUP($D8,[1]Сводный!$E:$E,[1]Сводный!BS:BS,0) -> 0 | G8: =_xlfn.XLOOKUP($D8,[1]Сводный!$E:$E,[1]Сводный!BT:BT,0) -> 0 | H8: =_xlfn.XLOOKUP($D8,[1]Сводный!$E:$E,[1]Сводный!BU:BU,0) -> 0 | I8: =_xlfn.XLOOKUP($D8,[1]Сводный!$E:$E,[1]Сводный!BV:BV,0) -> 0 | J8: =_xlfn.XLOOKUP($D8,[1]Сводный!$E:$E,[1]Сводный!BW:BW,0) -> 0 | K8: =_xlfn.XLOOKUP($D8,[1]Сводный!$E:$E,[1]Сводный!BX:BX,0) -> 0 | L8: =_xlfn.XLOOKUP($D8,[1]Сводный!$E:$E,[1]Сводный!BY:BY,0) -> 0 | M8: =_xlfn.XLOOKUP($D8,[1]Сводный!$E:$E,[1]Сводный!BZ:BZ,0) -> 0 | N8: =_xlfn.XLOOKUP($D8,[1]Сводный!$E:$E,[1]Сводный!CA:CA,0) -> 0 | O8: =_xlfn.XLOOKUP($D8,[1]Сводный!$E:$E,[1]Сводный!CB:CB,0) -> 0 | P8: =_xlfn.XLOOKUP($D8,[1]Сводный!$E:$E,[1]Сводный!CC:CC,0) -> 0 | Q8: =SUM(E8:P8) -> 0 | R8: {=_xlfn.XLOOKUP($D8,INDIRECT(R$2&"!"&"E:E"),INDIRECT(R$2&"!"&"C:C"),0)} -> 0 | S8: {=_xlfn.XLOOKUP($D8,INDIRECT(S$2&"!"&"E:E"),INDIRECT(S$2&"!"&"C:C"),0)} -> 0 | T8: {=_xlfn.XLOOKUP($D8,INDIRECT(T$2&"!"&"E:E"),INDIRECT(T$2&"!"&"C:C"),0)} -> 0 | U8: {=_xlfn.XLOOKUP($D8,INDIRECT(U$2&"!"&"E:E"),INDIRECT(U$2&"!"&"C:C"),0)} -> 0 | V8: {=_xlfn.XLOOKUP($D8,INDIRECT(V$2&"!"&"E:E"),INDIRECT(V$2&"!"&"C:C"),0)} -> 0 | W8: {=_xlfn.XLOOKUP($D8,INDIRECT(W$2&"!"&"E:E"),INDIRECT(W$2&"!"&"C:C"),0)} -> 0 | X8: {=_xlfn.XLOOKUP($D8,INDIRECT(X$2&"!"&"E:E"),INDIRECT(X$2&"!"&"C:C"),0)} -> 0 | Y8: {=_xlfn.XLOOKUP($D8,INDIRECT(Y$2&"!"&"E:E"),INDIRECT(Y$2&"!"&"C:C"),0)} -> 0 | ... AR8: {=_xlfn.XLOOKUP($D8,INDIRECT(AR$2&"!"&"E:E"),INDIRECT(AR$2&"!"&"C:C"),0)} -> 0 | AS8: =SUM(R8:AR8) -> 0 | AT8: =Q8+AS8 -> 0 | AU8: Приемка, маркировка (1 этикетка), короб, отгрузка. | AV8: Массажер упакован в заводскую цветную коробочку. Этикетку клеить на боковую сторону вдоль. При тоном наклеивании этикетка по ширине точно ложится на сторону. | AX8: =AT8 -> 0 | AY8: * | BE8: * | BF8: * | BG8: =SUMIF(AY8:BF8,"*",$AY$2:$BF$2)+BC8 -> 14 | BH8: =AT8*BG8 -> 0 | BJ8: =BH8+AT8*BI8 -> 0
A9: Массажер для спины | C9: Массажер для спины розовый в пакете - 1 шт. | D9: 2041591042329 | E9: =_xlfn.XLOOKUP($D9,[1]Сводный!$E:$E,[1]Сводный!BR:BR,0) -> 0 | F9: =_xlfn.XLOOKUP($D9,[1]Сводный!$E:$E,[1]Сводный!BS:BS,0) -> 0 | G9: =_xlfn.XLOOKUP($D9,[1]Сводный!$E:$E,[1]Сводный!BT:BT,0) -> 0 | H9: =_xlfn.XLOOKUP($D9,[1]Сводный!$E:$E,[1]Сводный!BU:BU,0) -> 0 | I9: =_xlfn.XLOOKUP($D9,[1]Сводный!$E:$E,[1]Сводный!BV:BV,0) -> 0 | J9: =_xlfn.XLOOKUP($D9,[1]Сводный!$E:$E,[1]Сводный!BW:BW,0) -> 0 | K9: =_xlfn.XLOOKUP($D9,[1]Сводный!$E:$E,[1]Сводный!BX:BX,0) -> 0 | L9: =_xlfn.XLOOKUP($D9,[1]Сводный!$E:$E,[1]Сводный!BY:BY,0) -> 0 | M9: =_xlfn.XLOOKUP($D9,[1]Сводный!$E:$E,[1]Сводный!BZ:BZ,0) -> 0 | N9: =_xlfn.XLOOKUP($D9,[1]Сводный!$E:$E,[1]Сводный!CA:CA,0) -> 0 | O9: =_xlfn.XLOOKUP($D9,[1]Сводный!$E:$E,[1]Сводный!CB:CB,0) -> 10 | P9: =_xlfn.XLOOKUP($D9,[1]Сводный!$E:$E,[1]Сводный!CC:CC,0) -> 0 | Q9: =SUM(E9:P9) -> 10 | R9: {=_xlfn.XLOOKUP($D9,INDIRECT(R$2&"!"&"E:E"),INDIRECT(R$2&"!"&"C:C"),0)} -> 0 | S9: {=_xlfn.XLOOKUP($D9,INDIRECT(S$2&"!"&"E:E"),INDIRECT(S$2&"!"&"C:C"),0)} -> 0 | T9: {=_xlfn.XLOOKUP($D9,INDIRECT(T$2&"!"&"E:E"),INDIRECT(T$2&"!"&"C:C"),0)} -> 0 | U9: {=_xlfn.XLOOKUP($D9,INDIRECT(U$2&"!"&"E:E"),INDIRECT(U$2&"!"&"C:C"),0)} -> 0 | V9: {=_xlfn.XLOOKUP($D9,INDIRECT(V$2&"!"&"E:E"),INDIRECT(V$2&"!"&"C:C"),0)} -> 0 | W9: {=_xlfn.XLOOKUP($D9,INDIRECT(W$2&"!"&"E:E"),INDIRECT(W$2&"!"&"C:C"),0)} -> 0 | X9: {=_xlfn.XLOOKUP($D9,INDIRECT(X$2&"!"&"E:E"),INDIRECT(X$2&"!"&"C:C"),0)} -> 0 | Y9: {=_xlfn.XLOOKUP($D9,INDIRECT(Y$2&"!"&"E:E"),INDIRECT(Y$2&"!"&"C:C"),0)} -> 0 | ... AR9: {=_xlfn.XLOOKUP($D9,INDIRECT(AR$2&"!"&"E:E"),INDIRECT(AR$2&"!"&"C:C"),0)} -> 0 | AS9: =SUM(R9:AR9) -> 0 | AT9: =Q9+AS9 -> 10 | AU9: Приемка, маркировка (1 этикетка), короб, отгрузка. | AV9: Массажеры упакованы в матовые пакеты. Этикетку с ШК клеить в место между ручками, раздвигая их (так удобнее). | AX9: =AT9 -> 10 | AY9: * | BE9: * | BF9: * | BG9: =SUMIF(AY9:BF9,"*",$AY$2:$BF$2)+BC9 -> 14 | BH9: =AT9*BG9 -> 140 | BJ9: =BH9+AT9*BI9 -> 140
C10: Массажер для спины голубой в пакете - 1 шт. | D10: 2041591055954 | E10: =_xlfn.XLOOKUP($D10,[1]Сводный!$E:$E,[1]Сводный!BR:BR,0) -> 20 | F10: =_xlfn.XLOOKUP($D10,[1]Сводный!$E:$E,[1]Сводный!BS:BS,0) -> 0 | G10: =_xlfn.XLOOKUP($D10,[1]Сводный!$E:$E,[1]Сводный!BT:BT,0) -> 0 | H10: =_xlfn.XLOOKUP($D10,[1]Сводный!$E:$E,[1]Сводный!BU:BU,0) -> 0 | I10: =_xlfn.XLOOKUP($D10,[1]Сводный!$E:$E,[1]Сводный!BV:BV,0) -> 0 | J10: =_xlfn.XLOOKUP($D10,[1]Сводный!$E:$E,[1]Сводный!BW:BW,0) -> 10 | K10: =_xlfn.XLOOKUP($D10,[1]Сводный!$E:$E,[1]Сводный!BX:BX,0) -> 0 | L10: =_xlfn.XLOOKUP($D10,[1]Сводный!$E:$E,[1]Сводный!BY:BY,0) -> 10 | M10: =_xlfn.XLOOKUP($D10,[1]Сводный!$E:$E,[1]Сводный!BZ:BZ,0) -> 0 | N10: =_xlfn.XLOOKUP($D10,[1]Сводный!$E:$E,[1]Сводный!CA:CA,0) -> 10 | O10: =_xlfn.XLOOKUP($D10,[1]Сводный!$E:$E,[1]Сводный!CB:CB,0) -> 10 | P10: =_xlfn.XLOOKUP($D10,[1]Сводный!$E:$E,[1]Сводный!CC:CC,0) -> 0 | Q10: =SUM(E10:P10) -> 60 | R10: {=_xlfn.XLOOKUP($D10,INDIRECT(R$2&"!"&"E:E"),INDIRECT(R$2&"!"&"C:C"),0)} -> 0 | S10: {=_xlfn.XLOOKUP($D10,INDIRECT(S$2&"!"&"E:E"),INDIRECT(S$2&"!"&"C:C"),0)} -> 0 | T10: {=_xlfn.XLOOKUP($D10,INDIRECT(T$2&"!"&"E:E"),INDIRECT(T$2&"!"&"C:C"),0)} -> 0 | U10: {=_xlfn.XLOOKUP($D10,INDIRECT(U$2&"!"&"E:E"),INDIRECT(U$2&"!"&"C:C"),0)} -> 0 | V10: {=_xlfn.XLOOKUP($D10,INDIRECT(V$2&"!"&"E:E"),INDIRECT(V$2&"!"&"C:C"),0)} -> 0 | W10: {=_xlfn.XLOOKUP($D10,INDIRECT(W$2&"!"&"E:E"),INDIRECT(W$2&"!"&"C:C"),0)} -> 0 | X10: {=_xlfn.XLOOKUP($D10,INDIRECT(X$2&"!"&"E:E"),INDIRECT(X$2&"!"&"C:C"),0)} -> 0 | Y10: {=_xlfn.XLOOKUP($D10,INDIRECT(Y$2&"!"&"E:E"),INDIRECT(Y$2&"!"&"C:C"),0)} -> 0 | ... AR10: {=_xlfn.XLOOKUP($D10,INDIRECT(AR$2&"!"&"E:E"),INDIRECT(AR$2&"!"&"C:C"),0)} -> 0 | AS10: =SUM(R10:AR10) -> 0 | AT10: =Q10+AS10 -> 60 | AU10: Приемка, маркировка (1 этикетка), короб, отгрузка. | AX10: =AT10 -> 60 | AY10: * | BE10: * | BF10: * | BG10: =SUMIF(AY10:BF10,"*",$AY$2:$BF$2)+BC10 -> 14 | BH10: =AT10*BG10 -> 840 | BJ10: =BH10+AT10*BI10 -> 840
C11: Массажер для спины оранжевый в пакете - 1 шт. | D11: 2039813223373 | E11: =_xlfn.XLOOKUP($D11,[1]Сводный!$E:$E,[1]Сводный!BR:BR,0) -> 20 | F11: =_xlfn.XLOOKUP($D11,[1]Сводный!$E:$E,[1]Сводный!BS:BS,0) -> 0 | G11: =_xlfn.XLOOKUP($D11,[1]Сводный!$E:$E,[1]Сводный!BT:BT,0) -> 0 | H11: =_xlfn.XLOOKUP($D11,[1]Сводный!$E:$E,[1]Сводный!BU:BU,0) -> 0 | I11: =_xlfn.XLOOKUP($D11,[1]Сводный!$E:$E,[1]Сводный!BV:BV,0) -> 0 | J11: =_xlfn.XLOOKUP($D11,[1]Сводный!$E:$E,[1]Сводный!BW:BW,0) -> 10 | K11: =_xlfn.XLOOKUP($D11,[1]Сводный!$E:$E,[1]Сводный!BX:BX,0) -> 0 | L11: =_xlfn.XLOOKUP($D11,[1]Сводный!$E:$E,[1]Сводный!BY:BY,0) -> 10 | M11: =_xlfn.XLOOKUP($D11,[1]Сводный!$E:$E,[1]Сводный!BZ:BZ,0) -> 0 | N11: =_xlfn.XLOOKUP($D11,[1]Сводный!$E:$E,[1]Сводный!CA:CA,0) -> 0 | O11: =_xlfn.XLOOKUP($D11,[1]Сводный!$E:$E,[1]Сводный!CB:CB,0) -> 10 | P11: =_xlfn.XLOOKUP($D11,[1]Сводный!$E:$E,[1]Сводный!CC:CC,0) -> 0 | Q11: =SUM(E11:P11) -> 50 | R11: {=_xlfn.XLOOKUP($D11,INDIRECT(R$2&"!"&"E:E"),INDIRECT(R$2&"!"&"C:C"),0)} -> 0 | S11: {=_xlfn.XLOOKUP($D11,INDIRECT(S$2&"!"&"E:E"),INDIRECT(S$2&"!"&"C:C"),0)} -> 0 | T11: {=_xlfn.XLOOKUP($D11,INDIRECT(T$2&"!"&"E:E"),INDIRECT(T$2&"!"&"C:C"),0)} -> 0 | U11: {=_xlfn.XLOOKUP($D11,INDIRECT(U$2&"!"&"E:E"),INDIRECT(U$2&"!"&"C:C"),0)} -> 0 | V11: {=_xlfn.XLOOKUP($D11,INDIRECT(V$2&"!"&"E:E"),INDIRECT(V$2&"!"&"C:C"),0)} -> 0 | W11: {=_xlfn.XLOOKUP($D11,INDIRECT(W$2&"!"&"E:E"),INDIRECT(W$2&"!"&"C:C"),0)} -> 0 | X11: {=_xlfn.XLOOKUP($D11,INDIRECT(X$2&"!"&"E:E"),INDIRECT(X$2&"!"&"C:C"),0)} -> 0 | Y11: {=_xlfn.XLOOKUP($D11,INDIRECT(Y$2&"!"&"E:E"),INDIRECT(Y$2&"!"&"C:C"),0)} -> 0 | ... AR11: {=_xlfn.XLOOKUP($D11,INDIRECT(AR$2&"!"&"E:E"),INDIRECT(AR$2&"!"&"C:C"),0)} -> 0 | AS11: =SUM(R11:AR11) -> 0 | AT11: =Q11+AS11 -> 50 | AU11: Приемка, маркировка (1 этикетка), короб, отгрузка. | AX11: =AT11 -> 50 | AY11: * | BE11: * | BF11: * | BG11: =SUMIF(AY11:BF11,"*",$AY$2:$BF$2)+BC11 -> 14 | BH11: =AT11*BG11 -> 700 | BJ11: =BH11+AT11*BI11 -> 700
A12: Мячик с шипами 6 см | C12: Мячик с шипами белый 6 см в пакете ОPP - 1 шт. | D12: 2040278804496 | E12: =_xlfn.XLOOKUP($D12,[1]Сводный!$E:$E,[1]Сводный!BR:BR,0) -> 75 | F12: =_xlfn.XLOOKUP($D12,[1]Сводный!$E:$E,[1]Сводный!BS:BS,0) -> 0 | G12: =_xlfn.XLOOKUP($D12,[1]Сводный!$E:$E,[1]Сводный!BT:BT,0) -> 0 | H12: =_xlfn.XLOOKUP($D12,[1]Сводный!$E:$E,[1]Сводный!BU:BU,0) -> 0 | I12: =_xlfn.XLOOKUP($D12,[1]Сводный!$E:$E,[1]Сводный!BV:BV,0) -> 0 | J12: =_xlfn.XLOOKUP($D12,[1]Сводный!$E:$E,[1]Сводный!BW:BW,0) -> 0 | K12: =_xlfn.XLOOKUP($D12,[1]Сводный!$E:$E,[1]Сводный!BX:BX,0) -> 0 | L12: =_xlfn.XLOOKUP($D12,[1]Сводный!$E:$E,[1]Сводный!BY:BY,0) -> 0 | M12: =_xlfn.XLOOKUP($D12,[1]Сводный!$E:$E,[1]Сводный!BZ:BZ,0) -> 0 | N12: =_xlfn.XLOOKUP($D12,[1]Сводный!$E:$E,[1]Сводный!CA:CA,0) -> 0 | O12: =_xlfn.XLOOKUP($D12,[1]Сводный!$E:$E,[1]Сводный!CB:CB,0) -> 50 | P12: =_xlfn.XLOOKUP($D12,[1]Сводный!$E:$E,[1]Сводный!CC:CC,0) -> 0 | Q12: =SUM(E12:P12) -> 125 | R12: {=_xlfn.XLOOKUP($D12,INDIRECT(R$2&"!"&"E:E"),INDIRECT(R$2&"!"&"C:C"),0)} -> 0 | S12: {=_xlfn.XLOOKUP($D12,INDIRECT(S$2&"!"&"E:E"),INDIRECT(S$2&"!"&"C:C"),0)} -> 0 | T12: {=_xlfn.XLOOKUP($D12,INDIRECT(T$2&"!"&"E:E"),INDIRECT(T$2&"!"&"C:C"),0)} -> 0 | U12: {=_xlfn.XLOOKUP($D12,INDIRECT(U$2&"!"&"E:E"),INDIRECT(U$2&"!"&"C:C"),0)} -> 0 | V12: {=_xlfn.XLOOKUP($D12,INDIRECT(V$2&"!"&"E:E"),INDIRECT(V$2&"!"&"C:C"),0)} -> 0 | W12: {=_xlfn.XLOOKUP($D12,INDIRECT(W$2&"!"&"E:E"),INDIRECT(W$2&"!"&"C:C"),0)} -> 0 | X12: {=_xlfn.XLOOKUP($D12,INDIRECT(X$2&"!"&"E:E"),INDIRECT(X$2&"!"&"C:C"),0)} -> 0 | Y12: {=_xlfn.XLOOKUP($D12,INDIRECT(Y$2&"!"&"E:E"),INDIRECT(Y$2&"!"&"C:C"),0)} -> 0 | ... AR12: {=_xlfn.XLOOKUP($D12,INDIRECT(AR$2&"!"&"E:E"),INDIRECT(AR$2&"!"&"C:C"),0)} -> 0 | AS12: =SUM(R12:AR12) -> 0 | AT12: =Q12+AS12 -> 125 | AU12: Приемка, маркировка (1 этикетка), короб, отгрузка. | AV12: Мячик с шипами упакован в заводской БОПП пакет. Этикетку с ШК клеить прямо на пакет. Внимательно, чтобы штрихкод не сжимался. Обычно мячики поставляются в коробах по норме упаковки 400 шт. Но я не всегда заказываю по норме упаковки. Тогда их смешивают, обычно разделяют картонкой или пленкой. | AX12: =AT12 -> 125 | AY12: * | BE12: * | BF12: * | BG12: =SUMIF(AY12:BF12,"*",$AY$2:$BF$2)+BC12 -> 14 | BH12: =AT12*BG12 -> 1750 | BJ12: =BH12+AT12*BI12 -> 1750
C13: Мячик розовый 6 см в пакете ОPP - 1 шт. | D13: 2040278810534 | E13: =_xlfn.XLOOKUP($D13,[1]Сводный!$E:$E,[1]Сводный!BR:BR,0) -> 100 | F13: =_xlfn.XLOOKUP($D13,[1]Сводный!$E:$E,[1]Сводный!BS:BS,0) -> 0 | G13: =_xlfn.XLOOKUP($D13,[1]Сводный!$E:$E,[1]Сводный!BT:BT,0) -> 0 | H13: =_xlfn.XLOOKUP($D13,[1]Сводный!$E:$E,[1]Сводный!BU:BU,0) -> 0 | I13: =_xlfn.XLOOKUP($D13,[1]Сводный!$E:$E,[1]Сводный!BV:BV,0) -> 0 | J13: =_xlfn.XLOOKUP($D13,[1]Сводный!$E:$E,[1]Сводный!BW:BW,0) -> 50 | K13: =_xlfn.XLOOKUP($D13,[1]Сводный!$E:$E,[1]Сводный!BX:BX,0) -> 0 | L13: =_xlfn.XLOOKUP($D13,[1]Сводный!$E:$E,[1]Сводный!BY:BY,0) -> 50 | M13: =_xlfn.XLOOKUP($D13,[1]Сводный!$E:$E,[1]Сводный!BZ:BZ,0) -> 0 | N13: =_xlfn.XLOOKUP($D13,[1]Сводный!$E:$E,[1]Сводный!CA:CA,0) -> 50 | O13: =_xlfn.XLOOKUP($D13,[1]Сводный!$E:$E,[1]Сводный!CB:CB,0) -> 50 | P13: =_xlfn.XLOOKUP($D13,[1]Сводный!$E:$E,[1]Сводный!CC:CC,0) -> 0 | Q13: =SUM(E13:P13) -> 300 | R13: {=_xlfn.XLOOKUP($D13,INDIRECT(R$2&"!"&"E:E"),INDIRECT(R$2&"!"&"C:C"),0)} -> 0 | S13: {=_xlfn.XLOOKUP($D13,INDIRECT(S$2&"!"&"E:E"),INDIRECT(S$2&"!"&"C:C"),0)} -> 0 | T13: {=_xlfn.XLOOKUP($D13,INDIRECT(T$2&"!"&"E:E"),INDIRECT(T$2&"!"&"C:C"),0)} -> 0 | U13: {=_xlfn.XLOOKUP($D13,INDIRECT(U$2&"!"&"E:E"),INDIRECT(U$2&"!"&"C:C"),0)} -> 0 | V13: {=_xlfn.XLOOKUP($D13,INDIRECT(V$2&"!"&"E:E"),INDIRECT(V$2&"!"&"C:C"),0)} -> 0 | W13: {=_xlfn.XLOOKUP($D13,INDIRECT(W$2&"!"&"E:E"),INDIRECT(W$2&"!"&"C:C"),0)} -> 0 | X13: {=_xlfn.XLOOKUP($D13,INDIRECT(X$2&"!"&"E:E"),INDIRECT(X$2&"!"&"C:C"),0)} -> 0 | Y13: {=_xlfn.XLOOKUP($D13,INDIRECT(Y$2&"!"&"E:E"),INDIRECT(Y$2&"!"&"C:C"),0)} -> 0 | ... AR13: {=_xlfn.XLOOKUP($D13,INDIRECT(AR$2&"!"&"E:E"),INDIRECT(AR$2&"!"&"C:C"),0)} -> 0 | AS13: =SUM(R13:AR13) -> 0 | AT13: =Q13+AS13 -> 300 | AU13: Приемка, маркировка (1 этикетка), короб, отгрузка. | AX13: =AT13 -> 300 | AY13: * | BE13: * | BF13: * | BG13: =SUMIF(AY13:BF13,"*",$AY$2:$BF$2)+BC13 -> 14 | BH13: =AT13*BG13 -> 4200 | BJ13: =BH13+AT13*BI13 -> 4200
C14: Мячик голубой 6 см в пакете ОPP - 1 шт. | D14: 2040278804649 | E14: =_xlfn.XLOOKUP($D14,[1]Сводный!$E:$E,[1]Сводный!BR:BR,0) -> 0 | F14: =_xlfn.XLOOKUP($D14,[1]Сводный!$E:$E,[1]Сводный!BS:BS,0) -> 0 | G14: =_xlfn.XLOOKUP($D14,[1]Сводный!$E:$E,[1]Сводный!BT:BT,0) -> 0 | H14: =_xlfn.XLOOKUP($D14,[1]Сводный!$E:$E,[1]Сводный!BU:BU,0) -> 0 | I14: =_xlfn.XLOOKUP($D14,[1]Сводный!$E:$E,[1]Сводный!BV:BV,0) -> 0 | J14: =_xlfn.XLOOKUP($D14,[1]Сводный!$E:$E,[1]Сводный!BW:BW,0) -> 0 | K14: =_xlfn.XLOOKUP($D14,[1]Сводный!$E:$E,[1]Сводный!BX:BX,0) -> 0 | L14: =_xlfn.XLOOKUP($D14,[1]Сводный!$E:$E,[1]Сводный!BY:BY,0) -> 20 | M14: =_xlfn.XLOOKUP($D14,[1]Сводный!$E:$E,[1]Сводный!BZ:BZ,0) -> 0 | N14: =_xlfn.XLOOKUP($D14,[1]Сводный!$E:$E,[1]Сводный!CA:CA,0) -> 50 | O14: =_xlfn.XLOOKUP($D14,[1]Сводный!$E:$E,[1]Сводный!CB:CB,0) -> 50 | P14: =_xlfn.XLOOKUP($D14,[1]Сводный!$E:$E,[1]Сводный!CC:CC,0) -> 0 | Q14: =SUM(E14:P14) -> 120 | R14: {=_xlfn.XLOOKUP($D14,INDIRECT(R$2&"!"&"E:E"),INDIRECT(R$2&"!"&"C:C"),0)} -> 0 | S14: {=_xlfn.XLOOKUP($D14,INDIRECT(S$2&"!"&"E:E"),INDIRECT(S$2&"!"&"C:C"),0)} -> 0 | T14: {=_xlfn.XLOOKUP($D14,INDIRECT(T$2&"!"&"E:E"),INDIRECT(T$2&"!"&"C:C"),0)} -> 0 | U14: {=_xlfn.XLOOKUP($D14,INDIRECT(U$2&"!"&"E:E"),INDIRECT(U$2&"!"&"C:C"),0)} -> 0 | V14: {=_xlfn.XLOOKUP($D14,INDIRECT(V$2&"!"&"E:E"),INDIRECT(V$2&"!"&"C:C"),0)} -> 0 | W14: {=_xlfn.XLOOKUP($D14,INDIRECT(W$2&"!"&"E:E"),INDIRECT(W$2&"!"&"C:C"),0)} -> 0 | X14: {=_xlfn.XLOOKUP($D14,INDIRECT(X$2&"!"&"E:E"),INDIRECT(X$2&"!"&"C:C"),0)} -> 0 | Y14: {=_xlfn.XLOOKUP($D14,INDIRECT(Y$2&"!"&"E:E"),INDIRECT(Y$2&"!"&"C:C"),0)} -> 0 | ... AR14: {=_xlfn.XLOOKUP($D14,INDIRECT(AR$2&"!"&"E:E"),INDIRECT(AR$2&"!"&"C:C"),0)} -> 0 | AS14: =SUM(R14:AR14) -> 0 | AT14: =Q14+AS14 -> 120 | AU14: Приемка, маркировка (1 этикетка), короб, отгрузка. | AX14: =AT14 -> 120 | AY14: * | BE14: * | BF14: * | BG14: =SUMIF(AY14:BF14,"*",$AY$2:$BF$2)+BC14 -> 14 | BH14: =AT14*BG14 -> 1680 | BJ14: =BH14+AT14*BI14 -> 1680
C15: Мячик оранжевый 6 см в пакете ОPP - 1 шт. | D15: 2039818580389 | E15: =_xlfn.XLOOKUP($D15,[1]Сводный!$E:$E,[1]Сводный!BR:BR,0) -> 0 | F15: =_xlfn.XLOOKUP($D15,[1]Сводный!$E:$E,[1]Сводный!BS:BS,0) -> 0 | G15: =_xlfn.XLOOKUP($D15,[1]Сводный!$E:$E,[1]Сводный!BT:BT,0) -> 0 | H15: =_xlfn.XLOOKUP($D15,[1]Сводный!$E:$E,[1]Сводный!BU:BU,0) -> 0 | I15: =_xlfn.XLOOKUP($D15,[1]Сводный!$E:$E,[1]Сводный!BV:BV,0) -> 0 | J15: =_xlfn.XLOOKUP($D15,[1]Сводный!$E:$E,[1]Сводный!BW:BW,0) -> 0 | K15: =_xlfn.XLOOKUP($D15,[1]Сводный!$E:$E,[1]Сводный!BX:BX,0) -> 0 | L15: =_xlfn.XLOOKUP($D15,[1]Сводный!$E:$E,[1]Сводный!BY:BY,0) -> 0 | M15: =_xlfn.XLOOKUP($D15,[1]Сводный!$E:$E,[1]Сводный!BZ:BZ,0) -> 0 | N15: =_xlfn.XLOOKUP($D15,[1]Сводный!$E:$E,[1]Сводный!CA:CA,0) -> 0 | O15: =_xlfn.XLOOKUP($D15,[1]Сводный!$E:$E,[1]Сводный!CB:CB,0) -> 20 | P15: =_xlfn.XLOOKUP($D15,[1]Сводный!$E:$E,[1]Сводный!CC:CC,0) -> 0 | Q15: =SUM(E15:P15) -> 20 | R15: {=_xlfn.XLOOKUP($D15,INDIRECT(R$2&"!"&"E:E"),INDIRECT(R$2&"!"&"C:C"),0)} -> 0 | S15: {=_xlfn.XLOOKUP($D15,INDIRECT(S$2&"!"&"E:E"),INDIRECT(S$2&"!"&"C:C"),0)} -> 0 | T15: {=_xlfn.XLOOKUP($D15,INDIRECT(T$2&"!"&"E:E"),INDIRECT(T$2&"!"&"C:C"),0)} -> 0 | U15: {=_xlfn.XLOOKUP($D15,INDIRECT(U$2&"!"&"E:E"),INDIRECT(U$2&"!"&"C:C"),0)} -> 0 | V15: {=_xlfn.XLOOKUP($D15,INDIRECT(V$2&"!"&"E:E"),INDIRECT(V$2&"!"&"C:C"),0)} -> 0 | W15: {=_xlfn.XLOOKUP($D15,INDIRECT(W$2&"!"&"E:E"),INDIRECT(W$2&"!"&"C:C"),0)} -> 0 | X15: {=_xlfn.XLOOKUP($D15,INDIRECT(X$2&"!"&"E:E"),INDIRECT(X$2&"!"&"C:C"),0)} -> 0 | Y15: {=_xlfn.XLOOKUP($D15,INDIRECT(Y$2&"!"&"E:E"),INDIRECT(Y$2&"!"&"C:C"),0)} -> 0 | ... AR15: {=_xlfn.XLOOKUP($D15,INDIRECT(AR$2&"!"&"E:E"),INDIRECT(AR$2&"!"&"C:C"),0)} -> 0 | AS15: =SUM(R15:AR15) -> 0 | AT15: =Q15+AS15 -> 20 | AU15: Приемка, маркировка (1 этикетка), короб, отгрузка. | AX15: =AT15 -> 20 | AY15: * | BE15: * | BF15: * | BG15: =SUMIF(AY15:BF15,"*",$AY$2:$BF$2)+BC15 -> 14 | BH15: =AT15*BG15 -> 280 | BJ15: =BH15+AT15*BI15 -> 280
C16: Мячик черный 6 см в пакете ОPP - 1 шт. | D16: 2043369663040 | E16: =_xlfn.XLOOKUP($D16,[1]Сводный!$E:$E,[1]Сводный!BR:BR,0) -> 50 | F16: =_xlfn.XLOOKUP($D16,[1]Сводный!$E:$E,[1]Сводный!BS:BS,0) -> 0 | G16: =_xlfn.XLOOKUP($D16,[1]Сводный!$E:$E,[1]Сводный!BT:BT,0) -> 0 | H16: =_xlfn.XLOOKUP($D16,[1]Сводный!$E:$E,[1]Сводный!BU:BU,0) -> 0 | I16: =_xlfn.XLOOKUP($D16,[1]Сводный!$E:$E,[1]Сводный!BV:BV,0) -> 0 | J16: =_xlfn.XLOOKUP($D16,[1]Сводный!$E:$E,[1]Сводный!BW:BW,0) -> 50 | K16: =_xlfn.XLOOKUP($D16,[1]Сводный!$E:$E,[1]Сводный!BX:BX,0) -> 0 | L16: =_xlfn.XLOOKUP($D16,[1]Сводный!$E:$E,[1]Сводный!BY:BY,0) -> 50 | M16: =_xlfn.XLOOKUP($D16,[1]Сводный!$E:$E,[1]Сводный!BZ:BZ,0) -> 0 | N16: =_xlfn.XLOOKUP($D16,[1]Сводный!$E:$E,[1]Сводный!CA:CA,0) -> 50 | O16: =_xlfn.XLOOKUP($D16,[1]Сводный!$E:$E,[1]Сводный!CB:CB,0) -> 50 | P16: =_xlfn.XLOOKUP($D16,[1]Сводный!$E:$E,[1]Сводный!CC:CC,0) -> 0 | Q16: =SUM(E16:P16) -> 250 | R16: {=_xlfn.XLOOKUP($D16,INDIRECT(R$2&"!"&"E:E"),INDIRECT(R$2&"!"&"C:C"),0)} -> 0 | S16: {=_xlfn.XLOOKUP($D16,INDIRECT(S$2&"!"&"E:E"),INDIRECT(S$2&"!"&"C:C"),0)} -> 0 | T16: {=_xlfn.XLOOKUP($D16,INDIRECT(T$2&"!"&"E:E"),INDIRECT(T$2&"!"&"C:C"),0)} -> 0 | U16: {=_xlfn.XLOOKUP($D16,INDIRECT(U$2&"!"&"E:E"),INDIRECT(U$2&"!"&"C:C"),0)} -> 0 | V16: {=_xlfn.XLOOKUP($D16,INDIRECT(V$2&"!"&"E:E"),INDIRECT(V$2&"!"&"C:C"),0)} -> 0 | W16: {=_xlfn.XLOOKUP($D16,INDIRECT(W$2&"!"&"E:E"),INDIRECT(W$2&"!"&"C:C"),0)} -> 0 | X16: {=_xlfn.XLOOKUP($D16,INDIRECT(X$2&"!"&"E:E"),INDIRECT(X$2&"!"&"C:C"),0)} -> 0 | Y16: {=_xlfn.XLOOKUP($D16,INDIRECT(Y$2&"!"&"E:E"),INDIRECT(Y$2&"!"&"C:C"),0)} -> 0 | ... AR16: {=_xlfn.XLOOKUP($D16,INDIRECT(AR$2&"!"&"E:E"),INDIRECT(AR$2&"!"&"C:C"),0)} -> 0 | AS16: =SUM(R16:AR16) -> 0 | AT16: =Q16+AS16 -> 250 | AU16: Приемка, маркировка (1 этикетка), короб, отгрузка. | AX16: =AT16 -> 250 | AY16: * | BE16: * | BF16: * | BG16: =SUMIF(AY16:BF16,"*",$AY$2:$BF$2)+BC16 -> 14 | BH16: =AT16*BG16 -> 3500 | BJ16: =BH16+AT16*BI16 -> 3500
A17: Мячик с шипами 7 см | C17: Мячик белый 7 см в пакете ОPP - 1 шт. | D17: 2044025326637 | E17: =_xlfn.XLOOKUP($D17,[1]Сводный!$E:$E,[1]Сводный!BR:BR,0) -> 100 | F17: =_xlfn.XLOOKUP($D17,[1]Сводный!$E:$E,[1]Сводный!BS:BS,0) -> 0 | G17: =_xlfn.XLOOKUP($D17,[1]Сводный!$E:$E,[1]Сводный!BT:BT,0) -> 0 | H17: =_xlfn.XLOOKUP($D17,[1]Сводный!$E:$E,[1]Сводный!BU:BU,0) -> 0 | I17: =_xlfn.XLOOKUP($D17,[1]Сводный!$E:$E,[1]Сводный!BV:BV,0) -> 0 | J17: =_xlfn.XLOOKUP($D17,[1]Сводный!$E:$E,[1]Сводный!BW:BW,0) -> 50 | K17: =_xlfn.XLOOKUP($D17,[1]Сводный!$E:$E,[1]Сводный!BX:BX,0) -> 0 | L17: =_xlfn.XLOOKUP($D17,[1]Сводный!$E:$E,[1]Сводный!BY:BY,0) -> 50 | M17: =_xlfn.XLOOKUP($D17,[1]Сводный!$E:$E,[1]Сводный!BZ:BZ,0) -> 0 | N17: =_xlfn.XLOOKUP($D17,[1]Сводный!$E:$E,[1]Сводный!CA:CA,0) -> 50 | O17: =_xlfn.XLOOKUP($D17,[1]Сводный!$E:$E,[1]Сводный!CB:CB,0) -> 50 | P17: =_xlfn.XLOOKUP($D17,[1]Сводный!$E:$E,[1]Сводный!CC:CC,0) -> 0 | Q17: =SUM(E17:P17) -> 300 | R17: {=_xlfn.XLOOKUP($D17,INDIRECT(R$2&"!"&"E:E"),INDIRECT(R$2&"!"&"C:C"),0)} -> 0 | S17: {=_xlfn.XLOOKUP($D17,INDIRECT(S$2&"!"&"E:E"),INDIRECT(S$2&"!"&"C:C"),0)} -> 0 | T17: {=_xlfn.XLOOKUP($D17,INDIRECT(T$2&"!"&"E:E"),INDIRECT(T$2&"!"&"C:C"),0)} -> 0 | U17: {=_xlfn.XLOOKUP($D17,INDIRECT(U$2&"!"&"E:E"),INDIRECT(U$2&"!"&"C:C"),0)} -> 0 | V17: {=_xlfn.XLOOKUP($D17,INDIRECT(V$2&"!"&"E:E"),INDIRECT(V$2&"!"&"C:C"),0)} -> 0 | W17: {=_xlfn.XLOOKUP($D17,INDIRECT(W$2&"!"&"E:E"),INDIRECT(W$2&"!"&"C:C"),0)} -> 0 | X17: {=_xlfn.XLOOKUP($D17,INDIRECT(X$2&"!"&"E:E"),INDIRECT(X$2&"!"&"C:C"),0)} -> 0 | Y17: {=_xlfn.XLOOKUP($D17,INDIRECT(Y$2&"!"&"E:E"),INDIRECT(Y$2&"!"&"C:C"),0)} -> 0 | ... AR17: {=_xlfn.XLOOKUP($D17,INDIRECT(AR$2&"!"&"E:E"),INDIRECT(AR$2&"!"&"C:C"),0)} -> 0 | AS17: =SUM(R17:AR17) -> 0 | AT17: =Q17+AS17 -> 300 | AU17: Приемка, маркировка (1 этикетка), короб, отгрузка. | AV17: Мячик с шипами упакован в заводской БОРР пакет. Этикетку с ШК клеить прямо на пакет. Внимательно, чтоб штрих-код не сжимался. | AX17: =AT17 -> 300 | AY17: * | BE17: * | BF17: * | BG17: =SUMIF(AY17:BF17,"*",$AY$2:$BF$2)+BC17 -> 14 | BH17: =AT17*BG17 -> 4200 | BJ17: =BH17+AT17*BI17 -> 4200
C18: Мячик розовый 7 см в пакете ОPP - 1 шт. | D18: 2044025316447 | E18: =_xlfn.XLOOKUP($D18,[1]Сводный!$E:$E,[1]Сводный!BR:BR,0) -> 20 | F18: =_xlfn.XLOOKUP($D18,[1]Сводный!$E:$E,[1]Сводный!BS:BS,0) -> 0 | G18: =_xlfn.XLOOKUP($D18,[1]Сводный!$E:$E,[1]Сводный!BT:BT,0) -> 0 | H18: =_xlfn.XLOOKUP($D18,[1]Сводный!$E:$E,[1]Сводный!BU:BU,0) -> 0 | I18: =_xlfn.XLOOKUP($D18,[1]Сводный!$E:$E,[1]Сводный!BV:BV,0) -> 0 | J18: =_xlfn.XLOOKUP($D18,[1]Сводный!$E:$E,[1]Сводный!BW:BW,0) -> 0 | K18: =_xlfn.XLOOKUP($D18,[1]Сводный!$E:$E,[1]Сводный!BX:BX,0) -> 0 | L18: =_xlfn.XLOOKUP($D18,[1]Сводный!$E:$E,[1]Сводный!BY:BY,0) -> 20 | M18: =_xlfn.XLOOKUP($D18,[1]Сводный!$E:$E,[1]Сводный!BZ:BZ,0) -> 0 | N18: =_xlfn.XLOOKUP($D18,[1]Сводный!$E:$E,[1]Сводный!CA:CA,0) -> 0 | O18: =_xlfn.XLOOKUP($D18,[1]Сводный!$E:$E,[1]Сводный!CB:CB,0) -> 20 | P18: =_xlfn.XLOOKUP($D18,[1]Сводный!$E:$E,[1]Сводный!CC:CC,0) -> 0 | Q18: =SUM(E18:P18) -> 60 | R18: {=_xlfn.XLOOKUP($D18,INDIRECT(R$2&"!"&"E:E"),INDIRECT(R$2&"!"&"C:C"),0)} -> 0 | S18: {=_xlfn.XLOOKUP($D18,INDIRECT(S$2&"!"&"E:E"),INDIRECT(S$2&"!"&"C:C"),0)} -> 0 | T18: {=_xlfn.XLOOKUP($D18,INDIRECT(T$2&"!"&"E:E"),INDIRECT(T$2&"!"&"C:C"),0)} -> 0 | U18: {=_xlfn.XLOOKUP($D18,INDIRECT(U$2&"!"&"E:E"),INDIRECT(U$2&"!"&"C:C"),0)} -> 0 | V18: {=_xlfn.XLOOKUP($D18,INDIRECT(V$2&"!"&"E:E"),INDIRECT(V$2&"!"&"C:C"),0)} -> 0 | W18: {=_xlfn.XLOOKUP($D18,INDIRECT(W$2&"!"&"E:E"),INDIRECT(W$2&"!"&"C:C"),0)} -> 0 | X18: {=_xlfn.XLOOKUP($D18,INDIRECT(X$2&"!"&"E:E"),INDIRECT(X$2&"!"&"C:C"),0)} -> 0 | Y18: {=_xlfn.XLOOKUP($D18,INDIRECT(Y$2&"!"&"E:E"),INDIRECT(Y$2&"!"&"C:C"),0)} -> 0 | ... AR18: {=_xlfn.XLOOKUP($D18,INDIRECT(AR$2&"!"&"E:E"),INDIRECT(AR$2&"!"&"C:C"),0)} -> 0 | AS18: =SUM(R18:AR18) -> 0 | AT18: =Q18+AS18 -> 60 | AU18: Приемка, маркировка (1 этикетка), короб, отгрузка. | AX18: =AT18 -> 60 | AY18: * | BE18: * | BF18: * | BG18: =SUMIF(AY18:BF18,"*",$AY$2:$BF$2)+BC18 -> 14 | BH18: =AT18*BG18 -> 840 | BJ18: =BH18+AT18*BI18 -> 840
C19: Мячик голубой 7 см в пакете ОPP - 1 шт. | D19: 2044025338661 | E19: =_xlfn.XLOOKUP($D19,[1]Сводный!$E:$E,[1]Сводный!BR:BR,0) -> 0 | F19: =_xlfn.XLOOKUP($D19,[1]Сводный!$E:$E,[1]Сводный!BS:BS,0) -> 0 | G19: =_xlfn.XLOOKUP($D19,[1]Сводный!$E:$E,[1]Сводный!BT:BT,0) -> 0 | H19: =_xlfn.XLOOKUP($D19,[1]Сводный!$E:$E,[1]Сводный!BU:BU,0) -> 0 | I19: =_xlfn.XLOOKUP($D19,[1]Сводный!$E:$E,[1]Сводный!BV:BV,0) -> 0 | J19: =_xlfn.XLOOKUP($D19,[1]Сводный!$E:$E,[1]Сводный!BW:BW,0) -> 0 | K19: =_xlfn.XLOOKUP($D19,[1]Сводный!$E:$E,[1]Сводный!BX:BX,0) -> 0 | L19: =_xlfn.XLOOKUP($D19,[1]Сводный!$E:$E,[1]Сводный!BY:BY,0) -> 20 | M19: =_xlfn.XLOOKUP($D19,[1]Сводный!$E:$E,[1]Сводный!BZ:BZ,0) -> 0 | N19: =_xlfn.XLOOKUP($D19,[1]Сводный!$E:$E,[1]Сводный!CA:CA,0) -> 0 | O19: =_xlfn.XLOOKUP($D19,[1]Сводный!$E:$E,[1]Сводный!CB:CB,0) -> 20 | P19: =_xlfn.XLOOKUP($D19,[1]Сводный!$E:$E,[1]Сводный!CC:CC,0) -> 0 | Q19: =SUM(E19:P19) -> 40 | R19: {=_xlfn.XLOOKUP($D19,INDIRECT(R$2&"!"&"E:E"),INDIRECT(R$2&"!"&"C:C"),0)} -> 0 | S19: {=_xlfn.XLOOKUP($D19,INDIRECT(S$2&"!"&"E:E"),INDIRECT(S$2&"!"&"C:C"),0)} -> 0 | T19: {=_xlfn.XLOOKUP($D19,INDIRECT(T$2&"!"&"E:E"),INDIRECT(T$2&"!"&"C:C"),0)} -> 0 | U19: {=_xlfn.XLOOKUP($D19,INDIRECT(U$2&"!"&"E:E"),INDIRECT(U$2&"!"&"C:C"),0)} -> 0 | V19: {=_xlfn.XLOOKUP($D19,INDIRECT(V$2&"!"&"E:E"),INDIRECT(V$2&"!"&"C:C"),0)} -> 0 | W19: {=_xlfn.XLOOKUP($D19,INDIRECT(W$2&"!"&"E:E"),INDIRECT(W$2&"!"&"C:C"),0)} -> 0 | X19: {=_xlfn.XLOOKUP($D19,INDIRECT(X$2&"!"&"E:E"),INDIRECT(X$2&"!"&"C:C"),0)} -> 0 | Y19: {=_xlfn.XLOOKUP($D19,INDIRECT(Y$2&"!"&"E:E"),INDIRECT(Y$2&"!"&"C:C"),0)} -> 0 | ... AR19: {=_xlfn.XLOOKUP($D19,INDIRECT(AR$2&"!"&"E:E"),INDIRECT(AR$2&"!"&"C:C"),0)} -> 0 | AS19: =SUM(R19:AR19) -> 0 | AT19: =Q19+AS19 -> 40 | AU19: Приемка, маркировка (1 этикетка), короб, отгрузка. | AX19: =AT19 -> 40 | AY19: * | BE19: * | BF19: * | BG19: =SUMIF(AY19:BF19,"*",$AY$2:$BF$2)+BC19 -> 14 | BH19: =AT19*BG19 -> 560 | BJ19: =BH19+AT19*BI19 -> 560
C20: Мячик оранжевый 7 см в пакете ОPP - 1 шт. | D20: 2044025288003 | E20: =_xlfn.XLOOKUP($D20,[1]Сводный!$E:$E,[1]Сводный!BR:BR,0) -> 10 | F20: =_xlfn.XLOOKUP($D20,[1]Сводный!$E:$E,[1]Сводный!BS:BS,0) -> 0 | G20: =_xlfn.XLOOKUP($D20,[1]Сводный!$E:$E,[1]Сводный!BT:BT,0) -> 0 | H20: =_xlfn.XLOOKUP($D20,[1]Сводный!$E:$E,[1]Сводный!BU:BU,0) -> 0 | I20: =_xlfn.XLOOKUP($D20,[1]Сводный!$E:$E,[1]Сводный!BV:BV,0) -> 0 | J20: =_xlfn.XLOOKUP($D20,[1]Сводный!$E:$E,[1]Сводный!BW:BW,0) -> 0 | K20: =_xlfn.XLOOKUP($D20,[1]Сводный!$E:$E,[1]Сводный!BX:BX,0) -> 0 | L20: =_xlfn.XLOOKUP($D20,[1]Сводный!$E:$E,[1]Сводный!BY:BY,0) -> 10 | M20: =_xlfn.XLOOKUP($D20,[1]Сводный!$E:$E,[1]Сводный!BZ:BZ,0) -> 0 | N20: =_xlfn.XLOOKUP($D20,[1]Сводный!$E:$E,[1]Сводный!CA:CA,0) -> 0 | O20: =_xlfn.XLOOKUP($D20,[1]Сводный!$E:$E,[1]Сводный!CB:CB,0) -> 10 | P20: =_xlfn.XLOOKUP($D20,[1]Сводный!$E:$E,[1]Сводный!CC:CC,0) -> 0 | Q20: =SUM(E20:P20) -> 30 | R20: {=_xlfn.XLOOKUP($D20,INDIRECT(R$2&"!"&"E:E"),INDIRECT(R$2&"!"&"C:C"),0)} -> 0 | S20: {=_xlfn.XLOOKUP($D20,INDIRECT(S$2&"!"&"E:E"),INDIRECT(S$2&"!"&"C:C"),0)} -> 0 | T20: {=_xlfn.XLOOKUP($D20,INDIRECT(T$2&"!"&"E:E"),INDIRECT(T$2&"!"&"C:C"),0)} -> 0 | U20: {=_xlfn.XLOOKUP($D20,INDIRECT(U$2&"!"&"E:E"),INDIRECT(U$2&"!"&"C:C"),0)} -> 0 | V20: {=_xlfn.XLOOKUP($D20,INDIRECT(V$2&"!"&"E:E"),INDIRECT(V$2&"!"&"C:C"),0)} -> 0 | W20: {=_xlfn.XLOOKUP($D20,INDIRECT(W$2&"!"&"E:E"),INDIRECT(W$2&"!"&"C:C"),0)} -> 0 | X20: {=_xlfn.XLOOKUP($D20,INDIRECT(X$2&"!"&"E:E"),INDIRECT(X$2&"!"&"C:C"),0)} -> 0 | Y20: {=_xlfn.XLOOKUP($D20,INDIRECT(Y$2&"!"&"E:E"),INDIRECT(Y$2&"!"&"C:C"),0)} -> 0 | ... AR20: {=_xlfn.XLOOKUP($D20,INDIRECT(AR$2&"!"&"E:E"),INDIRECT(AR$2&"!"&"C:C"),0)} -> 0 | AS20: =SUM(R20:AR20) -> 0 | AT20: =Q20+AS20 -> 30 | AU20: Приемка, маркировка (1 этикетка), короб, отгрузка. | AX20: =AT20 -> 30 | AY20: * | BE20: * | BF20: * | BG20: =SUMIF(AY20:BF20,"*",$AY$2:$BF$2)+BC20 -> 14 | BH20: =AT20*BG20 -> 420 | BJ20: =BH20+AT20*BI20 -> 420
C21: Мячик черный 7 см в пакете ОPP - 1 шт. | D21: 2044025344532 | E21: =_xlfn.XLOOKUP($D21,[1]Сводный!$E:$E,[1]Сводный!BR:BR,0) -> 0 | F21: =_xlfn.XLOOKUP($D21,[1]Сводный!$E:$E,[1]Сводный!BS:BS,0) -> 0 | G21: =_xlfn.XLOOKUP($D21,[1]Сводный!$E:$E,[1]Сводный!BT:BT,0) -> 0 | H21: =_xlfn.XLOOKUP($D21,[1]Сводный!$E:$E,[1]Сводный!BU:BU,0) -> 0 | I21: =_xlfn.XLOOKUP($D21,[1]Сводный!$E:$E,[1]Сводный!BV:BV,0) -> 0 | J21: =_xlfn.XLOOKUP($D21,[1]Сводный!$E:$E,[1]Сводный!BW:BW,0) -> 0 | K21: =_xlfn.XLOOKUP($D21,[1]Сводный!$E:$E,[1]Сводный!BX:BX,0) -> 0 | L21: =_xlfn.XLOOKUP($D21,[1]Сводный!$E:$E,[1]Сводный!BY:BY,0) -> 10 | M21: =_xlfn.XLOOKUP($D21,[1]Сводный!$E:$E,[1]Сводный!BZ:BZ,0) -> 0 | N21: =_xlfn.XLOOKUP($D21,[1]Сводный!$E:$E,[1]Сводный!CA:CA,0) -> 0 | O21: =_xlfn.XLOOKUP($D21,[1]Сводный!$E:$E,[1]Сводный!CB:CB,0) -> 20 | P21: =_xlfn.XLOOKUP($D21,[1]Сводный!$E:$E,[1]Сводный!CC:CC,0) -> 0 | Q21: =SUM(E21:P21) -> 30 | R21: {=_xlfn.XLOOKUP($D21,INDIRECT(R$2&"!"&"E:E"),INDIRECT(R$2&"!"&"C:C"),0)} -> 0 | S21: {=_xlfn.XLOOKUP($D21,INDIRECT(S$2&"!"&"E:E"),INDIRECT(S$2&"!"&"C:C"),0)} -> 0 | T21: {=_xlfn.XLOOKUP($D21,INDIRECT(T$2&"!"&"E:E"),INDIRECT(T$2&"!"&"C:C"),0)} -> 0 | U21: {=_xlfn.XLOOKUP($D21,INDIRECT(U$2&"!"&"E:E"),INDIRECT(U$2&"!"&"C:C"),0)} -> 0 | V21: {=_xlfn.XLOOKUP($D21,INDIRECT(V$2&"!"&"E:E"),INDIRECT(V$2&"!"&"C:C"),0)} -> 0 | W21: {=_xlfn.XLOOKUP($D21,INDIRECT(W$2&"!"&"E:E"),INDIRECT(W$2&"!"&"C:C"),0)} -> 0 | X21: {=_xlfn.XLOOKUP($D21,INDIRECT(X$2&"!"&"E:E"),INDIRECT(X$2&"!"&"C:C"),0)} -> 0 | Y21: {=_xlfn.XLOOKUP($D21,INDIRECT(Y$2&"!"&"E:E"),INDIRECT(Y$2&"!"&"C:C"),0)} -> 0 | ... AR21: {=_xlfn.XLOOKUP($D21,INDIRECT(AR$2&"!"&"E:E"),INDIRECT(AR$2&"!"&"C:C"),0)} -> 0 | AS21: =SUM(R21:AR21) -> 0 | AT21: =Q21+AS21 -> 30 | AU21: Приемка, маркировка (1 этикетка), короб, отгрузка. | AX21: =AT21 -> 30 | AY21: * | BE21: * | BF21: * | BG21: =SUMIF(AY21:BF21,"*",$AY$2:$BF$2)+BC21 -> 14 | BH21: =AT21*BG21 -> 420 | BJ21: =BH21+AT21*BI21 -> 420
A22: Мячик с шипами 9 см | C22: Мячик розовый 9 см в пакете ОPP - 1 шт. | D22: 2044025321588 | E22: =_xlfn.XLOOKUP($D22,[1]Сводный!$E:$E,[1]Сводный!BR:BR,0) -> 30 | F22: =_xlfn.XLOOKUP($D22,[1]Сводный!$E:$E,[1]Сводный!BS:BS,0) -> 0 | G22: =_xlfn.XLOOKUP($D22,[1]Сводный!$E:$E,[1]Сводный!BT:BT,0) -> 0 | H22: =_xlfn.XLOOKUP($D22,[1]Сводный!$E:$E,[1]Сводный!BU:BU,0) -> 0 | I22: =_xlfn.XLOOKUP($D22,[1]Сводный!$E:$E,[1]Сводный!BV:BV,0) -> 0 | J22: =_xlfn.XLOOKUP($D22,[1]Сводный!$E:$E,[1]Сводный!BW:BW,0) -> 30 | K22: =_xlfn.XLOOKUP($D22,[1]Сводный!$E:$E,[1]Сводный!BX:BX,0) -> 0 | L22: =_xlfn.XLOOKUP($D22,[1]Сводный!$E:$E,[1]Сводный!BY:BY,0) -> 30 | M22: =_xlfn.XLOOKUP($D22,[1]Сводный!$E:$E,[1]Сводный!BZ:BZ,0) -> 0 | N22: =_xlfn.XLOOKUP($D22,[1]Сводный!$E:$E,[1]Сводный!CA:CA,0) -> 30 | O22: =_xlfn.XLOOKUP($D22,[1]Сводный!$E:$E,[1]Сводный!CB:CB,0) -> 30 | P22: =_xlfn.XLOOKUP($D22,[1]Сводный!$E:$E,[1]Сводный!CC:CC,0) -> 0 | Q22: =SUM(E22:P22) -> 150 | R22: {=_xlfn.XLOOKUP($D22,INDIRECT(R$2&"!"&"E:E"),INDIRECT(R$2&"!"&"C:C"),0)} -> 0 | S22: {=_xlfn.XLOOKUP($D22,INDIRECT(S$2&"!"&"E:E"),INDIRECT(S$2&"!"&"C:C"),0)} -> 0 | T22: {=_xlfn.XLOOKUP($D22,INDIRECT(T$2&"!"&"E:E"),INDIRECT(T$2&"!"&"C:C"),0)} -> 0 | U22: {=_xlfn.XLOOKUP($D22,INDIRECT(U$2&"!"&"E:E"),INDIRECT(U$2&"!"&"C:C"),0)} -> 0 | V22: {=_xlfn.XLOOKUP($D22,INDIRECT(V$2&"!"&"E:E"),INDIRECT(V$2&"!"&"C:C"),0)} -> 0 | W22: {=_xlfn.XLOOKUP($D22,INDIRECT(W$2&"!"&"E:E"),INDIRECT(W$2&"!"&"C:C"),0)} -> 0 | X22: {=_xlfn.XLOOKUP($D22,INDIRECT(X$2&"!"&"E:E"),INDIRECT(X$2&"!"&"C:C"),0)} -> 0 | Y22: {=_xlfn.XLOOKUP($D22,INDIRECT(Y$2&"!"&"E:E"),INDIRECT(Y$2&"!"&"C:C"),0)} -> 0 | ... AR22: {=_xlfn.XLOOKUP($D22,INDIRECT(AR$2&"!"&"E:E"),INDIRECT(AR$2&"!"&"C:C"),0)} -> 0 | AS22: =SUM(R22:AR22) -> 0 | AT22: =Q22+AS22 -> 150 | AU22: Приемка, маркировка (1 этикетка), короб, отгрузка. | AV22: Мячик с шипами упакован в заводской ОРР пакет. Этикетку с ШК клеить прямо на пакет. Внимательно, чтоб штрих-код не сжимался. | AX22: =AT22 -> 150 | AY22: * | BE22: * | BF22: * | BG22: =SUMIF(AY22:BF22,"*",$AY$2:$BF$2)+BC22 -> 14 | BH22: =AT22*BG22 -> 2100 | BJ22: =BH22+AT22*BI22 -> 2100
C23: Мячик голубой 9 см в пакете ОPP - 1 шт. | D23: 2044025342057 | E23: =_xlfn.XLOOKUP($D23,[1]Сводный!$E:$E,[1]Сводный!BR:BR,0) -> 0 | F23: =_xlfn.XLOOKUP($D23,[1]Сводный!$E:$E,[1]Сводный!BS:BS,0) -> 0 | G23: =_xlfn.XLOOKUP($D23,[1]Сводный!$E:$E,[1]Сводный!BT:BT,0) -> 0 | H23: =_xlfn.XLOOKUP($D23,[1]Сводный!$E:$E,[1]Сводный!BU:BU,0) -> 0 | I23: =_xlfn.XLOOKUP($D23,[1]Сводный!$E:$E,[1]Сводный!BV:BV,0) -> 0 | J23: =_xlfn.XLOOKUP($D23,[1]Сводный!$E:$E,[1]Сводный!BW:BW,0) -> 0 | K23: =_xlfn.XLOOKUP($D23,[1]Сводный!$E:$E,[1]Сводный!BX:BX,0) -> 0 | L23: =_xlfn.XLOOKUP($D23,[1]Сводный!$E:$E,[1]Сводный!BY:BY,0) -> 20 | M23: =_xlfn.XLOOKUP($D23,[1]Сводный!$E:$E,[1]Сводный!BZ:BZ,0) -> 0 | N23: =_xlfn.XLOOKUP($D23,[1]Сводный!$E:$E,[1]Сводный!CA:CA,0) -> 0 | O23: =_xlfn.XLOOKUP($D23,[1]Сводный!$E:$E,[1]Сводный!CB:CB,0) -> 20 | P23: =_xlfn.XLOOKUP($D23,[1]Сводный!$E:$E,[1]Сводный!CC:CC,0) -> 0 | Q23: =SUM(E23:P23) -> 40 | R23: {=_xlfn.XLOOKUP($D23,INDIRECT(R$2&"!"&"E:E"),INDIRECT(R$2&"!"&"C:C"),0)} -> 0 | S23: {=_xlfn.XLOOKUP($D23,INDIRECT(S$2&"!"&"E:E"),INDIRECT(S$2&"!"&"C:C"),0)} -> 0 | T23: {=_xlfn.XLOOKUP($D23,INDIRECT(T$2&"!"&"E:E"),INDIRECT(T$2&"!"&"C:C"),0)} -> 0 | U23: {=_xlfn.XLOOKUP($D23,INDIRECT(U$2&"!"&"E:E"),INDIRECT(U$2&"!"&"C:C"),0)} -> 0 | V23: {=_xlfn.XLOOKUP($D23,INDIRECT(V$2&"!"&"E:E"),INDIRECT(V$2&"!"&"C:C"),0)} -> 0 | W23: {=_xlfn.XLOOKUP($D23,INDIRECT(W$2&"!"&"E:E"),INDIRECT(W$2&"!"&"C:C"),0)} -> 0 | X23: {=_xlfn.XLOOKUP($D23,INDIRECT(X$2&"!"&"E:E"),INDIRECT(X$2&"!"&"C:C"),0)} -> 0 | Y23: {=_xlfn.XLOOKUP($D23,INDIRECT(Y$2&"!"&"E:E"),INDIRECT(Y$2&"!"&"C:C"),0)} -> 0 | ... AR23: {=_xlfn.XLOOKUP($D23,INDIRECT(AR$2&"!"&"E:E"),INDIRECT(AR$2&"!"&"C:C"),0)} -> 0 | AS23: =SUM(R23:AR23) -> 0 | AT23: =Q23+AS23 -> 40 | AU23: Приемка, маркировка (1 этикетка), короб, отгрузка. | AX23: =AT23 -> 40 | AY23: * | BE23: * | BF23: * | BG23: =SUMIF(AY23:BF23,"*",$AY$2:$BF$2)+BC23 -> 14 | BH23: =AT23*BG23 -> 560 | BJ23: =BH23+AT23*BI23 -> 560
C24: Мячик оранжевый 9 см в пакете ОPP - 1 шт. | D24: 2044025291485 | E24: =_xlfn.XLOOKUP($D24,[1]Сводный!$E:$E,[1]Сводный!BR:BR,0) -> 20 | F24: =_xlfn.XLOOKUP($D24,[1]Сводный!$E:$E,[1]Сводный!BS:BS,0) -> 0 | G24: =_xlfn.XLOOKUP($D24,[1]Сводный!$E:$E,[1]Сводный!BT:BT,0) -> 0 | H24: =_xlfn.XLOOKUP($D24,[1]Сводный!$E:$E,[1]Сводный!BU:BU,0) -> 0 | I24: =_xlfn.XLOOKUP($D24,[1]Сводный!$E:$E,[1]Сводный!BV:BV,0) -> 0 | J24: =_xlfn.XLOOKUP($D24,[1]Сводный!$E:$E,[1]Сводный!BW:BW,0) -> 20 | K24: =_xlfn.XLOOKUP($D24,[1]Сводный!$E:$E,[1]Сводный!BX:BX,0) -> 0 | L24: =_xlfn.XLOOKUP($D24,[1]Сводный!$E:$E,[1]Сводный!BY:BY,0) -> 20 | M24: =_xlfn.XLOOKUP($D24,[1]Сводный!$E:$E,[1]Сводный!BZ:BZ,0) -> 0 | N24: =_xlfn.XLOOKUP($D24,[1]Сводный!$E:$E,[1]Сводный!CA:CA,0) -> 20 | O24: =_xlfn.XLOOKUP($D24,[1]Сводный!$E:$E,[1]Сводный!CB:CB,0) -> 20 | P24: =_xlfn.XLOOKUP($D24,[1]Сводный!$E:$E,[1]Сводный!CC:CC,0) -> 0 | Q24: =SUM(E24:P24) -> 100 | R24: {=_xlfn.XLOOKUP($D24,INDIRECT(R$2&"!"&"E:E"),INDIRECT(R$2&"!"&"C:C"),0)} -> 0 | S24: {=_xlfn.XLOOKUP($D24,INDIRECT(S$2&"!"&"E:E"),INDIRECT(S$2&"!"&"C:C"),0)} -> 0 | T24: {=_xlfn.XLOOKUP($D24,INDIRECT(T$2&"!"&"E:E"),INDIRECT(T$2&"!"&"C:C"),0)} -> 0 | U24: {=_xlfn.XLOOKUP($D24,INDIRECT(U$2&"!"&"E:E"),INDIRECT(U$2&"!"&"C:C"),0)} -> 0 | V24: {=_xlfn.XLOOKUP($D24,INDIRECT(V$2&"!"&"E:E"),INDIRECT(V$2&"!"&"C:C"),0)} -> 0 | W24: {=_xlfn.XLOOKUP($D24,INDIRECT(W$2&"!"&"E:E"),INDIRECT(W$2&"!"&"C:C"),0)} -> 0 | X24: {=_xlfn.XLOOKUP($D24,INDIRECT(X$2&"!"&"E:E"),INDIRECT(X$2&"!"&"C:C"),0)} -> 0 | Y24: {=_xlfn.XLOOKUP($D24,INDIRECT(Y$2&"!"&"E:E"),INDIRECT(Y$2&"!"&"C:C"),0)} -> 0 | ... AR24: {=_xlfn.XLOOKUP($D24,INDIRECT(AR$2&"!"&"E:E"),INDIRECT(AR$2&"!"&"C:C"),0)} -> 0 | AS24: =SUM(R24:AR24) -> 0 | AT24: =Q24+AS24 -> 100 | AU24: Приемка, маркировка (1 этикетка), короб, отгрузка. | AX24: =AT24 -> 100 | AY24: * | BE24: * | BF24: * | BG24: =SUMIF(AY24:BF24,"*",$AY$2:$BF$2)+BC24 -> 14 | BH24: =AT24*BG24 -> 1400 | BJ24: =BH24+AT24*BI24 -> 1400
C25: Мячик фиолетовый 9 см в пакете ОPP - 1 шт. | D25: 2044025354937 | E25: =_xlfn.XLOOKUP($D25,[1]Сводный!$E:$E,[1]Сводный!BR:BR,0) -> 25 | F25: =_xlfn.XLOOKUP($D25,[1]Сводный!$E:$E,[1]Сводный!BS:BS,0) -> 0 | G25: =_xlfn.XLOOKUP($D25,[1]Сводный!$E:$E,[1]Сводный!BT:BT,0) -> 0 | H25: =_xlfn.XLOOKUP($D25,[1]Сводный!$E:$E,[1]Сводный!BU:BU,0) -> 0 | I25: =_xlfn.XLOOKUP($D25,[1]Сводный!$E:$E,[1]Сводный!BV:BV,0) -> 0 | J25: =_xlfn.XLOOKUP($D25,[1]Сводный!$E:$E,[1]Сводный!BW:BW,0) -> 0 | K25: =_xlfn.XLOOKUP($D25,[1]Сводный!$E:$E,[1]Сводный!BX:BX,0) -> 0 | L25: =_xlfn.XLOOKUP($D25,[1]Сводный!$E:$E,[1]Сводный!BY:BY,0) -> 20 | M25: =_xlfn.XLOOKUP($D25,[1]Сводный!$E:$E,[1]Сводный!BZ:BZ,0) -> 0 | N25: =_xlfn.XLOOKUP($D25,[1]Сводный!$E:$E,[1]Сводный!CA:CA,0) -> 15 | O25: =_xlfn.XLOOKUP($D25,[1]Сводный!$E:$E,[1]Сводный!CB:CB,0) -> 20 | P25: =_xlfn.XLOOKUP($D25,[1]Сводный!$E:$E,[1]Сводный!CC:CC,0) -> 0 | Q25: =SUM(E25:P25) -> 80 | R25: {=_xlfn.XLOOKUP($D25,INDIRECT(R$2&"!"&"E:E"),INDIRECT(R$2&"!"&"C:C"),0)} -> 0 | S25: {=_xlfn.XLOOKUP($D25,INDIRECT(S$2&"!"&"E:E"),INDIRECT(S$2&"!"&"C:C"),0)} -> 0 | T25: {=_xlfn.XLOOKUP($D25,INDIRECT(T$2&"!"&"E:E"),INDIRECT(T$2&"!"&"C:C"),0)} -> 0 | U25: {=_xlfn.XLOOKUP($D25,INDIRECT(U$2&"!"&"E:E"),INDIRECT(U$2&"!"&"C:C"),0)} -> 0 | V25: {=_xlfn.XLOOKUP($D25,INDIRECT(V$2&"!"&"E:E"),INDIRECT(V$2&"!"&"C:C"),0)} -> 0 | W25: {=_xlfn.XLOOKUP($D25,INDIRECT(W$2&"!"&"E:E"),INDIRECT(W$2&"!"&"C:C"),0)} -> 0 | X25: {=_xlfn.XLOOKUP($D25,INDIRECT(X$2&"!"&"E:E"),INDIRECT(X$2&"!"&"C:C"),0)} -> 0 | Y25: {=_xlfn.XLOOKUP($D25,INDIRECT(Y$2&"!"&"E:E"),INDIRECT(Y$2&"!"&"C:C"),0)} -> 0 | ... AR25: {=_xlfn.XLOOKUP($D25,INDIRECT(AR$2&"!"&"E:E"),INDIRECT(AR$2&"!"&"C:C"),0)} -> 0 | AS25: =SUM(R25:AR25) -> 0 | AT25: =Q25+AS25 -> 80 | AU25: Приемка, маркировка (1 этикетка), короб, отгрузка. | AX25: =AT25 -> 80 | AY25: * | BE25: * | BF25: * | BG25: =SUMIF(AY25:BF25,"*",$AY$2:$BF$2)+BC25 -> 14 | BH25: =AT25*BG25 -> 1120 | BJ25: =BH25+AT25*BI25 -> 1120
C26: Мячик черный 9 см в пакете ОPP - 1 шт. | D26: 2044025347953 | E26: =_xlfn.XLOOKUP($D26,[1]Сводный!$E:$E,[1]Сводный!BR:BR,0) -> 10 | F26: =_xlfn.XLOOKUP($D26,[1]Сводный!$E:$E,[1]Сводный!BS:BS,0) -> 0 | G26: =_xlfn.XLOOKUP($D26,[1]Сводный!$E:$E,[1]Сводный!BT:BT,0) -> 0 | H26: =_xlfn.XLOOKUP($D26,[1]Сводный!$E:$E,[1]Сводный!BU:BU,0) -> 0 | I26: =_xlfn.XLOOKUP($D26,[1]Сводный!$E:$E,[1]Сводный!BV:BV,0) -> 0 | J26: =_xlfn.XLOOKUP($D26,[1]Сводный!$E:$E,[1]Сводный!BW:BW,0) -> 0 | K26: =_xlfn.XLOOKUP($D26,[1]Сводный!$E:$E,[1]Сводный!BX:BX,0) -> 0 | L26: =_xlfn.XLOOKUP($D26,[1]Сводный!$E:$E,[1]Сводный!BY:BY,0) -> 0 | M26: =_xlfn.XLOOKUP($D26,[1]Сводный!$E:$E,[1]Сводный!BZ:BZ,0) -> 0 | N26: =_xlfn.XLOOKUP($D26,[1]Сводный!$E:$E,[1]Сводный!CA:CA,0) -> 0 | O26: =_xlfn.XLOOKUP($D26,[1]Сводный!$E:$E,[1]Сводный!CB:CB,0) -> 20 | P26: =_xlfn.XLOOKUP($D26,[1]Сводный!$E:$E,[1]Сводный!CC:CC,0) -> 0 | Q26: =SUM(E26:P26) -> 30 | R26: {=_xlfn.XLOOKUP($D26,INDIRECT(R$2&"!"&"E:E"),INDIRECT(R$2&"!"&"C:C"),0)} -> 0 | S26: {=_xlfn.XLOOKUP($D26,INDIRECT(S$2&"!"&"E:E"),INDIRECT(S$2&"!"&"C:C"),0)} -> 0 | T26: {=_xlfn.XLOOKUP($D26,INDIRECT(T$2&"!"&"E:E"),INDIRECT(T$2&"!"&"C:C"),0)} -> 0 | U26: {=_xlfn.XLOOKUP($D26,INDIRECT(U$2&"!"&"E:E"),INDIRECT(U$2&"!"&"C:C"),0)} -> 0 | V26: {=_xlfn.XLOOKUP($D26,INDIRECT(V$2&"!"&"E:E"),INDIRECT(V$2&"!"&"C:C"),0)} -> 0 | W26: {=_xlfn.XLOOKUP($D26,INDIRECT(W$2&"!"&"E:E"),INDIRECT(W$2&"!"&"C:C"),0)} -> 0 | X26: {=_xlfn.XLOOKUP($D26,INDIRECT(X$2&"!"&"E:E"),INDIRECT(X$2&"!"&"C:C"),0)} -> 0 | Y26: {=_xlfn.XLOOKUP($D26,INDIRECT(Y$2&"!"&"E:E"),INDIRECT(Y$2&"!"&"C:C"),0)} -> 0 | ... AR26: {=_xlfn.XLOOKUP($D26,INDIRECT(AR$2&"!"&"E:E"),INDIRECT(AR$2&"!"&"C:C"),0)} -> 0 | AS26: =SUM(R26:AR26) -> 0 | AT26: =Q26+AS26 -> 30 | AU26: Приемка, маркировка (1 этикетка), короб, отгрузка. | AX26: =AT26 -> 30 | AY26: * | BE26: * | BF26: * | BG26: =SUMIF(AY26:BF26,"*",$AY$2:$BF$2)+BC26 -> 14 | BH26: =AT26*BG26 -> 420 | BJ26: =BH26+AT26*BI26 -> 420
A27: Мячик гладкий | C27: Мяч гладкий розовый | D27: 2042985583893 | E27: =_xlfn.XLOOKUP($D27,[1]Сводный!$E:$E,[1]Сводный!BR:BR,0) -> 0 | F27: =_xlfn.XLOOKUP($D27,[1]Сводный!$E:$E,[1]Сводный!BS:BS,0) -> 0 | G27: =_xlfn.XLOOKUP($D27,[1]Сводный!$E:$E,[1]Сводный!BT:BT,0) -> 0 | H27: =_xlfn.XLOOKUP($D27,[1]Сводный!$E:$E,[1]Сводный!BU:BU,0) -> 0 | I27: =_xlfn.XLOOKUP($D27,[1]Сводный!$E:$E,[1]Сводный!BV:BV,0) -> 0 | J27: =_xlfn.XLOOKUP($D27,[1]Сводный!$E:$E,[1]Сводный!BW:BW,0) -> 0 | K27: =_xlfn.XLOOKUP($D27,[1]Сводный!$E:$E,[1]Сводный!BX:BX,0) -> 0 | L27: =_xlfn.XLOOKUP($D27,[1]Сводный!$E:$E,[1]Сводный!BY:BY,0) -> 0 | M27: =_xlfn.XLOOKUP($D27,[1]Сводный!$E:$E,[1]Сводный!BZ:BZ,0) -> 0 | N27: =_xlfn.XLOOKUP($D27,[1]Сводный!$E:$E,[1]Сводный!CA:CA,0) -> 0 | O27: =_xlfn.XLOOKUP($D27,[1]Сводный!$E:$E,[1]Сводный!CB:CB,0) -> 0 | P27: =_xlfn.XLOOKUP($D27,[1]Сводный!$E:$E,[1]Сводный!CC:CC,0) -> 0 | Q27: =SUM(E27:P27) -> 0 | R27: {=_xlfn.XLOOKUP($D27,INDIRECT(R$2&"!"&"E:E"),INDIRECT(R$2&"!"&"C:C"),0)} -> 0 | S27: {=_xlfn.XLOOKUP($D27,INDIRECT(S$2&"!"&"E:E"),INDIRECT(S$2&"!"&"C:C"),0)} -> 0 | T27: {=_xlfn.XLOOKUP($D27,INDIRECT(T$2&"!"&"E:E"),INDIRECT(T$2&"!"&"C:C"),0)} -> 0 | U27: {=_xlfn.XLOOKUP($D27,INDIRECT(U$2&"!"&"E:E"),INDIRECT(U$2&"!"&"C:C"),0)} -> 0 | V27: {=_xlfn.XLOOKUP($D27,INDIRECT(V$2&"!"&"E:E"),INDIRECT(V$2&"!"&"C:C"),0)} -> 0 | W27: {=_xlfn.XLOOKUP($D27,INDIRECT(W$2&"!"&"E:E"),INDIRECT(W$2&"!"&"C:C"),0)} -> 0 | X27: {=_xlfn.XLOOKUP($D27,INDIRECT(X$2&"!"&"E:E"),INDIRECT(X$2&"!"&"C:C"),0)} -> 0 | Y27: {=_xlfn.XLOOKUP($D27,INDIRECT(Y$2&"!"&"E:E"),INDIRECT(Y$2&"!"&"C:C"),0)} -> 0 | ... AR27: {=_xlfn.XLOOKUP($D27,INDIRECT(AR$2&"!"&"E:E"),INDIRECT(AR$2&"!"&"C:C"),0)} -> 0 | AS27: =SUM(R27:AR27) -> 0 | AT27: =Q27+AS27 -> 0 | AU27: Приемка, короб, отгрузка. | AV27: Мячик с шипами упакован в заводской БОРР пакет. Этикетку с ШК клеить прямо на пакет. Внимательно, чтоб штрих-код не сжимался. | AX27: =AT27 -> 0 | AY27: * | BF27: * | BG27: =SUMIF(AY27:BF27,"*",$AY$2:$BF$2)+BC27 -> 8 | BH27: =AT27*BG27 -> 0 | BJ27: =BH27+AT27*BI27 -> 0
C28: Мяч гладкий голубой | D28: 2042986356632 | E28: =_xlfn.XLOOKUP($D28,[1]Сводный!$E:$E,[1]Сводный!BR:BR,0) -> 0 | F28: =_xlfn.XLOOKUP($D28,[1]Сводный!$E:$E,[1]Сводный!BS:BS,0) -> 0 | G28: =_xlfn.XLOOKUP($D28,[1]Сводный!$E:$E,[1]Сводный!BT:BT,0) -> 0 | H28: =_xlfn.XLOOKUP($D28,[1]Сводный!$E:$E,[1]Сводный!BU:BU,0) -> 0 | I28: =_xlfn.XLOOKUP($D28,[1]Сводный!$E:$E,[1]Сводный!BV:BV,0) -> 0 | J28: =_xlfn.XLOOKUP($D28,[1]Сводный!$E:$E,[1]Сводный!BW:BW,0) -> 0 | K28: =_xlfn.XLOOKUP($D28,[1]Сводный!$E:$E,[1]Сводный!BX:BX,0) -> 0 | L28: =_xlfn.XLOOKUP($D28,[1]Сводный!$E:$E,[1]Сводный!BY:BY,0) -> 0 | M28: =_xlfn.XLOOKUP($D28,[1]Сводный!$E:$E,[1]Сводный!BZ:BZ,0) -> 0 | N28: =_xlfn.XLOOKUP($D28,[1]Сводный!$E:$E,[1]Сводный!CA:CA,0) -> 0 | O28: =_xlfn.XLOOKUP($D28,[1]Сводный!$E:$E,[1]Сводный!CB:CB,0) -> 0 | P28: =_xlfn.XLOOKUP($D28,[1]Сводный!$E:$E,[1]Сводный!CC:CC,0) -> 0 | Q28: =SUM(E28:P28) -> 0 | R28: {=_xlfn.XLOOKUP($D28,INDIRECT(R$2&"!"&"E:E"),INDIRECT(R$2&"!"&"C:C"),0)} -> 0 | S28: {=_xlfn.XLOOKUP($D28,INDIRECT(S$2&"!"&"E:E"),INDIRECT(S$2&"!"&"C:C"),0)} -> 0 | T28: {=_xlfn.XLOOKUP($D28,INDIRECT(T$2&"!"&"E:E"),INDIRECT(T$2&"!"&"C:C"),0)} -> 0 | U28: {=_xlfn.XLOOKUP($D28,INDIRECT(U$2&"!"&"E:E"),INDIRECT(U$2&"!"&"C:C"),0)} -> 0 | V28: {=_xlfn.XLOOKUP($D28,INDIRECT(V$2&"!"&"E:E"),INDIRECT(V$2&"!"&"C:C"),0)} -> 0 | W28: {=_xlfn.XLOOKUP($D28,INDIRECT(W$2&"!"&"E:E"),INDIRECT(W$2&"!"&"C:C"),0)} -> 0 | X28: {=_xlfn.XLOOKUP($D28,INDIRECT(X$2&"!"&"E:E"),INDIRECT(X$2&"!"&"C:C"),0)} -> 0 | Y28: {=_xlfn.XLOOKUP($D28,INDIRECT(Y$2&"!"&"E:E"),INDIRECT(Y$2&"!"&"C:C"),0)} -> 0 | ... AR28: {=_xlfn.XLOOKUP($D28,INDIRECT(AR$2&"!"&"E:E"),INDIRECT(AR$2&"!"&"C:C"),0)} -> 0 | AS28: =SUM(R28:AR28) -> 0 | AT28: =Q28+AS28 -> 0 | AU28: Приемка, короб, отгрузка. | AX28: =AT28 -> 0 | AY28: * | BF28: * | BG28: =SUMIF(AY28:BF28,"*",$AY$2:$BF$2)+BC28 -> 8 | BH28: =AT28*BG28 -> 0 | BJ28: =BH28+AT28*BI28 -> 0
C29: Мяч гладкий сиреневый | D29: 2042986372359 | E29: =_xlfn.XLOOKUP($D29,[1]Сводный!$E:$E,[1]Сводный!BR:BR,0) -> 0 | F29: =_xlfn.XLOOKUP($D29,[1]Сводный!$E:$E,[1]Сводный!BS:BS,0) -> 0 | G29: =_xlfn.XLOOKUP($D29,[1]Сводный!$E:$E,[1]Сводный!BT:BT,0) -> 0 | H29: =_xlfn.XLOOKUP($D29,[1]Сводный!$E:$E,[1]Сводный!BU:BU,0) -> 0 | I29: =_xlfn.XLOOKUP($D29,[1]Сводный!$E:$E,[1]Сводный!BV:BV,0) -> 0 | J29: =_xlfn.XLOOKUP($D29,[1]Сводный!$E:$E,[1]Сводный!BW:BW,0) -> 0 | K29: =_xlfn.XLOOKUP($D29,[1]Сводный!$E:$E,[1]Сводный!BX:BX,0) -> 0 | L29: =_xlfn.XLOOKUP($D29,[1]Сводный!$E:$E,[1]Сводный!BY:BY,0) -> 0 | M29: =_xlfn.XLOOKUP($D29,[1]Сводный!$E:$E,[1]Сводный!BZ:BZ,0) -> 0 | N29: =_xlfn.XLOOKUP($D29,[1]Сводный!$E:$E,[1]Сводный!CA:CA,0) -> 0 | O29: =_xlfn.XLOOKUP($D29,[1]Сводный!$E:$E,[1]Сводный!CB:CB,0) -> 0 | P29: =_xlfn.XLOOKUP($D29,[1]Сводный!$E:$E,[1]Сводный!CC:CC,0) -> 0 | Q29: =SUM(E29:P29) -> 0 | R29: {=_xlfn.XLOOKUP($D29,INDIRECT(R$2&"!"&"E:E"),INDIRECT(R$2&"!"&"C:C"),0)} -> 0 | S29: {=_xlfn.XLOOKUP($D29,INDIRECT(S$2&"!"&"E:E"),INDIRECT(S$2&"!"&"C:C"),0)} -> 0 | T29: {=_xlfn.XLOOKUP($D29,INDIRECT(T$2&"!"&"E:E"),INDIRECT(T$2&"!"&"C:C"),0)} -> 0 | U29: {=_xlfn.XLOOKUP($D29,INDIRECT(U$2&"!"&"E:E"),INDIRECT(U$2&"!"&"C:C"),0)} -> 0 | V29: {=_xlfn.XLOOKUP($D29,INDIRECT(V$2&"!"&"E:E"),INDIRECT(V$2&"!"&"C:C"),0)} -> 0 | W29: {=_xlfn.XLOOKUP($D29,INDIRECT(W$2&"!"&"E:E"),INDIRECT(W$2&"!"&"C:C"),0)} -> 0 | X29: {=_xlfn.XLOOKUP($D29,INDIRECT(X$2&"!"&"E:E"),INDIRECT(X$2&"!"&"C:C"),0)} -> 0 | Y29: {=_xlfn.XLOOKUP($D29,INDIRECT(Y$2&"!"&"E:E"),INDIRECT(Y$2&"!"&"C:C"),0)} -> 0 | ... AR29: {=_xlfn.XLOOKUP($D29,INDIRECT(AR$2&"!"&"E:E"),INDIRECT(AR$2&"!"&"C:C"),0)} -> 0 | AS29: =SUM(R29:AR29) -> 0 | AT29: =Q29+AS29 -> 0 | AU29: Приемка, короб, отгрузка. | AX29: =AT29 -> 0 | AY29: * | BF29: * | BG29: =SUMIF(AY29:BF29,"*",$AY$2:$BF$2)+BC29 -> 8 | BH29: =AT29*BG29 -> 0 | BJ29: =BH29+AT29*BI29 -> 0
C30: Мяч гладкий оранжевый | D30: 2042986377583 | E30: =_xlfn.XLOOKUP($D30,[1]Сводный!$E:$E,[1]Сводный!BR:BR,0) -> 0 | F30: =_xlfn.XLOOKUP($D30,[1]Сводный!$E:$E,[1]Сводный!BS:BS,0) -> 0 | G30: =_xlfn.XLOOKUP($D30,[1]Сводный!$E:$E,[1]Сводный!BT:BT,0) -> 0 | H30: =_xlfn.XLOOKUP($D30,[1]Сводный!$E:$E,[1]Сводный!BU:BU,0) -> 0 | I30: =_xlfn.XLOOKUP($D30,[1]Сводный!$E:$E,[1]Сводный!BV:BV,0) -> 0 | J30: =_xlfn.XLOOKUP($D30,[1]Сводный!$E:$E,[1]Сводный!BW:BW,0) -> 0 | K30: =_xlfn.XLOOKUP($D30,[1]Сводный!$E:$E,[1]Сводный!BX:BX,0) -> 0 | L30: =_xlfn.XLOOKUP($D30,[1]Сводный!$E:$E,[1]Сводный!BY:BY,0) -> 0 | M30: =_xlfn.XLOOKUP($D30,[1]Сводный!$E:$E,[1]Сводный!BZ:BZ,0) -> 0 | N30: =_xlfn.XLOOKUP($D30,[1]Сводный!$E:$E,[1]Сводный!CA:CA,0) -> 0 | O30: =_xlfn.XLOOKUP($D30,[1]Сводный!$E:$E,[1]Сводный!CB:CB,0) -> 0 | P30: =_xlfn.XLOOKUP($D30,[1]Сводный!$E:$E,[1]Сводный!CC:CC,0) -> 0 | Q30: =SUM(E30:P30) -> 0 | R30: {=_xlfn.XLOOKUP($D30,INDIRECT(R$2&"!"&"E:E"),INDIRECT(R$2&"!"&"C:C"),0)} -> 0 | S30: {=_xlfn.XLOOKUP($D30,INDIRECT(S$2&"!"&"E:E"),INDIRECT(S$2&"!"&"C:C"),0)} -> 0 | T30: {=_xlfn.XLOOKUP($D30,INDIRECT(T$2&"!"&"E:E"),INDIRECT(T$2&"!"&"C:C"),0)} -> 0 | U30: {=_xlfn.XLOOKUP($D30,INDIRECT(U$2&"!"&"E:E"),INDIRECT(U$2&"!"&"C:C"),0)} -> 0 | V30: {=_xlfn.XLOOKUP($D30,INDIRECT(V$2&"!"&"E:E"),INDIRECT(V$2&"!"&"C:C"),0)} -> 0 | W30: {=_xlfn.XLOOKUP($D30,INDIRECT(W$2&"!"&"E:E"),INDIRECT(W$2&"!"&"C:C"),0)} -> 0 | X30: {=_xlfn.XLOOKUP($D30,INDIRECT(X$2&"!"&"E:E"),INDIRECT(X$2&"!"&"C:C"),0)} -> 0 | Y30: {=_xlfn.XLOOKUP($D30,INDIRECT(Y$2&"!"&"E:E"),INDIRECT(Y$2&"!"&"C:C"),0)} -> 0 | ... AR30: {=_xlfn.XLOOKUP($D30,INDIRECT(AR$2&"!"&"E:E"),INDIRECT(AR$2&"!"&"C:C"),0)} -> 0 | AS30: =SUM(R30:AR30) -> 0 | AT30: =Q30+AS30 -> 0 | AU30: Приемка, короб, отгрузка. | AX30: =AT30 -> 0 | AY30: * | BF30: * | BG30: =SUMIF(AY30:BF30,"*",$AY$2:$BF$2)+BC30 -> 8 | BH30: =AT30*BG30 -> 0 | BJ30: =BH30+AT30*BI30 -> 0
A31: Фитнес-резинки | C31: Набор эластичных лент 3 шт. в мешке | D31: 2048933027488 | E31: =_xlfn.XLOOKUP($D31,[1]Сводный!$E:$E,[1]Сводный!BR:BR,0) -> 0 | F31: =_xlfn.XLOOKUP($D31,[1]Сводный!$E:$E,[1]Сводный!BS:BS,0) -> 0 | G31: =_xlfn.XLOOKUP($D31,[1]Сводный!$E:$E,[1]Сводный!BT:BT,0) -> 0 | H31: =_xlfn.XLOOKUP($D31,[1]Сводный!$E:$E,[1]Сводный!BU:BU,0) -> 0 | I31: =_xlfn.XLOOKUP($D31,[1]Сводный!$E:$E,[1]Сводный!BV:BV,0) -> 0 | J31: =_xlfn.XLOOKUP($D31,[1]Сводный!$E:$E,[1]Сводный!BW:BW,0) -> 15 | K31: =_xlfn.XLOOKUP($D31,[1]Сводный!$E:$E,[1]Сводный!BX:BX,0) -> 0 | L31: =_xlfn.XLOOKUP($D31,[1]Сводный!$E:$E,[1]Сводный!BY:BY,0) -> 15 | M31: =_xlfn.XLOOKUP($D31,[1]Сводный!$E:$E,[1]Сводный!BZ:BZ,0) -> 0 | N31: =_xlfn.XLOOKUP($D31,[1]Сводный!$E:$E,[1]Сводный!CA:CA,0) -> 15 | O31: =_xlfn.XLOOKUP($D31,[1]Сводный!$E:$E,[1]Сводный!CB:CB,0) -> 15 | P31: =_xlfn.XLOOKUP($D31,[1]Сводный!$E:$E,[1]Сводный!CC:CC,0) -> 0 | Q31: =SUM(E31:P31) -> 60 | AT31: =Q31+AS31 -> 60 | AU31: Приемка, маркировка (1 этикетка), короб, отгрузка. | AV31: Ленты в сумочке упакованы в заводской БОПП пакет. Этикетку с ШК клеить прямо на пакет. Внимательно, чтоб штрих-код не сжимался. | AX31: =AT31 -> 60 | AY31: * | BB31: * | BE31: * | BF31: * | BG31: =SUMIF(AY31:BF31,"*",$AY$2:$BF$2)+BC31 -> 27 | BH31: =AT31*BG31 -> 1620 | BJ31: =BH31+AT31*BI31 -> 1620
C32: Набор эластичных лент 5 шт. в мешке | D32: 2046392546618 | E32: =_xlfn.XLOOKUP($D32,[1]Сводный!$E:$E,[1]Сводный!BR:BR,0) -> 0 | F32: =_xlfn.XLOOKUP($D32,[1]Сводный!$E:$E,[1]Сводный!BS:BS,0) -> 0 | G32: =_xlfn.XLOOKUP($D32,[1]Сводный!$E:$E,[1]Сводный!BT:BT,0) -> 0 | H32: =_xlfn.XLOOKUP($D32,[1]Сводный!$E:$E,[1]Сводный!BU:BU,0) -> 0 | I32: =_xlfn.XLOOKUP($D32,[1]Сводный!$E:$E,[1]Сводный!BV:BV,0) -> 0 | J32: =_xlfn.XLOOKUP($D32,[1]Сводный!$E:$E,[1]Сводный!BW:BW,0) -> 0 | K32: =_xlfn.XLOOKUP($D32,[1]Сводный!$E:$E,[1]Сводный!BX:BX,0) -> 0 | L32: =_xlfn.XLOOKUP($D32,[1]Сводный!$E:$E,[1]Сводный!BY:BY,0) -> 10 | M32: =_xlfn.XLOOKUP($D32,[1]Сводный!$E:$E,[1]Сводный!BZ:BZ,0) -> 0 | N32: =_xlfn.XLOOKUP($D32,[1]Сводный!$E:$E,[1]Сводный!CA:CA,0) -> 10 | O32: =_xlfn.XLOOKUP($D32,[1]Сводный!$E:$E,[1]Сводный!CB:CB,0) -> 10 | P32: =_xlfn.XLOOKUP($D32,[1]Сводный!$E:$E,[1]Сводный!CC:CC,0) -> 0 | Q32: =SUM(E32:P32) -> 30 | AT32: =Q32+AS32 -> 30 | AU32: Приемка, маркировка (1 этикетка), короб, отгрузка. | AV32: Ленты в сумочке упакованы в заводской БОПП пакет. Этикетку с ШК клеить прямо на пакет. Внимательно, чтоб штрих-код не сжимался. | AX32: =AT32 -> 30 | AY32: * | BB32: * | BE32: * | BF32: * | BG32: =SUMIF(AY32:BF32,"*",$AY$2:$BF$2)+BC32 -> 27 | BH32: =AT32*BG32 -> 810 | BJ32: =BH32+AT32*BI32 -> 810
C33: Набор эластичных лент 4 шт. | D33: 2046392546632 | E33: =_xlfn.XLOOKUP($D33,[1]Сводный!$E:$E,[1]Сводный!BR:BR,0) -> 0 | F33: =_xlfn.XLOOKUP($D33,[1]Сводный!$E:$E,[1]Сводный!BS:BS,0) -> 0 | G33: =_xlfn.XLOOKUP($D33,[1]Сводный!$E:$E,[1]Сводный!BT:BT,0) -> 0 | H33: =_xlfn.XLOOKUP($D33,[1]Сводный!$E:$E,[1]Сводный!BU:BU,0) -> 0 | I33: =_xlfn.XLOOKUP($D33,[1]Сводный!$E:$E,[1]Сводный!BV:BV,0) -> 0 | J33: =_xlfn.XLOOKUP($D33,[1]Сводный!$E:$E,[1]Сводный!BW:BW,0) -> 0 | K33: =_xlfn.XLOOKUP($D33,[1]Сводный!$E:$E,[1]Сводный!BX:BX,0) -> 0 | L33: =_xlfn.XLOOKUP($D33,[1]Сводный!$E:$E,[1]Сводный!BY:BY,0) -> 0 | M33: =_xlfn.XLOOKUP($D33,[1]Сводный!$E:$E,[1]Сводный!BZ:BZ,0) -> 0 | N33: =_xlfn.XLOOKUP($D33,[1]Сводный!$E:$E,[1]Сводный!CA:CA,0) -> 0 | O33: =_xlfn.XLOOKUP($D33,[1]Сводный!$E:$E,[1]Сводный!CB:CB,0) -> 0 | P33: =_xlfn.XLOOKUP($D33,[1]Сводный!$E:$E,[1]Сводный!CC:CC,0) -> 0 | Q33: =SUM(E33:P33) -> 0 | AT33: =Q33+AS33 -> 0 | AU33: Приемка, сортировка маркировка (1 этикетка), короб, отгрузка. | AV33: Каждая лента упакована в зип пакет. Сформировать комлект из 4 цветов (зип-пакеты не снимать). Упаковать комплект в ваш БООП пакет. Этикетку с ШК клеить прямо на пакет. Внимательно, чтоб штрих-код не сжимался. | AX33: =AT33 -> 0 | AY33: * | AZ33: * | BA33: * | BB33: * | BC33: 9 | BE33: * | BF33: * | BG33: =SUMIF(AY33:BF33,"*",$AY$2:$BF$2)+BC33 -> 46 | BH33: =AT33*BG33 -> 0 | BJ33: =BH33+AT33*BI33 -> 0
C34: Набор эластичных лент 5 шт. | D34: 2046392546656 | E34: =_xlfn.XLOOKUP($D34,[1]Сводный!$E:$E,[1]Сводный!BR:BR,0) -> 0 | F34: =_xlfn.XLOOKUP($D34,[1]Сводный!$E:$E,[1]Сводный!BS:BS,0) -> 0 | G34: =_xlfn.XLOOKUP($D34,[1]Сводный!$E:$E,[1]Сводный!BT:BT,0) -> 0 | H34: =_xlfn.XLOOKUP($D34,[1]Сводный!$E:$E,[1]Сводный!BU:BU,0) -> 0 | I34: =_xlfn.XLOOKUP($D34,[1]Сводный!$E:$E,[1]Сводный!BV:BV,0) -> 0 | J34: =_xlfn.XLOOKUP($D34,[1]Сводный!$E:$E,[1]Сводный!BW:BW,0) -> 0 | K34: =_xlfn.XLOOKUP($D34,[1]Сводный!$E:$E,[1]Сводный!BX:BX,0) -> 0 | L34: =_xlfn.XLOOKUP($D34,[1]Сводный!$E:$E,[1]Сводный!BY:BY,0) -> 0 | M34: =_xlfn.XLOOKUP($D34,[1]Сводный!$E:$E,[1]Сводный!BZ:BZ,0) -> 0 | N34: =_xlfn.XLOOKUP($D34,[1]Сводный!$E:$E,[1]Сводный!CA:CA,0) -> 0 | O34: =_xlfn.XLOOKUP($D34,[1]Сводный!$E:$E,[1]Сводный!CB:CB,0) -> 0 | P34: =_xlfn.XLOOKUP($D34,[1]Сводный!$E:$E,[1]Сводный!CC:CC,0) -> 0 | Q34: =SUM(E34:P34) -> 0 | AT34: =Q34+AS34 -> 0 | AU34: Приемка, сортировка, формирование комплекта, упаковка (ваши пакеты БОПП), маркировка (1 этикетка), короб, отгрузка | AV34: Каждая лента упакована в БОПП пакет. Сформировать комлект из 5 цветов (БОПП пакеты не снимать). Упаковать комплект в ваш БООП пакет. Этикетку с ШК клеить прямо на пакет. Внимательно, чтоб штрих-код не сжимался. | AX34: =AT34 -> 0 | AY34: * | AZ34: * | BA34: * | BB34: * | BE34: * | BF34: * | BG34: =SUMIF(AY34:BF34,"*",$AY$2:$BF$2)+BC34 -> 37 | BH34: =AT34*BG34 -> 0 | BJ34: =BH34+AT34*BI34 -> 0
A35: Капа боксерская | C35: Капа черный/красный в пластиковой черной коробке - 1 шт. | D35: 2046391283330 | E35: =_xlfn.XLOOKUP($D35,[1]Сводный!$E:$E,[1]Сводный!BR:BR,0) -> 0 | F35: =_xlfn.XLOOKUP($D35,[1]Сводный!$E:$E,[1]Сводный!BS:BS,0) -> 0 | G35: =_xlfn.XLOOKUP($D35,[1]Сводный!$E:$E,[1]Сводный!BT:BT,0) -> 0 | H35: =_xlfn.XLOOKUP($D35,[1]Сводный!$E:$E,[1]Сводный!BU:BU,0) -> 0 | I35: =_xlfn.XLOOKUP($D35,[1]Сводный!$E:$E,[1]Сводный!BV:BV,0) -> 0 | J35: =_xlfn.XLOOKUP($D35,[1]Сводный!$E:$E,[1]Сводный!BW:BW,0) -> 0 | K35: =_xlfn.XLOOKUP($D35,[1]Сводный!$E:$E,[1]Сводный!BX:BX,0) -> 0 | L35: =_xlfn.XLOOKUP($D35,[1]Сводный!$E:$E,[1]Сводный!BY:BY,0) -> 0 | M35: =_xlfn.XLOOKUP($D35,[1]Сводный!$E:$E,[1]Сводный!BZ:BZ,0) -> 0 | N35: =_xlfn.XLOOKUP($D35,[1]Сводный!$E:$E,[1]Сводный!CA:CA,0) -> 0 | O35: =_xlfn.XLOOKUP($D35,[1]Сводный!$E:$E,[1]Сводный!CB:CB,0) -> 0 | P35: =_xlfn.XLOOKUP($D35,[1]Сводный!$E:$E,[1]Сводный!CC:CC,0) -> 0 | Q35: =SUM(E35:P35) -> 0 | R35: {=_xlfn.XLOOKUP($D35,INDIRECT(R$2&"!"&"E:E"),INDIRECT(R$2&"!"&"C:C"),0)} -> 0 | S35: {=_xlfn.XLOOKUP($D35,INDIRECT(S$2&"!"&"E:E"),INDIRECT(S$2&"!"&"C:C"),0)} -> 0 | T35: {=_xlfn.XLOOKUP($D35,INDIRECT(T$2&"!"&"E:E"),INDIRECT(T$2&"!"&"C:C"),0)} -> 0 | U35: {=_xlfn.XLOOKUP($D35,INDIRECT(U$2&"!"&"E:E"),INDIRECT(U$2&"!"&"C:C"),0)} -> 0 | V35: {=_xlfn.XLOOKUP($D35,INDIRECT(V$2&"!"&"E:E"),INDIRECT(V$2&"!"&"C:C"),0)} -> 0 | W35: {=_xlfn.XLOOKUP($D35,INDIRECT(W$2&"!"&"E:E"),INDIRECT(W$2&"!"&"C:C"),0)} -> 0 | X35: {=_xlfn.XLOOKUP($D35,INDIRECT(X$2&"!"&"E:E"),INDIRECT(X$2&"!"&"C:C"),0)} -> 0 | Y35: {=_xlfn.XLOOKUP($D35,INDIRECT(Y$2&"!"&"E:E"),INDIRECT(Y$2&"!"&"C:C"),0)} -> 0 | ... AR35: {=_xlfn.XLOOKUP($D35,INDIRECT(AR$2&"!"&"E:E"),INDIRECT(AR$2&"!"&"C:C"),0)} -> 0 | AS35: =SUM(R35:AR35) -> 0 | AT35: =Q35+AS35 -> 0 | AU35: Приемка, маркировка (1 этикетка), короб, отгрузка. | AV35: в разработке | AX35: =AT35 -> 0 | AY35: * | BE35: * | BF35: * | BG35: =SUMIF(AY35:BF35,"*",$AY$2:$BF$2)+BC35 -> 14 | BH35: =AT35*BG35 -> 0 | BJ35: =BH35+AT35*BI35 -> 0
C36: Капа черный/белый в пластиковой черной коробке - 1 шт. | D36: 2046391283385 | E36: =_xlfn.XLOOKUP($D36,[1]Сводный!$E:$E,[1]Сводный!BR:BR,0) -> 0 | F36: =_xlfn.XLOOKUP($D36,[1]Сводный!$E:$E,[1]Сводный!BS:BS,0) -> 0 | G36: =_xlfn.XLOOKUP($D36,[1]Сводный!$E:$E,[1]Сводный!BT:BT,0) -> 0 | H36: =_xlfn.XLOOKUP($D36,[1]Сводный!$E:$E,[1]Сводный!BU:BU,0) -> 0 | I36: =_xlfn.XLOOKUP($D36,[1]Сводный!$E:$E,[1]Сводный!BV:BV,0) -> 0 | J36: =_xlfn.XLOOKUP($D36,[1]Сводный!$E:$E,[1]Сводный!BW:BW,0) -> 0 | K36: =_xlfn.XLOOKUP($D36,[1]Сводный!$E:$E,[1]Сводный!BX:BX,0) -> 0 | L36: =_xlfn.XLOOKUP($D36,[1]Сводный!$E:$E,[1]Сводный!BY:BY,0) -> 0 | M36: =_xlfn.XLOOKUP($D36,[1]Сводный!$E:$E,[1]Сводный!BZ:BZ,0) -> 0 | N36: =_xlfn.XLOOKUP($D36,[1]Сводный!$E:$E,[1]Сводный!CA:CA,0) -> 0 | O36: =_xlfn.XLOOKUP($D36,[1]Сводный!$E:$E,[1]Сводный!CB:CB,0) -> 0 | P36: =_xlfn.XLOOKUP($D36,[1]Сводный!$E:$E,[1]Сводный!CC:CC,0) -> 0 | Q36: =SUM(E36:P36) -> 0 | R36: {=_xlfn.XLOOKUP($D36,INDIRECT(R$2&"!"&"E:E"),INDIRECT(R$2&"!"&"C:C"),0)} -> 0 | S36: {=_xlfn.XLOOKUP($D36,INDIRECT(S$2&"!"&"E:E"),INDIRECT(S$2&"!"&"C:C"),0)} -> 0 | T36: {=_xlfn.XLOOKUP($D36,INDIRECT(T$2&"!"&"E:E"),INDIRECT(T$2&"!"&"C:C"),0)} -> 0 | U36: {=_xlfn.XLOOKUP($D36,INDIRECT(U$2&"!"&"E:E"),INDIRECT(U$2&"!"&"C:C"),0)} -> 0 | V36: {=_xlfn.XLOOKUP($D36,INDIRECT(V$2&"!"&"E:E"),INDIRECT(V$2&"!"&"C:C"),0)} -> 0 | W36: {=_xlfn.XLOOKUP($D36,INDIRECT(W$2&"!"&"E:E"),INDIRECT(W$2&"!"&"C:C"),0)} -> 0 | X36: {=_xlfn.XLOOKUP($D36,INDIRECT(X$2&"!"&"E:E"),INDIRECT(X$2&"!"&"C:C"),0)} -> 0 | Y36: {=_xlfn.XLOOKUP($D36,INDIRECT(Y$2&"!"&"E:E"),INDIRECT(Y$2&"!"&"C:C"),0)} -> 0 | ... AR36: {=_xlfn.XLOOKUP($D36,INDIRECT(AR$2&"!"&"E:E"),INDIRECT(AR$2&"!"&"C:C"),0)} -> 0 | AS36: =SUM(R36:AR36) -> 0 | AT36: =Q36+AS36 -> 0 | AU36: Приемка, маркировка (1 этикетка), короб, отгрузка. | AX36: =AT36 -> 0 | AY36: * | BE36: * | BF36: * | BG36: =SUMIF(AY36:BF36,"*",$AY$2:$BF$2)+BC36 -> 14 | BH36: =AT36*BG36 -> 0 | BJ36: =BH36+AT36*BI36 -> 0
C37: Капа белый/черный в пластиковой белой коробке - 1 шт. | D37: 2046391283415 | E37: =_xlfn.XLOOKUP($D37,[1]Сводный!$E:$E,[1]Сводный!BR:BR,0) -> 0 | F37: =_xlfn.XLOOKUP($D37,[1]Сводный!$E:$E,[1]Сводный!BS:BS,0) -> 0 | G37: =_xlfn.XLOOKUP($D37,[1]Сводный!$E:$E,[1]Сводный!BT:BT,0) -> 0 | H37: =_xlfn.XLOOKUP($D37,[1]Сводный!$E:$E,[1]Сводный!BU:BU,0) -> 0 | I37: =_xlfn.XLOOKUP($D37,[1]Сводный!$E:$E,[1]Сводный!BV:BV,0) -> 0 | J37: =_xlfn.XLOOKUP($D37,[1]Сводный!$E:$E,[1]Сводный!BW:BW,0) -> 0 | K37: =_xlfn.XLOOKUP($D37,[1]Сводный!$E:$E,[1]Сводный!BX:BX,0) -> 0 | L37: =_xlfn.XLOOKUP($D37,[1]Сводный!$E:$E,[1]Сводный!BY:BY,0) -> 0 | M37: =_xlfn.XLOOKUP($D37,[1]Сводный!$E:$E,[1]Сводный!BZ:BZ,0) -> 0 | N37: =_xlfn.XLOOKUP($D37,[1]Сводный!$E:$E,[1]Сводный!CA:CA,0) -> 0 | O37: =_xlfn.XLOOKUP($D37,[1]Сводный!$E:$E,[1]Сводный!CB:CB,0) -> 0 | P37: =_xlfn.XLOOKUP($D37,[1]Сводный!$E:$E,[1]Сводный!CC:CC,0) -> 0 | Q37: =SUM(E37:P37) -> 0 | R37: {=_xlfn.XLOOKUP($D37,INDIRECT(R$2&"!"&"E:E"),INDIRECT(R$2&"!"&"C:C"),0)} -> 0 | S37: {=_xlfn.XLOOKUP($D37,INDIRECT(S$2&"!"&"E:E"),INDIRECT(S$2&"!"&"C:C"),0)} -> 0 | T37: {=_xlfn.XLOOKUP($D37,INDIRECT(T$2&"!"&"E:E"),INDIRECT(T$2&"!"&"C:C"),0)} -> 0 | U37: {=_xlfn.XLOOKUP($D37,INDIRECT(U$2&"!"&"E:E"),INDIRECT(U$2&"!"&"C:C"),0)} -> 0 | V37: {=_xlfn.XLOOKUP($D37,INDIRECT(V$2&"!"&"E:E"),INDIRECT(V$2&"!"&"C:C"),0)} -> 0 | W37: {=_xlfn.XLOOKUP($D37,INDIRECT(W$2&"!"&"E:E"),INDIRECT(W$2&"!"&"C:C"),0)} -> 0 | X37: {=_xlfn.XLOOKUP($D37,INDIRECT(X$2&"!"&"E:E"),INDIRECT(X$2&"!"&"C:C"),0)} -> 0 | Y37: {=_xlfn.XLOOKUP($D37,INDIRECT(Y$2&"!"&"E:E"),INDIRECT(Y$2&"!"&"C:C"),0)} -> 0 | ... AR37: {=_xlfn.XLOOKUP($D37,INDIRECT(AR$2&"!"&"E:E"),INDIRECT(AR$2&"!"&"C:C"),0)} -> 0 | AS37: =SUM(R37:AR37) -> 0 | AT37: =Q37+AS37 -> 0 | AU37: Приемка, маркировка (1 этикетка), короб, отгрузка. | AX37: =AT37 -> 0 | AY37: * | BE37: * | BF37: * | BG37: =SUMIF(AY37:BF37,"*",$AY$2:$BF$2)+BC37 -> 14 | BH37: =AT37*BG37 -> 0 | BJ37: =BH37+AT37*BI37 -> 0
C38: Капа белый/красный в пластиковой черной коробке - 1 шт. | D38: 2046391283446 | E38: =_xlfn.XLOOKUP($D38,[1]Сводный!$E:$E,[1]Сводный!BR:BR,0) -> 0 | F38: =_xlfn.XLOOKUP($D38,[1]Сводный!$E:$E,[1]Сводный!BS:BS,0) -> 0 | G38: =_xlfn.XLOOKUP($D38,[1]Сводный!$E:$E,[1]Сводный!BT:BT,0) -> 0 | H38: =_xlfn.XLOOKUP($D38,[1]Сводный!$E:$E,[1]Сводный!BU:BU,0) -> 0 | I38: =_xlfn.XLOOKUP($D38,[1]Сводный!$E:$E,[1]Сводный!BV:BV,0) -> 0 | J38: =_xlfn.XLOOKUP($D38,[1]Сводный!$E:$E,[1]Сводный!BW:BW,0) -> 0 | K38: =_xlfn.XLOOKUP($D38,[1]Сводный!$E:$E,[1]Сводный!BX:BX,0) -> 0 | L38: =_xlfn.XLOOKUP($D38,[1]Сводный!$E:$E,[1]Сводный!BY:BY,0) -> 0 | M38: =_xlfn.XLOOKUP($D38,[1]Сводный!$E:$E,[1]Сводный!BZ:BZ,0) -> 0 | N38: =_xlfn.XLOOKUP($D38,[1]Сводный!$E:$E,[1]Сводный!CA:CA,0) -> 0 | O38: =_xlfn.XLOOKUP($D38,[1]Сводный!$E:$E,[1]Сводный!CB:CB,0) -> 0 | P38: =_xlfn.XLOOKUP($D38,[1]Сводный!$E:$E,[1]Сводный!CC:CC,0) -> 0 | Q38: =SUM(E38:P38) -> 0 | R38: {=_xlfn.XLOOKUP($D38,INDIRECT(R$2&"!"&"E:E"),INDIRECT(R$2&"!"&"C:C"),0)} -> 0 | S38: {=_xlfn.XLOOKUP($D38,INDIRECT(S$2&"!"&"E:E"),INDIRECT(S$2&"!"&"C:C"),0)} -> 0 | T38: {=_xlfn.XLOOKUP($D38,INDIRECT(T$2&"!"&"E:E"),INDIRECT(T$2&"!"&"C:C"),0)} -> 0 | U38: {=_xlfn.XLOOKUP($D38,INDIRECT(U$2&"!"&"E:E"),INDIRECT(U$2&"!"&"C:C"),0)} -> 0 | V38: {=_xlfn.XLOOKUP($D38,INDIRECT(V$2&"!"&"E:E"),INDIRECT(V$2&"!"&"C:C"),0)} -> 0 | W38: {=_xlfn.XLOOKUP($D38,INDIRECT(W$2&"!"&"E:E"),INDIRECT(W$2&"!"&"C:C"),0)} -> 0 | X38: {=_xlfn.XLOOKUP($D38,INDIRECT(X$2&"!"&"E:E"),INDIRECT(X$2&"!"&"C:C"),0)} -> 0 | Y38: {=_xlfn.XLOOKUP($D38,INDIRECT(Y$2&"!"&"E:E"),INDIRECT(Y$2&"!"&"C:C"),0)} -> 0 | ... AR38: {=_xlfn.XLOOKUP($D38,INDIRECT(AR$2&"!"&"E:E"),INDIRECT(AR$2&"!"&"C:C"),0)} -> 0 | AS38: =SUM(R38:AR38) -> 0 | AT38: =Q38+AS38 -> 0 | AU38: Приемка, маркировка (1 этикетка), короб, отгрузка. | AX38: =AT38 -> 0 | AY38: * | BE38: * | BF38: * | BG38: =SUMIF(AY38:BF38,"*",$AY$2:$BF$2)+BC38 -> 14 | BH38: =AT38*BG38 -> 0 | BJ38: =BH38+AT38*BI38 -> 0
C39: Капа красный/белый в пластиковой черной коробке - 1 шт. | D39: 2046391283507 | E39: =_xlfn.XLOOKUP($D39,[1]Сводный!$E:$E,[1]Сводный!BR:BR,0) -> 0 | F39: =_xlfn.XLOOKUP($D39,[1]Сводный!$E:$E,[1]Сводный!BS:BS,0) -> 0 | G39: =_xlfn.XLOOKUP($D39,[1]Сводный!$E:$E,[1]Сводный!BT:BT,0) -> 0 | H39: =_xlfn.XLOOKUP($D39,[1]Сводный!$E:$E,[1]Сводный!BU:BU,0) -> 0 | I39: =_xlfn.XLOOKUP($D39,[1]Сводный!$E:$E,[1]Сводный!BV:BV,0) -> 0 | J39: =_xlfn.XLOOKUP($D39,[1]Сводный!$E:$E,[1]Сводный!BW:BW,0) -> 0 | K39: =_xlfn.XLOOKUP($D39,[1]Сводный!$E:$E,[1]Сводный!BX:BX,0) -> 0 | L39: =_xlfn.XLOOKUP($D39,[1]Сводный!$E:$E,[1]Сводный!BY:BY,0) -> 0 | M39: =_xlfn.XLOOKUP($D39,[1]Сводный!$E:$E,[1]Сводный!BZ:BZ,0) -> 0 | N39: =_xlfn.XLOOKUP($D39,[1]Сводный!$E:$E,[1]Сводный!CA:CA,0) -> 0 | O39: =_xlfn.XLOOKUP($D39,[1]Сводный!$E:$E,[1]Сводный!CB:CB,0) -> 0 | P39: =_xlfn.XLOOKUP($D39,[1]Сводный!$E:$E,[1]Сводный!CC:CC,0) -> 0 | Q39: =SUM(E39:P39) -> 0 | R39: {=_xlfn.XLOOKUP($D39,INDIRECT(R$2&"!"&"E:E"),INDIRECT(R$2&"!"&"C:C"),0)} -> 0 | S39: {=_xlfn.XLOOKUP($D39,INDIRECT(S$2&"!"&"E:E"),INDIRECT(S$2&"!"&"C:C"),0)} -> 0 | T39: {=_xlfn.XLOOKUP($D39,INDIRECT(T$2&"!"&"E:E"),INDIRECT(T$2&"!"&"C:C"),0)} -> 0 | U39: {=_xlfn.XLOOKUP($D39,INDIRECT(U$2&"!"&"E:E"),INDIRECT(U$2&"!"&"C:C"),0)} -> 0 | V39: {=_xlfn.XLOOKUP($D39,INDIRECT(V$2&"!"&"E:E"),INDIRECT(V$2&"!"&"C:C"),0)} -> 0 | W39: {=_xlfn.XLOOKUP($D39,INDIRECT(W$2&"!"&"E:E"),INDIRECT(W$2&"!"&"C:C"),0)} -> 0 | X39: {=_xlfn.XLOOKUP($D39,INDIRECT(X$2&"!"&"E:E"),INDIRECT(X$2&"!"&"C:C"),0)} -> 0 | Y39: {=_xlfn.XLOOKUP($D39,INDIRECT(Y$2&"!"&"E:E"),INDIRECT(Y$2&"!"&"C:C"),0)} -> 0 | ... AR39: {=_xlfn.XLOOKUP($D39,INDIRECT(AR$2&"!"&"E:E"),INDIRECT(AR$2&"!"&"C:C"),0)} -> 0 | AS39: =SUM(R39:AR39) -> 0 | AT39: =Q39+AS39 -> 0 | AU39: Приемка, маркировка (1 этикетка), короб, отгрузка. | AX39: =AT39 -> 0 | AY39: * | BE39: * | BF39: * | BG39: =SUMIF(AY39:BF39,"*",$AY$2:$BF$2)+BC39 -> 14 | BH39: =AT39*BG39 -> 0 | BJ39: =BH39+AT39*BI39 -> 0
C40: Капа синий/белый в пластиковой черной коробке - 1 шт. | D40: 2046391283545 | E40: =_xlfn.XLOOKUP($D40,[1]Сводный!$E:$E,[1]Сводный!BR:BR,0) -> 0 | F40: =_xlfn.XLOOKUP($D40,[1]Сводный!$E:$E,[1]Сводный!BS:BS,0) -> 0 | G40: =_xlfn.XLOOKUP($D40,[1]Сводный!$E:$E,[1]Сводный!BT:BT,0) -> 0 | H40: =_xlfn.XLOOKUP($D40,[1]Сводный!$E:$E,[1]Сводный!BU:BU,0) -> 0 | I40: =_xlfn.XLOOKUP($D40,[1]Сводный!$E:$E,[1]Сводный!BV:BV,0) -> 0 | J40: =_xlfn.XLOOKUP($D40,[1]Сводный!$E:$E,[1]Сводный!BW:BW,0) -> 0 | K40: =_xlfn.XLOOKUP($D40,[1]Сводный!$E:$E,[1]Сводный!BX:BX,0) -> 0 | L40: =_xlfn.XLOOKUP($D40,[1]Сводный!$E:$E,[1]Сводный!BY:BY,0) -> 0 | M40: =_xlfn.XLOOKUP($D40,[1]Сводный!$E:$E,[1]Сводный!BZ:BZ,0) -> 0 | N40: =_xlfn.XLOOKUP($D40,[1]Сводный!$E:$E,[1]Сводный!CA:CA,0) -> 0 | O40: =_xlfn.XLOOKUP($D40,[1]Сводный!$E:$E,[1]Сводный!CB:CB,0) -> 0 | P40: =_xlfn.XLOOKUP($D40,[1]Сводный!$E:$E,[1]Сводный!CC:CC,0) -> 0 | Q40: =SUM(E40:P40) -> 0 | R40: {=_xlfn.XLOOKUP($D40,INDIRECT(R$2&"!"&"E:E"),INDIRECT(R$2&"!"&"C:C"),0)} -> 0 | S40: {=_xlfn.XLOOKUP($D40,INDIRECT(S$2&"!"&"E:E"),INDIRECT(S$2&"!"&"C:C"),0)} -> 0 | T40: {=_xlfn.XLOOKUP($D40,INDIRECT(T$2&"!"&"E:E"),INDIRECT(T$2&"!"&"C:C"),0)} -> 0 | U40: {=_xlfn.XLOOKUP($D40,INDIRECT(U$2&"!"&"E:E"),INDIRECT(U$2&"!"&"C:C"),0)} -> 0 | V40: {=_xlfn.XLOOKUP($D40,INDIRECT(V$2&"!"&"E:E"),INDIRECT(V$2&"!"&"C:C"),0)} -> 0 | W40: {=_xlfn.XLOOKUP($D40,INDIRECT(W$2&"!"&"E:E"),INDIRECT(W$2&"!"&"C:C"),0)} -> 0 | X40: {=_xlfn.XLOOKUP($D40,INDIRECT(X$2&"!"&"E:E"),INDIRECT(X$2&"!"&"C:C"),0)} -> 0 | Y40: {=_xlfn.XLOOKUP($D40,INDIRECT(Y$2&"!"&"E:E"),INDIRECT(Y$2&"!"&"C:C"),0)} -> 0 | ... AR40: {=_xlfn.XLOOKUP($D40,INDIRECT(AR$2&"!"&"E:E"),INDIRECT(AR$2&"!"&"C:C"),0)} -> 0 | AS40: =SUM(R40:AR40) -> 0 | AT40: =Q40+AS40 -> 0 | AU40: Приемка, маркировка (1 этикетка), короб, отгрузка. | AX40: =AT40 -> 0 | AY40: * | BE40: * | BF40: * | BG40: =SUMIF(AY40:BF40,"*",$AY$2:$BF$2)+BC40 -> 14 | BH40: =AT40*BG40 -> 0 | BJ40: =BH40+AT40*BI40 -> 0
C41: Капа зеленый/белый в пластиковой черной коробке - 1 шт. | D41: 2046391283569 | E41: =_xlfn.XLOOKUP($D41,[1]Сводный!$E:$E,[1]Сводный!BR:BR,0) -> 0 | F41: =_xlfn.XLOOKUP($D41,[1]Сводный!$E:$E,[1]Сводный!BS:BS,0) -> 0 | G41: =_xlfn.XLOOKUP($D41,[1]Сводный!$E:$E,[1]Сводный!BT:BT,0) -> 0 | H41: =_xlfn.XLOOKUP($D41,[1]Сводный!$E:$E,[1]Сводный!BU:BU,0) -> 0 | I41: =_xlfn.XLOOKUP($D41,[1]Сводный!$E:$E,[1]Сводный!BV:BV,0) -> 0 | J41: =_xlfn.XLOOKUP($D41,[1]Сводный!$E:$E,[1]Сводный!BW:BW,0) -> 0 | K41: =_xlfn.XLOOKUP($D41,[1]Сводный!$E:$E,[1]Сводный!BX:BX,0) -> 0 | L41: =_xlfn.XLOOKUP($D41,[1]Сводный!$E:$E,[1]Сводный!BY:BY,0) -> 0 | M41: =_xlfn.XLOOKUP($D41,[1]Сводный!$E:$E,[1]Сводный!BZ:BZ,0) -> 0 | N41: =_xlfn.XLOOKUP($D41,[1]Сводный!$E:$E,[1]Сводный!CA:CA,0) -> 0 | O41: =_xlfn.XLOOKUP($D41,[1]Сводный!$E:$E,[1]Сводный!CB:CB,0) -> 0 | P41: =_xlfn.XLOOKUP($D41,[1]Сводный!$E:$E,[1]Сводный!CC:CC,0) -> 0 | Q41: =SUM(E41:P41) -> 0 | R41: {=_xlfn.XLOOKUP($D41,INDIRECT(R$2&"!"&"E:E"),INDIRECT(R$2&"!"&"C:C"),0)} -> 0 | S41: {=_xlfn.XLOOKUP($D41,INDIRECT(S$2&"!"&"E:E"),INDIRECT(S$2&"!"&"C:C"),0)} -> 0 | T41: {=_xlfn.XLOOKUP($D41,INDIRECT(T$2&"!"&"E:E"),INDIRECT(T$2&"!"&"C:C"),0)} -> 0 | U41: {=_xlfn.XLOOKUP($D41,INDIRECT(U$2&"!"&"E:E"),INDIRECT(U$2&"!"&"C:C"),0)} -> 0 | V41: {=_xlfn.XLOOKUP($D41,INDIRECT(V$2&"!"&"E:E"),INDIRECT(V$2&"!"&"C:C"),0)} -> 0 | W41: {=_xlfn.XLOOKUP($D41,INDIRECT(W$2&"!"&"E:E"),INDIRECT(W$2&"!"&"C:C"),0)} -> 0 | X41: {=_xlfn.XLOOKUP($D41,INDIRECT(X$2&"!"&"E:E"),INDIRECT(X$2&"!"&"C:C"),0)} -> 0 | Y41: {=_xlfn.XLOOKUP($D41,INDIRECT(Y$2&"!"&"E:E"),INDIRECT(Y$2&"!"&"C:C"),0)} -> 0 | ... AR41: {=_xlfn.XLOOKUP($D41,INDIRECT(AR$2&"!"&"E:E"),INDIRECT(AR$2&"!"&"C:C"),0)} -> 0 | AS41: =SUM(R41:AR41) -> 0 | AT41: =Q41+AS41 -> 0 | AU41: Приемка, маркировка (1 этикетка), короб, отгрузка. | AX41: =AT41 -> 0 | AY41: * | BE41: * | BF41: * | BG41: =SUMIF(AY41:BF41,"*",$AY$2:$BF$2)+BC41 -> 14 | BH41: =AT41*BG41 -> 0 | BJ41: =BH41+AT41*BI41 -> 0
C42: Капа зеленый/черный в пластиковой черной коробке - 1 шт. | D42: 2046391283613 | E42: =_xlfn.XLOOKUP($D42,[1]Сводный!$E:$E,[1]Сводный!BR:BR,0) -> 0 | F42: =_xlfn.XLOOKUP($D42,[1]Сводный!$E:$E,[1]Сводный!BS:BS,0) -> 0 | G42: =_xlfn.XLOOKUP($D42,[1]Сводный!$E:$E,[1]Сводный!BT:BT,0) -> 0 | H42: =_xlfn.XLOOKUP($D42,[1]Сводный!$E:$E,[1]Сводный!BU:BU,0) -> 0 | I42: =_xlfn.XLOOKUP($D42,[1]Сводный!$E:$E,[1]Сводный!BV:BV,0) -> 0 | J42: =_xlfn.XLOOKUP($D42,[1]Сводный!$E:$E,[1]Сводный!BW:BW,0) -> 0 | K42: =_xlfn.XLOOKUP($D42,[1]Сводный!$E:$E,[1]Сводный!BX:BX,0) -> 0 | L42: =_xlfn.XLOOKUP($D42,[1]Сводный!$E:$E,[1]Сводный!BY:BY,0) -> 0 | M42: =_xlfn.XLOOKUP($D42,[1]Сводный!$E:$E,[1]Сводный!BZ:BZ,0) -> 0 | N42: =_xlfn.XLOOKUP($D42,[1]Сводный!$E:$E,[1]Сводный!CA:CA,0) -> 0 | O42: =_xlfn.XLOOKUP($D42,[1]Сводный!$E:$E,[1]Сводный!CB:CB,0) -> 0 | P42: =_xlfn.XLOOKUP($D42,[1]Сводный!$E:$E,[1]Сводный!CC:CC,0) -> 0 | Q42: =SUM(E42:P42) -> 0 | R42: {=_xlfn.XLOOKUP($D42,INDIRECT(R$2&"!"&"E:E"),INDIRECT(R$2&"!"&"C:C"),0)} -> 0 | S42: {=_xlfn.XLOOKUP($D42,INDIRECT(S$2&"!"&"E:E"),INDIRECT(S$2&"!"&"C:C"),0)} -> 0 | T42: {=_xlfn.XLOOKUP($D42,INDIRECT(T$2&"!"&"E:E"),INDIRECT(T$2&"!"&"C:C"),0)} -> 0 | U42: {=_xlfn.XLOOKUP($D42,INDIRECT(U$2&"!"&"E:E"),INDIRECT(U$2&"!"&"C:C"),0)} -> 0 | V42: {=_xlfn.XLOOKUP($D42,INDIRECT(V$2&"!"&"E:E"),INDIRECT(V$2&"!"&"C:C"),0)} -> 0 | W42: {=_xlfn.XLOOKUP($D42,INDIRECT(W$2&"!"&"E:E"),INDIRECT(W$2&"!"&"C:C"),0)} -> 0 | X42: {=_xlfn.XLOOKUP($D42,INDIRECT(X$2&"!"&"E:E"),INDIRECT(X$2&"!"&"C:C"),0)} -> 0 | Y42: {=_xlfn.XLOOKUP($D42,INDIRECT(Y$2&"!"&"E:E"),INDIRECT(Y$2&"!"&"C:C"),0)} -> 0 | ... AR42: {=_xlfn.XLOOKUP($D42,INDIRECT(AR$2&"!"&"E:E"),INDIRECT(AR$2&"!"&"C:C"),0)} -> 0 | AS42: =SUM(R42:AR42) -> 0 | AT42: =Q42+AS42 -> 0 | AU42: Приемка, маркировка (1 этикетка), короб, отгрузка. | AX42: =AT42 -> 0 | AY42: * | BE42: * | BF42: * | BG42: =SUMIF(AY42:BF42,"*",$AY$2:$BF$2)+BC42 -> 14 | BH42: =AT42*BG42 -> 0 | BJ42: =BH42+AT42*BI42 -> 0
A43: Мешки для стирки белые | C43: Мешки для стирки на шнурке белые мелкая сетка - комплект из 3 шт. | D43: 2038606201642 | E43: =_xlfn.XLOOKUP($D43,[1]Сводный!$E:$E,[1]Сводный!BR:BR,0) -> 0 | F43: =_xlfn.XLOOKUP($D43,[1]Сводный!$E:$E,[1]Сводный!BS:BS,0) -> 0 | G43: =_xlfn.XLOOKUP($D43,[1]Сводный!$E:$E,[1]Сводный!BT:BT,0) -> 0 | H43: =_xlfn.XLOOKUP($D43,[1]Сводный!$E:$E,[1]Сводный!BU:BU,0) -> 0 | I43: =_xlfn.XLOOKUP($D43,[1]Сводный!$E:$E,[1]Сводный!BV:BV,0) -> 0 | J43: =_xlfn.XLOOKUP($D43,[1]Сводный!$E:$E,[1]Сводный!BW:BW,0) -> 0 | K43: =_xlfn.XLOOKUP($D43,[1]Сводный!$E:$E,[1]Сводный!BX:BX,0) -> 0 | L43: =_xlfn.XLOOKUP($D43,[1]Сводный!$E:$E,[1]Сводный!BY:BY,0) -> 0 | M43: =_xlfn.XLOOKUP($D43,[1]Сводный!$E:$E,[1]Сводный!BZ:BZ,0) -> 0 | N43: =_xlfn.XLOOKUP($D43,[1]Сводный!$E:$E,[1]Сводный!CA:CA,0) -> 20 | O43: =_xlfn.XLOOKUP($D43,[1]Сводный!$E:$E,[1]Сводный!CB:CB,0) -> 20 | P43: =_xlfn.XLOOKUP($D43,[1]Сводный!$E:$E,[1]Сводный!CC:CC,0) -> 0 | Q43: =SUM(E43:P43) -> 40 | R43: {=_xlfn.XLOOKUP($D43,INDIRECT(R$2&"!"&"E:E"),INDIRECT(R$2&"!"&"C:C"),0)} -> 0 | S43: {=_xlfn.XLOOKUP($D43,INDIRECT(S$2&"!"&"E:E"),INDIRECT(S$2&"!"&"C:C"),0)} -> 0 | T43: {=_xlfn.XLOOKUP($D43,INDIRECT(T$2&"!"&"E:E"),INDIRECT(T$2&"!"&"C:C"),0)} -> 0 | U43: {=_xlfn.XLOOKUP($D43,INDIRECT(U$2&"!"&"E:E"),INDIRECT(U$2&"!"&"C:C"),0)} -> 0 | V43: {=_xlfn.XLOOKUP($D43,INDIRECT(V$2&"!"&"E:E"),INDIRECT(V$2&"!"&"C:C"),0)} -> 0 | W43: {=_xlfn.XLOOKUP($D43,INDIRECT(W$2&"!"&"E:E"),INDIRECT(W$2&"!"&"C:C"),0)} -> 0 | X43: {=_xlfn.XLOOKUP($D43,INDIRECT(X$2&"!"&"E:E"),INDIRECT(X$2&"!"&"C:C"),0)} -> 0 | Y43: {=_xlfn.XLOOKUP($D43,INDIRECT(Y$2&"!"&"E:E"),INDIRECT(Y$2&"!"&"C:C"),0)} -> 0 | ... AR43: {=_xlfn.XLOOKUP($D43,INDIRECT(AR$2&"!"&"E:E"),INDIRECT(AR$2&"!"&"C:C"),0)} -> 0 | AS43: =SUM(R43:AR43) -> 0 | AT43: =Q43+AS43 -> 40 | AU43: Приемка, формирование комплекта, упаковка (ваши пакеты БОПП). Должны подойти 22*34), маркировка (1 этикетка), короб, отгрузка. | AV43: Сформировать комплект из 3 мешков разного размера (30*40, 40*50, 50*60). Индивидуальную упаковкуне снимать. Вложить в пакет БОПП 22*34 (ваши пакеты). Этикетку с ШК клеить на переднюю сторону упаковки (НЕ на место склейки упаковки). | AX43: =AT43*3 -> 120 | AY43: * | BA43: * | BB43: * | BC43: 6 | BE43: * | BF43: * | BG43: =SUMIF(AY43:BF43,"*",$AY$2:$BF$2)+BC43 -> 38 | BH43: =AT43*BG43 -> 1520 | BJ43: =BH43+AT43*BI43 -> 1520
C44: Мешки для стирки на шнурке белые крупная сетка - комплект из 3 шт. | D44: 2038606256161 | E44: =_xlfn.XLOOKUP($D44,[1]Сводный!$E:$E,[1]Сводный!BR:BR,0) -> 40 | F44: =_xlfn.XLOOKUP($D44,[1]Сводный!$E:$E,[1]Сводный!BS:BS,0) -> 0 | G44: =_xlfn.XLOOKUP($D44,[1]Сводный!$E:$E,[1]Сводный!BT:BT,0) -> 0 | H44: =_xlfn.XLOOKUP($D44,[1]Сводный!$E:$E,[1]Сводный!BU:BU,0) -> 0 | I44: =_xlfn.XLOOKUP($D44,[1]Сводный!$E:$E,[1]Сводный!BV:BV,0) -> 0 | J44: =_xlfn.XLOOKUP($D44,[1]Сводный!$E:$E,[1]Сводный!BW:BW,0) -> 0 | K44: =_xlfn.XLOOKUP($D44,[1]Сводный!$E:$E,[1]Сводный!BX:BX,0) -> 0 | L44: =_xlfn.XLOOKUP($D44,[1]Сводный!$E:$E,[1]Сводный!BY:BY,0) -> 0 | M44: =_xlfn.XLOOKUP($D44,[1]Сводный!$E:$E,[1]Сводный!BZ:BZ,0) -> 0 | N44: =_xlfn.XLOOKUP($D44,[1]Сводный!$E:$E,[1]Сводный!CA:CA,0) -> 20 | O44: =_xlfn.XLOOKUP($D44,[1]Сводный!$E:$E,[1]Сводный!CB:CB,0) -> 20 | P44: =_xlfn.XLOOKUP($D44,[1]Сводный!$E:$E,[1]Сводный!CC:CC,0) -> 0 | Q44: =SUM(E44:P44) -> 80 | R44: {=_xlfn.XLOOKUP($D44,INDIRECT(R$2&"!"&"E:E"),INDIRECT(R$2&"!"&"C:C"),0)} -> 0 | S44: {=_xlfn.XLOOKUP($D44,INDIRECT(S$2&"!"&"E:E"),INDIRECT(S$2&"!"&"C:C"),0)} -> 0 | T44: {=_xlfn.XLOOKUP($D44,INDIRECT(T$2&"!"&"E:E"),INDIRECT(T$2&"!"&"C:C"),0)} -> 0 | U44: {=_xlfn.XLOOKUP($D44,INDIRECT(U$2&"!"&"E:E"),INDIRECT(U$2&"!"&"C:C"),0)} -> 0 | V44: {=_xlfn.XLOOKUP($D44,INDIRECT(V$2&"!"&"E:E"),INDIRECT(V$2&"!"&"C:C"),0)} -> 0 | W44: {=_xlfn.XLOOKUP($D44,INDIRECT(W$2&"!"&"E:E"),INDIRECT(W$2&"!"&"C:C"),0)} -> 0 | X44: {=_xlfn.XLOOKUP($D44,INDIRECT(X$2&"!"&"E:E"),INDIRECT(X$2&"!"&"C:C"),0)} -> 0 | Y44: {=_xlfn.XLOOKUP($D44,INDIRECT(Y$2&"!"&"E:E"),INDIRECT(Y$2&"!"&"C:C"),0)} -> 0 | ... AR44: {=_xlfn.XLOOKUP($D44,INDIRECT(AR$2&"!"&"E:E"),INDIRECT(AR$2&"!"&"C:C"),0)} -> 0 | AS44: =SUM(R44:AR44) -> 0 | AT44: =Q44+AS44 -> 80 | AU44: Приемка, формирование комплекта, упаковка (ваши пакеты БОПП). Должны подойти 22*34), маркировка (1 этикетка), короб, отгрузка. | AV44: Сформировать комплект из 3 мешков разного размера (30*40, 40*50, 50*60). Индивидуальную упаковкуне снимать. Вложить в пакет БОПП 22*34 (ваши пакеты). Этикетку с ШК клеить на переднюю сторону упаковки (НЕ на место склейки упаковки). | AX44: =AT44*3 -> 240 | AY44: * | BA44: * | BB44: * | BC44: 6 | BE44: * | BF44: * | BG44: =SUMIF(AY44:BF44,"*",$AY$2:$BF$2)+BC44 -> 38 | BH44: =AT44*BG44 -> 3040 | BJ44: =BH44+AT44*BI44 -> 3040
C45: Мешок для стирки на шнурке белый мелкая сетка 60*80 - 1 шт. | D45: 2040335648124 | E45: =_xlfn.XLOOKUP($D45,[1]Сводный!$E:$E,[1]Сводный!BR:BR,0) -> 30 | F45: =_xlfn.XLOOKUP($D45,[1]Сводный!$E:$E,[1]Сводный!BS:BS,0) -> 0 | G45: =_xlfn.XLOOKUP($D45,[1]Сводный!$E:$E,[1]Сводный!BT:BT,0) -> 0 | H45: =_xlfn.XLOOKUP($D45,[1]Сводный!$E:$E,[1]Сводный!BU:BU,0) -> 0 | I45: =_xlfn.XLOOKUP($D45,[1]Сводный!$E:$E,[1]Сводный!BV:BV,0) -> 0 | J45: =_xlfn.XLOOKUP($D45,[1]Сводный!$E:$E,[1]Сводный!BW:BW,0) -> 30 | K45: =_xlfn.XLOOKUP($D45,[1]Сводный!$E:$E,[1]Сводный!BX:BX,0) -> 0 | L45: =_xlfn.XLOOKUP($D45,[1]Сводный!$E:$E,[1]Сводный!BY:BY,0) -> 30 | M45: =_xlfn.XLOOKUP($D45,[1]Сводный!$E:$E,[1]Сводный!BZ:BZ,0) -> 0 | N45: =_xlfn.XLOOKUP($D45,[1]Сводный!$E:$E,[1]Сводный!CA:CA,0) -> 20 | O45: =_xlfn.XLOOKUP($D45,[1]Сводный!$E:$E,[1]Сводный!CB:CB,0) -> 20 | P45: =_xlfn.XLOOKUP($D45,[1]Сводный!$E:$E,[1]Сводный!CC:CC,0) -> 0 | Q45: =SUM(E45:P45) -> 130 | R45: {=_xlfn.XLOOKUP($D45,INDIRECT(R$2&"!"&"E:E"),INDIRECT(R$2&"!"&"C:C"),0)} -> 0 | S45: {=_xlfn.XLOOKUP($D45,INDIRECT(S$2&"!"&"E:E"),INDIRECT(S$2&"!"&"C:C"),0)} -> 0 | T45: {=_xlfn.XLOOKUP($D45,INDIRECT(T$2&"!"&"E:E"),INDIRECT(T$2&"!"&"C:C"),0)} -> 0 | U45: {=_xlfn.XLOOKUP($D45,INDIRECT(U$2&"!"&"E:E"),INDIRECT(U$2&"!"&"C:C"),0)} -> 0 | V45: {=_xlfn.XLOOKUP($D45,INDIRECT(V$2&"!"&"E:E"),INDIRECT(V$2&"!"&"C:C"),0)} -> 0 | W45: {=_xlfn.XLOOKUP($D45,INDIRECT(W$2&"!"&"E:E"),INDIRECT(W$2&"!"&"C:C"),0)} -> 0 | X45: {=_xlfn.XLOOKUP($D45,INDIRECT(X$2&"!"&"E:E"),INDIRECT(X$2&"!"&"C:C"),0)} -> 0 | Y45: {=_xlfn.XLOOKUP($D45,INDIRECT(Y$2&"!"&"E:E"),INDIRECT(Y$2&"!"&"C:C"),0)} -> 0 | ... AR45: {=_xlfn.XLOOKUP($D45,INDIRECT(AR$2&"!"&"E:E"),INDIRECT(AR$2&"!"&"C:C"),0)} -> 0 | AS45: =SUM(R45:AR45) -> 0 | AT45: =Q45+AS45 -> 130 | AU45: Приемка, маркировка (1 этикетка), короб, отгрузка. | AV45: Мешок поставляется в индивидуальном заводском БОРР пакете. Этикетку с ШК клеить на переднюю сторону упаковки, не закрывая размер мешка (НЕ на место склейки упаковки). | AX45: =AT45 -> 130 | AY45: * | BE45: * | BF45: * | BG45: =SUMIF(AY45:BF45,"*",$AY$2:$BF$2)+BC45 -> 14 | BH45: =AT45*BG45 -> 1820 | BJ45: =BH45+AT45*BI45 -> 1820
C46: Мешок для стирки на шнурке белый крупная сетка 60*80 - 1 шт. | D46: 2040335626849 | E46: =_xlfn.XLOOKUP($D46,[1]Сводный!$E:$E,[1]Сводный!BR:BR,0) -> 30 | F46: =_xlfn.XLOOKUP($D46,[1]Сводный!$E:$E,[1]Сводный!BS:BS,0) -> 0 | G46: =_xlfn.XLOOKUP($D46,[1]Сводный!$E:$E,[1]Сводный!BT:BT,0) -> 0 | H46: =_xlfn.XLOOKUP($D46,[1]Сводный!$E:$E,[1]Сводный!BU:BU,0) -> 0 | I46: =_xlfn.XLOOKUP($D46,[1]Сводный!$E:$E,[1]Сводный!BV:BV,0) -> 0 | J46: =_xlfn.XLOOKUP($D46,[1]Сводный!$E:$E,[1]Сводный!BW:BW,0) -> 10 | K46: =_xlfn.XLOOKUP($D46,[1]Сводный!$E:$E,[1]Сводный!BX:BX,0) -> 0 | L46: =_xlfn.XLOOKUP($D46,[1]Сводный!$E:$E,[1]Сводный!BY:BY,0) -> 20 | M46: =_xlfn.XLOOKUP($D46,[1]Сводный!$E:$E,[1]Сводный!BZ:BZ,0) -> 0 | N46: =_xlfn.XLOOKUP($D46,[1]Сводный!$E:$E,[1]Сводный!CA:CA,0) -> 20 | O46: =_xlfn.XLOOKUP($D46,[1]Сводный!$E:$E,[1]Сводный!CB:CB,0) -> 20 | P46: =_xlfn.XLOOKUP($D46,[1]Сводный!$E:$E,[1]Сводный!CC:CC,0) -> 0 | Q46: =SUM(E46:P46) -> 100 | R46: {=_xlfn.XLOOKUP($D46,INDIRECT(R$2&"!"&"E:E"),INDIRECT(R$2&"!"&"C:C"),0)} -> 0 | S46: {=_xlfn.XLOOKUP($D46,INDIRECT(S$2&"!"&"E:E"),INDIRECT(S$2&"!"&"C:C"),0)} -> 0 | T46: {=_xlfn.XLOOKUP($D46,INDIRECT(T$2&"!"&"E:E"),INDIRECT(T$2&"!"&"C:C"),0)} -> 0 | U46: {=_xlfn.XLOOKUP($D46,INDIRECT(U$2&"!"&"E:E"),INDIRECT(U$2&"!"&"C:C"),0)} -> 0 | V46: {=_xlfn.XLOOKUP($D46,INDIRECT(V$2&"!"&"E:E"),INDIRECT(V$2&"!"&"C:C"),0)} -> 0 | W46: {=_xlfn.XLOOKUP($D46,INDIRECT(W$2&"!"&"E:E"),INDIRECT(W$2&"!"&"C:C"),0)} -> 0 | X46: {=_xlfn.XLOOKUP($D46,INDIRECT(X$2&"!"&"E:E"),INDIRECT(X$2&"!"&"C:C"),0)} -> 0 | Y46: {=_xlfn.XLOOKUP($D46,INDIRECT(Y$2&"!"&"E:E"),INDIRECT(Y$2&"!"&"C:C"),0)} -> 0 | ... AR46: {=_xlfn.XLOOKUP($D46,INDIRECT(AR$2&"!"&"E:E"),INDIRECT(AR$2&"!"&"C:C"),0)} -> 0 | AS46: =SUM(R46:AR46) -> 0 | AT46: =Q46+AS46 -> 100 | AU46: Приемка, маркировка (1 этикетка), короб, отгрузка. | AV46: Мешок поставляется в индивидуальном заводском БОРР пакете. Этикетку с ШК клеить на переднюю сторону упаковки, не закрывая размер мешка (НЕ на место склейки упаковки). | AX46: =AT46 -> 100 | AY46: * | BE46: * | BF46: * | BG46: =SUMIF(AY46:BF46,"*",$AY$2:$BF$2)+BC46 -> 14 | BH46: =AT46*BG46 -> 1400 | BJ46: =BH46+AT46*BI46 -> 1400
C47: Набор для стирки белый разной формы на змейке - 2 шт. | D47: 2039404446068 | E47: =_xlfn.XLOOKUP($D47,[1]Сводный!$E:$E,[1]Сводный!BR:BR,0) -> 0 | F47: =_xlfn.XLOOKUP($D47,[1]Сводный!$E:$E,[1]Сводный!BS:BS,0) -> 0 | G47: =_xlfn.XLOOKUP($D47,[1]Сводный!$E:$E,[1]Сводный!BT:BT,0) -> 0 | H47: =_xlfn.XLOOKUP($D47,[1]Сводный!$E:$E,[1]Сводный!BU:BU,0) -> 0 | I47: =_xlfn.XLOOKUP($D47,[1]Сводный!$E:$E,[1]Сводный!BV:BV,0) -> 0 | J47: =_xlfn.XLOOKUP($D47,[1]Сводный!$E:$E,[1]Сводный!BW:BW,0) -> 0 | K47: =_xlfn.XLOOKUP($D47,[1]Сводный!$E:$E,[1]Сводный!BX:BX,0) -> 0 | L47: =_xlfn.XLOOKUP($D47,[1]Сводный!$E:$E,[1]Сводный!BY:BY,0) -> 0 | M47: =_xlfn.XLOOKUP($D47,[1]Сводный!$E:$E,[1]Сводный!BZ:BZ,0) -> 0 | N47: =_xlfn.XLOOKUP($D47,[1]Сводный!$E:$E,[1]Сводный!CA:CA,0) -> 20 | O47: =_xlfn.XLOOKUP($D47,[1]Сводный!$E:$E,[1]Сводный!CB:CB,0) -> 20 | P47: =_xlfn.XLOOKUP($D47,[1]Сводный!$E:$E,[1]Сводный!CC:CC,0) -> 0 | Q47: =SUM(E47:P47) -> 40 | R47: {=_xlfn.XLOOKUP($D47,INDIRECT(R$2&"!"&"E:E"),INDIRECT(R$2&"!"&"C:C"),0)} -> 0 | S47: {=_xlfn.XLOOKUP($D47,INDIRECT(S$2&"!"&"E:E"),INDIRECT(S$2&"!"&"C:C"),0)} -> 0 | T47: {=_xlfn.XLOOKUP($D47,INDIRECT(T$2&"!"&"E:E"),INDIRECT(T$2&"!"&"C:C"),0)} -> 0 | U47: {=_xlfn.XLOOKUP($D47,INDIRECT(U$2&"!"&"E:E"),INDIRECT(U$2&"!"&"C:C"),0)} -> 0 | V47: {=_xlfn.XLOOKUP($D47,INDIRECT(V$2&"!"&"E:E"),INDIRECT(V$2&"!"&"C:C"),0)} -> 0 | W47: {=_xlfn.XLOOKUP($D47,INDIRECT(W$2&"!"&"E:E"),INDIRECT(W$2&"!"&"C:C"),0)} -> 0 | X47: {=_xlfn.XLOOKUP($D47,INDIRECT(X$2&"!"&"E:E"),INDIRECT(X$2&"!"&"C:C"),0)} -> 0 | Y47: {=_xlfn.XLOOKUP($D47,INDIRECT(Y$2&"!"&"E:E"),INDIRECT(Y$2&"!"&"C:C"),0)} -> 0 | ... AR47: {=_xlfn.XLOOKUP($D47,INDIRECT(AR$2&"!"&"E:E"),INDIRECT(AR$2&"!"&"C:C"),0)} -> 0 | AS47: =SUM(R47:AR47) -> 0 | AT47: =Q47+AS47 -> 40 | AU47: Приемка, формирование комплекта, упаковка (ваши пакеты БОПП). Должны подойти 22*34, маркировка (1 этикетка), короб, отгрузка. | AV47: Сформировать комплект из 2 белых мешков со змейкой разной формы (цилиндр и ракушка). Вложить в пакет БОПП 22*34 (ваш пакет). Этикетку с ШК клеить на переднюю сторону упаковки (НЕ на место склейки упаковки). | AX47: =AT47*2 -> 80 | AY47: * | BA47: * | BB47: * | BC47: 3 | BE47: * | BF47: * | BG47: =SUMIF(AY47:BF47,"*",$AY$2:$BF$2)+BC47 -> 35 | BH47: =AT47*BG47 -> 1400 | BJ47: =BH47+AT47*BI47 -> 1400
A48: Мешки для стирки бежевые | C48: Мешок для стирки бюстгальтера бежевый цилиндр - 1 шт. | D48: 2038597850744 | E48: =_xlfn.XLOOKUP($D48,[1]Сводный!$E:$E,[1]Сводный!BR:BR,0) -> 0 | F48: =_xlfn.XLOOKUP($D48,[1]Сводный!$E:$E,[1]Сводный!BS:BS,0) -> 0 | G48: =_xlfn.XLOOKUP($D48,[1]Сводный!$E:$E,[1]Сводный!BT:BT,0) -> 0 | H48: =_xlfn.XLOOKUP($D48,[1]Сводный!$E:$E,[1]Сводный!BU:BU,0) -> 0 | I48: =_xlfn.XLOOKUP($D48,[1]Сводный!$E:$E,[1]Сводный!BV:BV,0) -> 0 | J48: =_xlfn.XLOOKUP($D48,[1]Сводный!$E:$E,[1]Сводный!BW:BW,0) -> 0 | K48: =_xlfn.XLOOKUP($D48,[1]Сводный!$E:$E,[1]Сводный!BX:BX,0) -> 0 | L48: =_xlfn.XLOOKUP($D48,[1]Сводный!$E:$E,[1]Сводный!BY:BY,0) -> 0 | M48: =_xlfn.XLOOKUP($D48,[1]Сводный!$E:$E,[1]Сводный!BZ:BZ,0) -> 0 | N48: =_xlfn.XLOOKUP($D48,[1]Сводный!$E:$E,[1]Сводный!CA:CA,0) -> 0 | O48: =_xlfn.XLOOKUP($D48,[1]Сводный!$E:$E,[1]Сводный!CB:CB,0) -> 20 | P48: =_xlfn.XLOOKUP($D48,[1]Сводный!$E:$E,[1]Сводный!CC:CC,0) -> 0 | Q48: =SUM(E48:P48) -> 20 | R48: {=_xlfn.XLOOKUP($D48,INDIRECT(R$2&"!"&"E:E"),INDIRECT(R$2&"!"&"C:C"),0)} -> 0 | S48: {=_xlfn.XLOOKUP($D48,INDIRECT(S$2&"!"&"E:E"),INDIRECT(S$2&"!"&"C:C"),0)} -> 0 | T48: {=_xlfn.XLOOKUP($D48,INDIRECT(T$2&"!"&"E:E"),INDIRECT(T$2&"!"&"C:C"),0)} -> 0 | U48: {=_xlfn.XLOOKUP($D48,INDIRECT(U$2&"!"&"E:E"),INDIRECT(U$2&"!"&"C:C"),0)} -> 0 | V48: {=_xlfn.XLOOKUP($D48,INDIRECT(V$2&"!"&"E:E"),INDIRECT(V$2&"!"&"C:C"),0)} -> 0 | W48: {=_xlfn.XLOOKUP($D48,INDIRECT(W$2&"!"&"E:E"),INDIRECT(W$2&"!"&"C:C"),0)} -> 0 | X48: {=_xlfn.XLOOKUP($D48,INDIRECT(X$2&"!"&"E:E"),INDIRECT(X$2&"!"&"C:C"),0)} -> 0 | Y48: {=_xlfn.XLOOKUP($D48,INDIRECT(Y$2&"!"&"E:E"),INDIRECT(Y$2&"!"&"C:C"),0)} -> 0 | ... AR48: {=_xlfn.XLOOKUP($D48,INDIRECT(AR$2&"!"&"E:E"),INDIRECT(AR$2&"!"&"C:C"),0)} -> 0 | AS48: =SUM(R48:AR48) -> 0 | AT48: =Q48+AS48 -> 20 | AU48: Приемка, маркировка (1 этикетка), короб, отгрузка. | AV48: Мешок поставляется в индивидуальном заводском БОПП пакете. Этикетку с ШК клеить на переднюю сторону упаковки (НЕ на место склейки упаковки). | AX48: =AT48 -> 20 | AY48: * | BE48: * | BF48: * | BG48: =SUMIF(AY48:BF48,"*",$AY$2:$BF$2)+BC48 -> 14 | BH48: =AT48*BG48 -> 280 | BJ48: =BH48+AT48*BI48 -> 280
C49: Мешки для стирки бежевые квадратные на змейке - комплект из 3 шт. | D49: 2038627692689 | E49: =_xlfn.XLOOKUP($D49,[1]Сводный!$E:$E,[1]Сводный!BR:BR,0) -> 0 | F49: =_xlfn.XLOOKUP($D49,[1]Сводный!$E:$E,[1]Сводный!BS:BS,0) -> 0 | G49: =_xlfn.XLOOKUP($D49,[1]Сводный!$E:$E,[1]Сводный!BT:BT,0) -> 0 | H49: =_xlfn.XLOOKUP($D49,[1]Сводный!$E:$E,[1]Сводный!BU:BU,0) -> 0 | I49: =_xlfn.XLOOKUP($D49,[1]Сводный!$E:$E,[1]Сводный!BV:BV,0) -> 0 | J49: =_xlfn.XLOOKUP($D49,[1]Сводный!$E:$E,[1]Сводный!BW:BW,0) -> 0 | K49: =_xlfn.XLOOKUP($D49,[1]Сводный!$E:$E,[1]Сводный!BX:BX,0) -> 0 | L49: =_xlfn.XLOOKUP($D49,[1]Сводный!$E:$E,[1]Сводный!BY:BY,0) -> 0 | M49: =_xlfn.XLOOKUP($D49,[1]Сводный!$E:$E,[1]Сводный!BZ:BZ,0) -> 0 | N49: =_xlfn.XLOOKUP($D49,[1]Сводный!$E:$E,[1]Сводный!CA:CA,0) -> 0 | O49: =_xlfn.XLOOKUP($D49,[1]Сводный!$E:$E,[1]Сводный!CB:CB,0) -> 0 | P49: =_xlfn.XLOOKUP($D49,[1]Сводный!$E:$E,[1]Сводный!CC:CC,0) -> 0 | Q49: =SUM(E49:P49) -> 0 | R49: {=_xlfn.XLOOKUP($D49,INDIRECT(R$2&"!"&"E:E"),INDIRECT(R$2&"!"&"C:C"),0)} -> 0 | S49: {=_xlfn.XLOOKUP($D49,INDIRECT(S$2&"!"&"E:E"),INDIRECT(S$2&"!"&"C:C"),0)} -> 0 | T49: {=_xlfn.XLOOKUP($D49,INDIRECT(T$2&"!"&"E:E"),INDIRECT(T$2&"!"&"C:C"),0)} -> 0 | U49: {=_xlfn.XLOOKUP($D49,INDIRECT(U$2&"!"&"E:E"),INDIRECT(U$2&"!"&"C:C"),0)} -> 0 | V49: {=_xlfn.XLOOKUP($D49,INDIRECT(V$2&"!"&"E:E"),INDIRECT(V$2&"!"&"C:C"),0)} -> 0 | W49: {=_xlfn.XLOOKUP($D49,INDIRECT(W$2&"!"&"E:E"),INDIRECT(W$2&"!"&"C:C"),0)} -> 0 | X49: {=_xlfn.XLOOKUP($D49,INDIRECT(X$2&"!"&"E:E"),INDIRECT(X$2&"!"&"C:C"),0)} -> 0 | Y49: {=_xlfn.XLOOKUP($D49,INDIRECT(Y$2&"!"&"E:E"),INDIRECT(Y$2&"!"&"C:C"),0)} -> 0 | ... AR49: {=_xlfn.XLOOKUP($D49,INDIRECT(AR$2&"!"&"E:E"),INDIRECT(AR$2&"!"&"C:C"),0)} -> 0 | AS49: =SUM(R49:AR49) -> 0 | AT49: =Q49+AS49 -> 0 | AU49: Приемка, формирование комплекта, упаковка (ваши пакеты БОПП), должны подойти 24*34, маркировка (1 этикетка), короб, отгрузка. | AV49: Сформировать комплект из 3 прямоугольных мешков разного размера (на мешках вышивка:с платьем, рубашка, носки). Вложить в пакет БОПП 24*34 (ваш пакет). Этикетку с ШК клеить на переднюю сторону упаковки (НЕ на место склейки упаковки). | AX49: =AT49*3 -> 0 | AY49: * | BA49: * | BB49: * | BC49: 6 | BE49: * | BF49: * | BG49: =SUMIF(AY49:BF49,"*",$AY$2:$BF$2)+BC49 -> 38 | BH49: =AT49*BG49 -> 0 | BJ49: =BH49+AT49*BI49 -> 0
C50: Мешки для стирки бежевые разной формы на змейке - комплект из 3 шт. | D50: 2038627713902 | E50: =_xlfn.XLOOKUP($D50,[1]Сводный!$E:$E,[1]Сводный!BR:BR,0) -> 0 | F50: =_xlfn.XLOOKUP($D50,[1]Сводный!$E:$E,[1]Сводный!BS:BS,0) -> 0 | G50: =_xlfn.XLOOKUP($D50,[1]Сводный!$E:$E,[1]Сводный!BT:BT,0) -> 0 | H50: =_xlfn.XLOOKUP($D50,[1]Сводный!$E:$E,[1]Сводный!BU:BU,0) -> 0 | I50: =_xlfn.XLOOKUP($D50,[1]Сводный!$E:$E,[1]Сводный!BV:BV,0) -> 0 | J50: =_xlfn.XLOOKUP($D50,[1]Сводный!$E:$E,[1]Сводный!BW:BW,0) -> 0 | K50: =_xlfn.XLOOKUP($D50,[1]Сводный!$E:$E,[1]Сводный!BX:BX,0) -> 0 | L50: =_xlfn.XLOOKUP($D50,[1]Сводный!$E:$E,[1]Сводный!BY:BY,0) -> 0 | M50: =_xlfn.XLOOKUP($D50,[1]Сводный!$E:$E,[1]Сводный!BZ:BZ,0) -> 0 | N50: =_xlfn.XLOOKUP($D50,[1]Сводный!$E:$E,[1]Сводный!CA:CA,0) -> 20 | O50: =_xlfn.XLOOKUP($D50,[1]Сводный!$E:$E,[1]Сводный!CB:CB,0) -> 20 | P50: =_xlfn.XLOOKUP($D50,[1]Сводный!$E:$E,[1]Сводный!CC:CC,0) -> 0 | Q50: =SUM(E50:P50) -> 40 | R50: {=_xlfn.XLOOKUP($D50,INDIRECT(R$2&"!"&"E:E"),INDIRECT(R$2&"!"&"C:C"),0)} -> 0 | S50: {=_xlfn.XLOOKUP($D50,INDIRECT(S$2&"!"&"E:E"),INDIRECT(S$2&"!"&"C:C"),0)} -> 0 | T50: {=_xlfn.XLOOKUP($D50,INDIRECT(T$2&"!"&"E:E"),INDIRECT(T$2&"!"&"C:C"),0)} -> 0 | U50: {=_xlfn.XLOOKUP($D50,INDIRECT(U$2&"!"&"E:E"),INDIRECT(U$2&"!"&"C:C"),0)} -> 0 | V50: {=_xlfn.XLOOKUP($D50,INDIRECT(V$2&"!"&"E:E"),INDIRECT(V$2&"!"&"C:C"),0)} -> 0 | W50: {=_xlfn.XLOOKUP($D50,INDIRECT(W$2&"!"&"E:E"),INDIRECT(W$2&"!"&"C:C"),0)} -> 0 | X50: {=_xlfn.XLOOKUP($D50,INDIRECT(X$2&"!"&"E:E"),INDIRECT(X$2&"!"&"C:C"),0)} -> 0 | Y50: {=_xlfn.XLOOKUP($D50,INDIRECT(Y$2&"!"&"E:E"),INDIRECT(Y$2&"!"&"C:C"),0)} -> 0 | ... AR50: {=_xlfn.XLOOKUP($D50,INDIRECT(AR$2&"!"&"E:E"),INDIRECT(AR$2&"!"&"C:C"),0)} -> 0 | AS50: =SUM(R50:AR50) -> 0 | AT50: =Q50+AS50 -> 40 | AU50: Приемка, формирование комплекта, упаковка (ваши пакеты БОПП), должны подойти 24*34, маркировка (1 этикетка), короб, отгрузка. | AV50: Сформировать комплект из 3 мешков разной формы (цилиндр с платьем, ракушка с бюстом, ракушка с трусами). Вложить в ваш пакет БОПП 22*34. Этикетку с ШК клеить на переднюю сторону упаковки (НЕ на место склейки упаковки). | AX50: =AT50*3 -> 120 | AY50: * | BA50: * | BB50: * | BC50: 6 | BE50: * | BF50: * | BG50: =SUMIF(AY50:BF50,"*",$AY$2:$BF$2)+BC50 -> 38 | BH50: =AT50*BG50 -> 1520 | BJ50: =BH50+AT50*BI50 -> 1520
C51: Мешки для стирки бежевые -набор из 7 шт. (готовый) | D51: 2038337652454 | E51: =_xlfn.XLOOKUP($D51,[1]Сводный!$E:$E,[1]Сводный!BR:BR,0) -> 0 | F51: =_xlfn.XLOOKUP($D51,[1]Сводный!$E:$E,[1]Сводный!BS:BS,0) -> 0 | G51: =_xlfn.XLOOKUP($D51,[1]Сводный!$E:$E,[1]Сводный!BT:BT,0) -> 0 | H51: =_xlfn.XLOOKUP($D51,[1]Сводный!$E:$E,[1]Сводный!BU:BU,0) -> 0 | I51: =_xlfn.XLOOKUP($D51,[1]Сводный!$E:$E,[1]Сводный!BV:BV,0) -> 0 | J51: =_xlfn.XLOOKUP($D51,[1]Сводный!$E:$E,[1]Сводный!BW:BW,0) -> 0 | K51: =_xlfn.XLOOKUP($D51,[1]Сводный!$E:$E,[1]Сводный!BX:BX,0) -> 0 | L51: =_xlfn.XLOOKUP($D51,[1]Сводный!$E:$E,[1]Сводный!BY:BY,0) -> 0 | M51: =_xlfn.XLOOKUP($D51,[1]Сводный!$E:$E,[1]Сводный!BZ:BZ,0) -> 0 | N51: =_xlfn.XLOOKUP($D51,[1]Сводный!$E:$E,[1]Сводный!CA:CA,0) -> 0 | O51: =_xlfn.XLOOKUP($D51,[1]Сводный!$E:$E,[1]Сводный!CB:CB,0) -> 20 | P51: =_xlfn.XLOOKUP($D51,[1]Сводный!$E:$E,[1]Сводный!CC:CC,0) -> 0 | Q51: =SUM(E51:P51) -> 20 | R51: {=_xlfn.XLOOKUP($D51,INDIRECT(R$2&"!"&"E:E"),INDIRECT(R$2&"!"&"C:C"),0)} -> 0 | S51: {=_xlfn.XLOOKUP($D51,INDIRECT(S$2&"!"&"E:E"),INDIRECT(S$2&"!"&"C:C"),0)} -> 0 | T51: {=_xlfn.XLOOKUP($D51,INDIRECT(T$2&"!"&"E:E"),INDIRECT(T$2&"!"&"C:C"),0)} -> 0 | U51: {=_xlfn.XLOOKUP($D51,INDIRECT(U$2&"!"&"E:E"),INDIRECT(U$2&"!"&"C:C"),0)} -> 0 | V51: {=_xlfn.XLOOKUP($D51,INDIRECT(V$2&"!"&"E:E"),INDIRECT(V$2&"!"&"C:C"),0)} -> 0 | W51: {=_xlfn.XLOOKUP($D51,INDIRECT(W$2&"!"&"E:E"),INDIRECT(W$2&"!"&"C:C"),0)} -> 0 | X51: {=_xlfn.XLOOKUP($D51,INDIRECT(X$2&"!"&"E:E"),INDIRECT(X$2&"!"&"C:C"),0)} -> 0 | Y51: {=_xlfn.XLOOKUP($D51,INDIRECT(Y$2&"!"&"E:E"),INDIRECT(Y$2&"!"&"C:C"),0)} -> 0 | ... AR51: {=_xlfn.XLOOKUP($D51,INDIRECT(AR$2&"!"&"E:E"),INDIRECT(AR$2&"!"&"C:C"),0)} -> 0 | AS51: =SUM(R51:AR51) -> 0 | AT51: =Q51+AS51 -> 20 | AU51: Приемка, маркировка (1 этикетка),1 наклейка на разъем слайдера , короб, отгрузка. | AV51: Набор мешков поставляется в заводском пакете слайдере. Этикетку с ШК не клеить на разъем слайдера. Разъем слайдера обогнуть этикеткой (я предоставляю). | AX51: =AT51 -> 20 | AY51: * | BE51: * | BF51: * | BG51: =SUMIF(AY51:BF51,"*",$AY$2:$BF$2)+BC51 -> 14 | BH51: =AT51*BG51 -> 280 | BJ51: =BH51+AT51*BI51 -> 280
A52: Таблетница прямоугольная | C52: Таблетница прямоугольная черная на 7 дней - 1 шт. | D52: 2038891723249 | E52: =_xlfn.XLOOKUP($D52,[1]Сводный!$E:$E,[1]Сводный!BR:BR,0) -> 20 | F52: =_xlfn.XLOOKUP($D52,[1]Сводный!$E:$E,[1]Сводный!BS:BS,0) -> 0 | G52: =_xlfn.XLOOKUP($D52,[1]Сводный!$E:$E,[1]Сводный!BT:BT,0) -> 0 | H52: =_xlfn.XLOOKUP($D52,[1]Сводный!$E:$E,[1]Сводный!BU:BU,0) -> 0 | I52: =_xlfn.XLOOKUP($D52,[1]Сводный!$E:$E,[1]Сводный!BV:BV,0) -> 0 | J52: =_xlfn.XLOOKUP($D52,[1]Сводный!$E:$E,[1]Сводный!BW:BW,0) -> 0 | K52: =_xlfn.XLOOKUP($D52,[1]Сводный!$E:$E,[1]Сводный!BX:BX,0) -> 0 | L52: =_xlfn.XLOOKUP($D52,[1]Сводный!$E:$E,[1]Сводный!BY:BY,0) -> 0 | M52: =_xlfn.XLOOKUP($D52,[1]Сводный!$E:$E,[1]Сводный!BZ:BZ,0) -> 0 | N52: =_xlfn.XLOOKUP($D52,[1]Сводный!$E:$E,[1]Сводный!CA:CA,0) -> 0 | O52: =_xlfn.XLOOKUP($D52,[1]Сводный!$E:$E,[1]Сводный!CB:CB,0) -> 52 | P52: =_xlfn.XLOOKUP($D52,[1]Сводный!$E:$E,[1]Сводный!CC:CC,0) -> 0 | Q52: =SUM(E52:P52) -> 72 | R52: {=_xlfn.XLOOKUP($D52,INDIRECT(R$2&"!"&"E:E"),INDIRECT(R$2&"!"&"C:C"),0)} -> 0 | S52: {=_xlfn.XLOOKUP($D52,INDIRECT(S$2&"!"&"E:E"),INDIRECT(S$2&"!"&"C:C"),0)} -> 0 | T52: {=_xlfn.XLOOKUP($D52,INDIRECT(T$2&"!"&"E:E"),INDIRECT(T$2&"!"&"C:C"),0)} -> 0 | U52: {=_xlfn.XLOOKUP($D52,INDIRECT(U$2&"!"&"E:E"),INDIRECT(U$2&"!"&"C:C"),0)} -> 0 | V52: {=_xlfn.XLOOKUP($D52,INDIRECT(V$2&"!"&"E:E"),INDIRECT(V$2&"!"&"C:C"),0)} -> 0 | W52: {=_xlfn.XLOOKUP($D52,INDIRECT(W$2&"!"&"E:E"),INDIRECT(W$2&"!"&"C:C"),0)} -> 0 | X52: {=_xlfn.XLOOKUP($D52,INDIRECT(X$2&"!"&"E:E"),INDIRECT(X$2&"!"&"C:C"),0)} -> 0 | Y52: {=_xlfn.XLOOKUP($D52,INDIRECT(Y$2&"!"&"E:E"),INDIRECT(Y$2&"!"&"C:C"),0)} -> 0 | ... AR52: {=_xlfn.XLOOKUP($D52,INDIRECT(AR$2&"!"&"E:E"),INDIRECT(AR$2&"!"&"C:C"),0)} -> 0 | AS52: =SUM(R52:AR52) -> 0 | AT52: =Q52+AS52 -> 72 | AU52: Приемка, упаковка в ВПП пакет (пакет голубого цвета поставляется вместе с таблетницей), маркировка (1 этикетка), короб, отгрузка. | AV52: Таблетница поставляется в заводском БОПП пакете. Заводскую упаковку не снимать. Таблетницу вложить в голубой ВПП пакет, который поставляется вметсе с таблетницами. Этикетку с ШК клеить на лицевую сторону (НЕ на место склейки пакета). В заводских коробках норма упаковки 72 шт. После упаковки в ВПП пакеты 72 шт. идеально помещаются в стандартный короб 60*40*40. Внимательно! Смотреть цвет внутренних ячеек в таблетнице: - черная снаружи/черные внутренние ячейки - черная снаружи/цветные внутренние ячейки. Белые и сиреневые таблетницы снаружи легко определить. | AX52: =AT52 -> 72 | AY52: * | BD52: * | BE52: * | BF52: * | BG52: =SUMIF(AY52:BF52,"*",$AY$2:$BF$2)+BC52 -> 24 | BH52: =AT52*BG52 -> 1728 | BI52: 7 | BJ52: =BH52+AT52*BI52 -> 2232
C53: Таблетница прямоугольная черная/цветная на 7 дней - 1 шт. | D53: 2044025155923 | E53: =_xlfn.XLOOKUP($D53,[1]Сводный!$E:$E,[1]Сводный!BR:BR,0) -> 36 | F53: =_xlfn.XLOOKUP($D53,[1]Сводный!$E:$E,[1]Сводный!BS:BS,0) -> 0 | G53: =_xlfn.XLOOKUP($D53,[1]Сводный!$E:$E,[1]Сводный!BT:BT,0) -> 0 | H53: =_xlfn.XLOOKUP($D53,[1]Сводный!$E:$E,[1]Сводный!BU:BU,0) -> 0 | I53: =_xlfn.XLOOKUP($D53,[1]Сводный!$E:$E,[1]Сводный!BV:BV,0) -> 0 | J53: =_xlfn.XLOOKUP($D53,[1]Сводный!$E:$E,[1]Сводный!BW:BW,0) -> 0 | K53: =_xlfn.XLOOKUP($D53,[1]Сводный!$E:$E,[1]Сводный!BX:BX,0) -> 0 | L53: =_xlfn.XLOOKUP($D53,[1]Сводный!$E:$E,[1]Сводный!BY:BY,0) -> 0 | M53: =_xlfn.XLOOKUP($D53,[1]Сводный!$E:$E,[1]Сводный!BZ:BZ,0) -> 0 | N53: =_xlfn.XLOOKUP($D53,[1]Сводный!$E:$E,[1]Сводный!CA:CA,0) -> 0 | O53: =_xlfn.XLOOKUP($D53,[1]Сводный!$E:$E,[1]Сводный!CB:CB,0) -> 36 | P53: =_xlfn.XLOOKUP($D53,[1]Сводный!$E:$E,[1]Сводный!CC:CC,0) -> 0 | Q53: =SUM(E53:P53) -> 72 | R53: {=_xlfn.XLOOKUP($D53,INDIRECT(R$2&"!"&"E:E"),INDIRECT(R$2&"!"&"C:C"),0)} -> 0 | S53: {=_xlfn.XLOOKUP($D53,INDIRECT(S$2&"!"&"E:E"),INDIRECT(S$2&"!"&"C:C"),0)} -> 0 | T53: {=_xlfn.XLOOKUP($D53,INDIRECT(T$2&"!"&"E:E"),INDIRECT(T$2&"!"&"C:C"),0)} -> 0 | U53: {=_xlfn.XLOOKUP($D53,INDIRECT(U$2&"!"&"E:E"),INDIRECT(U$2&"!"&"C:C"),0)} -> 0 | V53: {=_xlfn.XLOOKUP($D53,INDIRECT(V$2&"!"&"E:E"),INDIRECT(V$2&"!"&"C:C"),0)} -> 0 | W53: {=_xlfn.XLOOKUP($D53,INDIRECT(W$2&"!"&"E:E"),INDIRECT(W$2&"!"&"C:C"),0)} -> 0 | X53: {=_xlfn.XLOOKUP($D53,INDIRECT(X$2&"!"&"E:E"),INDIRECT(X$2&"!"&"C:C"),0)} -> 0 | Y53: {=_xlfn.XLOOKUP($D53,INDIRECT(Y$2&"!"&"E:E"),INDIRECT(Y$2&"!"&"C:C"),0)} -> 0 | ... AR53: {=_xlfn.XLOOKUP($D53,INDIRECT(AR$2&"!"&"E:E"),INDIRECT(AR$2&"!"&"C:C"),0)} -> 0 | AS53: =SUM(R53:AR53) -> 0 | AT53: =Q53+AS53 -> 72 | AU53: Приемка, упаковка в ВПП пакет (пакет голубого цвета поставляется вместе с таблетницей), маркировка (1 этикетка), короб, отгрузка. | AX53: =AT53 -> 72 | AY53: * | BD53: * | BE53: * | BF53: * | BG53: =SUMIF(AY53:BF53,"*",$AY$2:$BF$2)+BC53 -> 24 | BH53: =AT53*BG53 -> 1728 | BI53: 7 | BJ53: =BH53+AT53*BI53 -> 2232
C54: Таблетница прямоугольная белая/цветная на 7 дней - 1 шт. | D54: 2044516485386 | E54: =_xlfn.XLOOKUP($D54,[1]Сводный!$E:$E,[1]Сводный!BR:BR,0) -> 36 | F54: =_xlfn.XLOOKUP($D54,[1]Сводный!$E:$E,[1]Сводный!BS:BS,0) -> 0 | G54: =_xlfn.XLOOKUP($D54,[1]Сводный!$E:$E,[1]Сводный!BT:BT,0) -> 0 | H54: =_xlfn.XLOOKUP($D54,[1]Сводный!$E:$E,[1]Сводный!BU:BU,0) -> 0 | I54: =_xlfn.XLOOKUP($D54,[1]Сводный!$E:$E,[1]Сводный!BV:BV,0) -> 0 | J54: =_xlfn.XLOOKUP($D54,[1]Сводный!$E:$E,[1]Сводный!BW:BW,0) -> 0 | K54: =_xlfn.XLOOKUP($D54,[1]Сводный!$E:$E,[1]Сводный!BX:BX,0) -> 0 | L54: =_xlfn.XLOOKUP($D54,[1]Сводный!$E:$E,[1]Сводный!BY:BY,0) -> 0 | M54: =_xlfn.XLOOKUP($D54,[1]Сводный!$E:$E,[1]Сводный!BZ:BZ,0) -> 0 | N54: =_xlfn.XLOOKUP($D54,[1]Сводный!$E:$E,[1]Сводный!CA:CA,0) -> 0 | O54: =_xlfn.XLOOKUP($D54,[1]Сводный!$E:$E,[1]Сводный!CB:CB,0) -> 36 | P54: =_xlfn.XLOOKUP($D54,[1]Сводный!$E:$E,[1]Сводный!CC:CC,0) -> 0 | Q54: =SUM(E54:P54) -> 72 | R54: {=_xlfn.XLOOKUP($D54,INDIRECT(R$2&"!"&"E:E"),INDIRECT(R$2&"!"&"C:C"),0)} -> 0 | S54: {=_xlfn.XLOOKUP($D54,INDIRECT(S$2&"!"&"E:E"),INDIRECT(S$2&"!"&"C:C"),0)} -> 0 | T54: {=_xlfn.XLOOKUP($D54,INDIRECT(T$2&"!"&"E:E"),INDIRECT(T$2&"!"&"C:C"),0)} -> 0 | U54: {=_xlfn.XLOOKUP($D54,INDIRECT(U$2&"!"&"E:E"),INDIRECT(U$2&"!"&"C:C"),0)} -> 0 | V54: {=_xlfn.XLOOKUP($D54,INDIRECT(V$2&"!"&"E:E"),INDIRECT(V$2&"!"&"C:C"),0)} -> 0 | W54: {=_xlfn.XLOOKUP($D54,INDIRECT(W$2&"!"&"E:E"),INDIRECT(W$2&"!"&"C:C"),0)} -> 0 | X54: {=_xlfn.XLOOKUP($D54,INDIRECT(X$2&"!"&"E:E"),INDIRECT(X$2&"!"&"C:C"),0)} -> 0 | Y54: {=_xlfn.XLOOKUP($D54,INDIRECT(Y$2&"!"&"E:E"),INDIRECT(Y$2&"!"&"C:C"),0)} -> 0 | ... AR54: {=_xlfn.XLOOKUP($D54,INDIRECT(AR$2&"!"&"E:E"),INDIRECT(AR$2&"!"&"C:C"),0)} -> 0 | AS54: =SUM(R54:AR54) -> 0 | AT54: =Q54+AS54 -> 72 | AU54: Приемка, упаковка в ВПП пакет (пакет голубого цвета поставляется вместе с таблетницей), маркировка (1 этикетка), короб, отгрузка. | AX54: =AT54 -> 72 | AY54: * | BD54: * | BE54: * | BF54: * | BG54: =SUMIF(AY54:BF54,"*",$AY$2:$BF$2)+BC54 -> 24 | BH54: =AT54*BG54 -> 1728 | BI54: 7 | BJ54: =BH54+AT54*BI54 -> 2232
C55: Таблетница прямоугольная сиреневая/цветная на 7 дней - 1 шт. | D55: 2044516498812 | E55: =_xlfn.XLOOKUP($D55,[1]Сводный!$E:$E,[1]Сводный!BR:BR,0) -> 0 | F55: =_xlfn.XLOOKUP($D55,[1]Сводный!$E:$E,[1]Сводный!BS:BS,0) -> 0 | G55: =_xlfn.XLOOKUP($D55,[1]Сводный!$E:$E,[1]Сводный!BT:BT,0) -> 0 | H55: =_xlfn.XLOOKUP($D55,[1]Сводный!$E:$E,[1]Сводный!BU:BU,0) -> 0 | I55: =_xlfn.XLOOKUP($D55,[1]Сводный!$E:$E,[1]Сводный!BV:BV,0) -> 0 | J55: =_xlfn.XLOOKUP($D55,[1]Сводный!$E:$E,[1]Сводный!BW:BW,0) -> 0 | K55: =_xlfn.XLOOKUP($D55,[1]Сводный!$E:$E,[1]Сводный!BX:BX,0) -> 0 | L55: =_xlfn.XLOOKUP($D55,[1]Сводный!$E:$E,[1]Сводный!BY:BY,0) -> 0 | M55: =_xlfn.XLOOKUP($D55,[1]Сводный!$E:$E,[1]Сводный!BZ:BZ,0) -> 0 | N55: =_xlfn.XLOOKUP($D55,[1]Сводный!$E:$E,[1]Сводный!CA:CA,0) -> 0 | O55: =_xlfn.XLOOKUP($D55,[1]Сводный!$E:$E,[1]Сводный!CB:CB,0) -> 36 | P55: =_xlfn.XLOOKUP($D55,[1]Сводный!$E:$E,[1]Сводный!CC:CC,0) -> 0 | Q55: =SUM(E55:P55) -> 36 | R55: {=_xlfn.XLOOKUP($D55,INDIRECT(R$2&"!"&"E:E"),INDIRECT(R$2&"!"&"C:C"),0)} -> 0 | S55: {=_xlfn.XLOOKUP($D55,INDIRECT(S$2&"!"&"E:E"),INDIRECT(S$2&"!"&"C:C"),0)} -> 0 | T55: {=_xlfn.XLOOKUP($D55,INDIRECT(T$2&"!"&"E:E"),INDIRECT(T$2&"!"&"C:C"),0)} -> 0 | U55: {=_xlfn.XLOOKUP($D55,INDIRECT(U$2&"!"&"E:E"),INDIRECT(U$2&"!"&"C:C"),0)} -> 0 | V55: {=_xlfn.XLOOKUP($D55,INDIRECT(V$2&"!"&"E:E"),INDIRECT(V$2&"!"&"C:C"),0)} -> 0 | W55: {=_xlfn.XLOOKUP($D55,INDIRECT(W$2&"!"&"E:E"),INDIRECT(W$2&"!"&"C:C"),0)} -> 0 | X55: {=_xlfn.XLOOKUP($D55,INDIRECT(X$2&"!"&"E:E"),INDIRECT(X$2&"!"&"C:C"),0)} -> 0 | Y55: {=_xlfn.XLOOKUP($D55,INDIRECT(Y$2&"!"&"E:E"),INDIRECT(Y$2&"!"&"C:C"),0)} -> 0 | ... AR55: {=_xlfn.XLOOKUP($D55,INDIRECT(AR$2&"!"&"E:E"),INDIRECT(AR$2&"!"&"C:C"),0)} -> 0 | AS55: =SUM(R55:AR55) -> 0 | AT55: =Q55+AS55 -> 36 | AU55: Приемка, упаковка в ВПП пакет (пакет голубого цвета поставляется вместе с таблетницей), маркировка (1 этикетка), короб, отгрузка. | AX55: =AT55 -> 36 | AY55: * | BD55: * | BE55: * | BF55: * | BG55: =SUMIF(AY55:BF55,"*",$AY$2:$BF$2)+BC55 -> 24 | BH55: =AT55*BG55 -> 864 | BI55: 7 | BJ55: =BH55+AT55*BI55 -> 1116 | BK55: =SUM(AT52:AT60) -> 652
A56: Таблетница круглая | C56: Таблетница черная на 7 дней по 2 отделения - 1 шт. | D56: 2038890789598 | E56: =_xlfn.XLOOKUP($D56,[1]Сводный!$E:$E,[1]Сводный!BR:BR,0) -> 0 | F56: =_xlfn.XLOOKUP($D56,[1]Сводный!$E:$E,[1]Сводный!BS:BS,0) -> 0 | G56: =_xlfn.XLOOKUP($D56,[1]Сводный!$E:$E,[1]Сводный!BT:BT,0) -> 0 | H56: =_xlfn.XLOOKUP($D56,[1]Сводный!$E:$E,[1]Сводный!BU:BU,0) -> 0 | I56: =_xlfn.XLOOKUP($D56,[1]Сводный!$E:$E,[1]Сводный!BV:BV,0) -> 0 | J56: =_xlfn.XLOOKUP($D56,[1]Сводный!$E:$E,[1]Сводный!BW:BW,0) -> 0 | K56: =_xlfn.XLOOKUP($D56,[1]Сводный!$E:$E,[1]Сводный!BX:BX,0) -> 0 | L56: =_xlfn.XLOOKUP($D56,[1]Сводный!$E:$E,[1]Сводный!BY:BY,0) -> 0 | M56: =_xlfn.XLOOKUP($D56,[1]Сводный!$E:$E,[1]Сводный!BZ:BZ,0) -> 0 | N56: =_xlfn.XLOOKUP($D56,[1]Сводный!$E:$E,[1]Сводный!CA:CA,0) -> 0 | O56: =_xlfn.XLOOKUP($D56,[1]Сводный!$E:$E,[1]Сводный!CB:CB,0) -> 0 | P56: =_xlfn.XLOOKUP($D56,[1]Сводный!$E:$E,[1]Сводный!CC:CC,0) -> 0 | Q56: =SUM(E56:P56) -> 0 | R56: {=_xlfn.XLOOKUP($D56,INDIRECT(R$2&"!"&"E:E"),INDIRECT(R$2&"!"&"C:C"),0)} -> 0 | S56: {=_xlfn.XLOOKUP($D56,INDIRECT(S$2&"!"&"E:E"),INDIRECT(S$2&"!"&"C:C"),0)} -> 0 | T56: {=_xlfn.XLOOKUP($D56,INDIRECT(T$2&"!"&"E:E"),INDIRECT(T$2&"!"&"C:C"),0)} -> 0 | U56: {=_xlfn.XLOOKUP($D56,INDIRECT(U$2&"!"&"E:E"),INDIRECT(U$2&"!"&"C:C"),0)} -> 0 | V56: {=_xlfn.XLOOKUP($D56,INDIRECT(V$2&"!"&"E:E"),INDIRECT(V$2&"!"&"C:C"),0)} -> 0 | W56: {=_xlfn.XLOOKUP($D56,INDIRECT(W$2&"!"&"E:E"),INDIRECT(W$2&"!"&"C:C"),0)} -> 0 | X56: {=_xlfn.XLOOKUP($D56,INDIRECT(X$2&"!"&"E:E"),INDIRECT(X$2&"!"&"C:C"),0)} -> 0 | Y56: {=_xlfn.XLOOKUP($D56,INDIRECT(Y$2&"!"&"E:E"),INDIRECT(Y$2&"!"&"C:C"),0)} -> 0 | ... AR56: {=_xlfn.XLOOKUP($D56,INDIRECT(AR$2&"!"&"E:E"),INDIRECT(AR$2&"!"&"C:C"),0)} -> 0 | AS56: =SUM(R56:AR56) -> 0 | AT56: =Q56+AS56 -> 0 | AU56: Приемка, упаковка в ВПП пакет (пакет голубого цвета поставляется вместе с таблетницей), маркировка (1 этикетка), короб, отгрузка. | AV56: Таблетница поставляется в заводском БОПП пакете. Заводскую упаковку не снимать. Таблетницу вложить в голубой ВПП пакет, который поставляется вметсе с таблетницами. Этикетку с ШК клеить на лицевую сторону (НЕ на место склейки). В заводских коробках норма упаковки 80 шт. После упаковки в ВПП пакеты в стандартный короб 60*40*40 помещается 68 таблетниц. Внимательно! Смотреть цвет внутренних ячеек в таблетнице: - темносерая снаружи/темносерые внутренние ячейки и - темносерая снаружи/цветные внутренние ячейки. Белую таблетницу легко определить. | AX56: =AT56 -> 0 | AY56: * | BD56: * | BE56: * | BF56: * | BG56: =SUMIF(AY56:BF56,"*",$AY$2:$BF$2)+BC56 -> 24 | BH56: =AT56*BG56 -> 0 | BI56: 7 | BJ56: =BH56+AT56*BI56 -> 0
C57: Таблетница круглая черная/цветная на 7 дней по 2 отделения - 1 шт. | D57: 2042160422832 | E57: =_xlfn.XLOOKUP($D57,[1]Сводный!$E:$E,[1]Сводный!BR:BR,0) -> 0 | F57: =_xlfn.XLOOKUP($D57,[1]Сводный!$E:$E,[1]Сводный!BS:BS,0) -> 0 | G57: =_xlfn.XLOOKUP($D57,[1]Сводный!$E:$E,[1]Сводный!BT:BT,0) -> 0 | H57: =_xlfn.XLOOKUP($D57,[1]Сводный!$E:$E,[1]Сводный!BU:BU,0) -> 0 | I57: =_xlfn.XLOOKUP($D57,[1]Сводный!$E:$E,[1]Сводный!BV:BV,0) -> 0 | J57: =_xlfn.XLOOKUP($D57,[1]Сводный!$E:$E,[1]Сводный!BW:BW,0) -> 0 | K57: =_xlfn.XLOOKUP($D57,[1]Сводный!$E:$E,[1]Сводный!BX:BX,0) -> 0 | L57: =_xlfn.XLOOKUP($D57,[1]Сводный!$E:$E,[1]Сводный!BY:BY,0) -> 0 | M57: =_xlfn.XLOOKUP($D57,[1]Сводный!$E:$E,[1]Сводный!BZ:BZ,0) -> 0 | N57: =_xlfn.XLOOKUP($D57,[1]Сводный!$E:$E,[1]Сводный!CA:CA,0) -> 0 | O57: =_xlfn.XLOOKUP($D57,[1]Сводный!$E:$E,[1]Сводный!CB:CB,0) -> 0 | P57: =_xlfn.XLOOKUP($D57,[1]Сводный!$E:$E,[1]Сводный!CC:CC,0) -> 0 | Q57: =SUM(E57:P57) -> 0 | R57: {=_xlfn.XLOOKUP($D57,INDIRECT(R$2&"!"&"E:E"),INDIRECT(R$2&"!"&"C:C"),0)} -> 0 | S57: {=_xlfn.XLOOKUP($D57,INDIRECT(S$2&"!"&"E:E"),INDIRECT(S$2&"!"&"C:C"),0)} -> 0 | T57: {=_xlfn.XLOOKUP($D57,INDIRECT(T$2&"!"&"E:E"),INDIRECT(T$2&"!"&"C:C"),0)} -> 0 | U57: {=_xlfn.XLOOKUP($D57,INDIRECT(U$2&"!"&"E:E"),INDIRECT(U$2&"!"&"C:C"),0)} -> 0 | V57: {=_xlfn.XLOOKUP($D57,INDIRECT(V$2&"!"&"E:E"),INDIRECT(V$2&"!"&"C:C"),0)} -> 0 | W57: {=_xlfn.XLOOKUP($D57,INDIRECT(W$2&"!"&"E:E"),INDIRECT(W$2&"!"&"C:C"),0)} -> 0 | X57: {=_xlfn.XLOOKUP($D57,INDIRECT(X$2&"!"&"E:E"),INDIRECT(X$2&"!"&"C:C"),0)} -> 0 | Y57: {=_xlfn.XLOOKUP($D57,INDIRECT(Y$2&"!"&"E:E"),INDIRECT(Y$2&"!"&"C:C"),0)} -> 0 | ... AR57: {=_xlfn.XLOOKUP($D57,INDIRECT(AR$2&"!"&"E:E"),INDIRECT(AR$2&"!"&"C:C"),0)} -> 0 | AS57: =SUM(R57:AR57) -> 0 | AT57: =Q57+AS57 -> 0 | AU57: Приемка, упаковка в ВПП пакет (пакет голубого цвета поставляется вместе с таблетницей), маркировка (1 этикетка), короб, отгрузка. | AX57: =AT57 -> 0 | AY57: * | BD57: * | BE57: * | BF57: * | BG57: =SUMIF(AY57:BF57,"*",$AY$2:$BF$2)+BC57 -> 24 | BH57: =AT57*BG57 -> 0 | BI57: 7 | BJ57: =BH57+AT57*BI57 -> 0
C58: Таблетница круглая серая на 7 дней по 2 отделения - 1 шт. | D58: 2041680530447 | E58: =_xlfn.XLOOKUP($D58,[1]Сводный!$E:$E,[1]Сводный!BR:BR,0) -> 120 | F58: =_xlfn.XLOOKUP($D58,[1]Сводный!$E:$E,[1]Сводный!BS:BS,0) -> 0 | G58: =_xlfn.XLOOKUP($D58,[1]Сводный!$E:$E,[1]Сводный!BT:BT,0) -> 0 | H58: =_xlfn.XLOOKUP($D58,[1]Сводный!$E:$E,[1]Сводный!BU:BU,0) -> 0 | I58: =_xlfn.XLOOKUP($D58,[1]Сводный!$E:$E,[1]Сводный!BV:BV,0) -> 0 | J58: =_xlfn.XLOOKUP($D58,[1]Сводный!$E:$E,[1]Сводный!BW:BW,0) -> 40 | K58: =_xlfn.XLOOKUP($D58,[1]Сводный!$E:$E,[1]Сводный!BX:BX,0) -> 0 | L58: =_xlfn.XLOOKUP($D58,[1]Сводный!$E:$E,[1]Сводный!BY:BY,0) -> 80 | M58: =_xlfn.XLOOKUP($D58,[1]Сводный!$E:$E,[1]Сводный!BZ:BZ,0) -> 0 | N58: =_xlfn.XLOOKUP($D58,[1]Сводный!$E:$E,[1]Сводный!CA:CA,0) -> 40 | O58: =_xlfn.XLOOKUP($D58,[1]Сводный!$E:$E,[1]Сводный!CB:CB,0) -> 40 | P58: =_xlfn.XLOOKUP($D58,[1]Сводный!$E:$E,[1]Сводный!CC:CC,0) -> 0 | Q58: =SUM(E58:P58) -> 320 | R58: {=_xlfn.XLOOKUP($D58,INDIRECT(R$2&"!"&"E:E"),INDIRECT(R$2&"!"&"C:C"),0)} -> 0 | S58: {=_xlfn.XLOOKUP($D58,INDIRECT(S$2&"!"&"E:E"),INDIRECT(S$2&"!"&"C:C"),0)} -> 0 | T58: {=_xlfn.XLOOKUP($D58,INDIRECT(T$2&"!"&"E:E"),INDIRECT(T$2&"!"&"C:C"),0)} -> 0 | U58: {=_xlfn.XLOOKUP($D58,INDIRECT(U$2&"!"&"E:E"),INDIRECT(U$2&"!"&"C:C"),0)} -> 0 | V58: {=_xlfn.XLOOKUP($D58,INDIRECT(V$2&"!"&"E:E"),INDIRECT(V$2&"!"&"C:C"),0)} -> 0 | W58: {=_xlfn.XLOOKUP($D58,INDIRECT(W$2&"!"&"E:E"),INDIRECT(W$2&"!"&"C:C"),0)} -> 0 | X58: {=_xlfn.XLOOKUP($D58,INDIRECT(X$2&"!"&"E:E"),INDIRECT(X$2&"!"&"C:C"),0)} -> 0 | Y58: {=_xlfn.XLOOKUP($D58,INDIRECT(Y$2&"!"&"E:E"),INDIRECT(Y$2&"!"&"C:C"),0)} -> 0 | ... AR58: {=_xlfn.XLOOKUP($D58,INDIRECT(AR$2&"!"&"E:E"),INDIRECT(AR$2&"!"&"C:C"),0)} -> 0 | AS58: =SUM(R58:AR58) -> 0 | AT58: =Q58+AS58 -> 320 | AU58: Приемка, упаковка в ВПП пакет (пакет голубого цвета поставляется вместе с таблетницей), маркировка (1 этикетка), короб, отгрузка. | AX58: =AT58 -> 320 | AY58: * | BD58: * | BE58: * | BF58: * | BG58: =SUMIF(AY58:BF58,"*",$AY$2:$BF$2)+BC58 -> 24 | BH58: =AT58*BG58 -> 7680 | BI58: 7 | BJ58: =BH58+AT58*BI58 -> 9920
C59: Таблетница круглая серая/цветная на 7 дней по 2 отделения - 1 шт. | D59: 2043048226719 | E59: =_xlfn.XLOOKUP($D59,[1]Сводный!$E:$E,[1]Сводный!BR:BR,0) -> 0 | F59: =_xlfn.XLOOKUP($D59,[1]Сводный!$E:$E,[1]Сводный!BS:BS,0) -> 0 | G59: =_xlfn.XLOOKUP($D59,[1]Сводный!$E:$E,[1]Сводный!BT:BT,0) -> 0 | H59: =_xlfn.XLOOKUP($D59,[1]Сводный!$E:$E,[1]Сводный!BU:BU,0) -> 0 | I59: =_xlfn.XLOOKUP($D59,[1]Сводный!$E:$E,[1]Сводный!BV:BV,0) -> 0 | J59: =_xlfn.XLOOKUP($D59,[1]Сводный!$E:$E,[1]Сводный!BW:BW,0) -> 0 | K59: =_xlfn.XLOOKUP($D59,[1]Сводный!$E:$E,[1]Сводный!BX:BX,0) -> 0 | L59: =_xlfn.XLOOKUP($D59,[1]Сводный!$E:$E,[1]Сводный!BY:BY,0) -> 0 | M59: =_xlfn.XLOOKUP($D59,[1]Сводный!$E:$E,[1]Сводный!BZ:BZ,0) -> 0 | N59: =_xlfn.XLOOKUP($D59,[1]Сводный!$E:$E,[1]Сводный!CA:CA,0) -> 0 | O59: =_xlfn.XLOOKUP($D59,[1]Сводный!$E:$E,[1]Сводный!CB:CB,0) -> 40 | P59: =_xlfn.XLOOKUP($D59,[1]Сводный!$E:$E,[1]Сводный!CC:CC,0) -> 0 | Q59: =SUM(E59:P59) -> 40 | R59: {=_xlfn.XLOOKUP($D59,INDIRECT(R$2&"!"&"E:E"),INDIRECT(R$2&"!"&"C:C"),0)} -> 0 | S59: {=_xlfn.XLOOKUP($D59,INDIRECT(S$2&"!"&"E:E"),INDIRECT(S$2&"!"&"C:C"),0)} -> 0 | T59: {=_xlfn.XLOOKUP($D59,INDIRECT(T$2&"!"&"E:E"),INDIRECT(T$2&"!"&"C:C"),0)} -> 0 | U59: {=_xlfn.XLOOKUP($D59,INDIRECT(U$2&"!"&"E:E"),INDIRECT(U$2&"!"&"C:C"),0)} -> 0 | V59: {=_xlfn.XLOOKUP($D59,INDIRECT(V$2&"!"&"E:E"),INDIRECT(V$2&"!"&"C:C"),0)} -> 0 | W59: {=_xlfn.XLOOKUP($D59,INDIRECT(W$2&"!"&"E:E"),INDIRECT(W$2&"!"&"C:C"),0)} -> 0 | X59: {=_xlfn.XLOOKUP($D59,INDIRECT(X$2&"!"&"E:E"),INDIRECT(X$2&"!"&"C:C"),0)} -> 0 | Y59: {=_xlfn.XLOOKUP($D59,INDIRECT(Y$2&"!"&"E:E"),INDIRECT(Y$2&"!"&"C:C"),0)} -> 0 | ... AR59: {=_xlfn.XLOOKUP($D59,INDIRECT(AR$2&"!"&"E:E"),INDIRECT(AR$2&"!"&"C:C"),0)} -> 0 | AS59: =SUM(R59:AR59) -> 0 | AT59: =Q59+AS59 -> 40 | AU59: Приемка, упаковка в ВПП пакет (пакет голубого цвета поставляется вместе с таблетницей), маркировка (1 этикетка), короб, отгрузка. | AX59: =AT59 -> 40 | AY59: * | BD59: * | BE59: * | BF59: * | BG59: =SUMIF(AY59:BF59,"*",$AY$2:$BF$2)+BC59 -> 24 | BH59: =AT59*BG59 -> 960 | BI59: 7 | BJ59: =BH59+AT59*BI59 -> 1240
C60: Таблетница круглая белая/цветная на 7 дней по 2 отделения - 1 шт. | D60: 2041532808502 | E60: =_xlfn.XLOOKUP($D60,[1]Сводный!$E:$E,[1]Сводный!BR:BR,0) -> 0 | F60: =_xlfn.XLOOKUP($D60,[1]Сводный!$E:$E,[1]Сводный!BS:BS,0) -> 0 | G60: =_xlfn.XLOOKUP($D60,[1]Сводный!$E:$E,[1]Сводный!BT:BT,0) -> 0 | H60: =_xlfn.XLOOKUP($D60,[1]Сводный!$E:$E,[1]Сводный!BU:BU,0) -> 0 | I60: =_xlfn.XLOOKUP($D60,[1]Сводный!$E:$E,[1]Сводный!BV:BV,0) -> 0 | J60: =_xlfn.XLOOKUP($D60,[1]Сводный!$E:$E,[1]Сводный!BW:BW,0) -> 0 | K60: =_xlfn.XLOOKUP($D60,[1]Сводный!$E:$E,[1]Сводный!BX:BX,0) -> 0 | L60: =_xlfn.XLOOKUP($D60,[1]Сводный!$E:$E,[1]Сводный!BY:BY,0) -> 20 | M60: =_xlfn.XLOOKUP($D60,[1]Сводный!$E:$E,[1]Сводный!BZ:BZ,0) -> 0 | N60: =_xlfn.XLOOKUP($D60,[1]Сводный!$E:$E,[1]Сводный!CA:CA,0) -> 0 | O60: =_xlfn.XLOOKUP($D60,[1]Сводный!$E:$E,[1]Сводный!CB:CB,0) -> 20 | P60: =_xlfn.XLOOKUP($D60,[1]Сводный!$E:$E,[1]Сводный!CC:CC,0) -> 0 | Q60: =SUM(E60:P60) -> 40 | R60: {=_xlfn.XLOOKUP($D60,INDIRECT(R$2&"!"&"E:E"),INDIRECT(R$2&"!"&"C:C"),0)} -> 0 | S60: {=_xlfn.XLOOKUP($D60,INDIRECT(S$2&"!"&"E:E"),INDIRECT(S$2&"!"&"C:C"),0)} -> 0 | T60: {=_xlfn.XLOOKUP($D60,INDIRECT(T$2&"!"&"E:E"),INDIRECT(T$2&"!"&"C:C"),0)} -> 0 | U60: {=_xlfn.XLOOKUP($D60,INDIRECT(U$2&"!"&"E:E"),INDIRECT(U$2&"!"&"C:C"),0)} -> 0 | V60: {=_xlfn.XLOOKUP($D60,INDIRECT(V$2&"!"&"E:E"),INDIRECT(V$2&"!"&"C:C"),0)} -> 0 | W60: {=_xlfn.XLOOKUP($D60,INDIRECT(W$2&"!"&"E:E"),INDIRECT(W$2&"!"&"C:C"),0)} -> 0 | X60: {=_xlfn.XLOOKUP($D60,INDIRECT(X$2&"!"&"E:E"),INDIRECT(X$2&"!"&"C:C"),0)} -> 0 | Y60: {=_xlfn.XLOOKUP($D60,INDIRECT(Y$2&"!"&"E:E"),INDIRECT(Y$2&"!"&"C:C"),0)} -> 0 | ... AR60: {=_xlfn.XLOOKUP($D60,INDIRECT(AR$2&"!"&"E:E"),INDIRECT(AR$2&"!"&"C:C"),0)} -> 0 | AS60: =SUM(R60:AR60) -> 0 | AT60: =Q60+AS60 -> 40 | AU60: Приемка, упаковка в ВПП пакет (пакет голубого цвета поставляется вместе с таблетницей), маркировка (1 этикетка), короб, отгрузка. | AX60: =AT60 -> 40 | AY60: * | BD60: * | BE60: * | BF60: * | BG60: =SUMIF(AY60:BF60,"*",$AY$2:$BF$2)+BC60 -> 24 | BH60: =AT60*BG60 -> 960 | BI60: 7 | BJ60: =BH60+AT60*BI60 -> 1240
A61: Пробки для бутылки в коробке | C61: Набор из 4-х пробок для бутылки нежного цвета в коробке - 1 шт. | D61: 2043369755509 | E61: =_xlfn.XLOOKUP($D61,[1]Сводный!$E:$E,[1]Сводный!BR:BR,0) -> 30 | F61: =_xlfn.XLOOKUP($D61,[1]Сводный!$E:$E,[1]Сводный!BS:BS,0) -> 0 | G61: =_xlfn.XLOOKUP($D61,[1]Сводный!$E:$E,[1]Сводный!BT:BT,0) -> 0 | H61: =_xlfn.XLOOKUP($D61,[1]Сводный!$E:$E,[1]Сводный!BU:BU,0) -> 0 | I61: =_xlfn.XLOOKUP($D61,[1]Сводный!$E:$E,[1]Сводный!BV:BV,0) -> 0 | J61: =_xlfn.XLOOKUP($D61,[1]Сводный!$E:$E,[1]Сводный!BW:BW,0) -> 0 | K61: =_xlfn.XLOOKUP($D61,[1]Сводный!$E:$E,[1]Сводный!BX:BX,0) -> 0 | L61: =_xlfn.XLOOKUP($D61,[1]Сводный!$E:$E,[1]Сводный!BY:BY,0) -> 20 | M61: =_xlfn.XLOOKUP($D61,[1]Сводный!$E:$E,[1]Сводный!BZ:BZ,0) -> 0 | N61: =_xlfn.XLOOKUP($D61,[1]Сводный!$E:$E,[1]Сводный!CA:CA,0) -> 20 | O61: =_xlfn.XLOOKUP($D61,[1]Сводный!$E:$E,[1]Сводный!CB:CB,0) -> 20 | P61: =_xlfn.XLOOKUP($D61,[1]Сводный!$E:$E,[1]Сводный!CC:CC,0) -> 0 | Q61: =SUM(E61:P61) -> 90 | R61: {=_xlfn.XLOOKUP($D61,INDIRECT(R$2&"!"&"E:E"),INDIRECT(R$2&"!"&"C:C"),0)} -> 0 | S61: {=_xlfn.XLOOKUP($D61,INDIRECT(S$2&"!"&"E:E"),INDIRECT(S$2&"!"&"C:C"),0)} -> 0 | T61: {=_xlfn.XLOOKUP($D61,INDIRECT(T$2&"!"&"E:E"),INDIRECT(T$2&"!"&"C:C"),0)} -> 0 | U61: {=_xlfn.XLOOKUP($D61,INDIRECT(U$2&"!"&"E:E"),INDIRECT(U$2&"!"&"C:C"),0)} -> 0 | V61: {=_xlfn.XLOOKUP($D61,INDIRECT(V$2&"!"&"E:E"),INDIRECT(V$2&"!"&"C:C"),0)} -> 0 | W61: {=_xlfn.XLOOKUP($D61,INDIRECT(W$2&"!"&"E:E"),INDIRECT(W$2&"!"&"C:C"),0)} -> 0 | X61: {=_xlfn.XLOOKUP($D61,INDIRECT(X$2&"!"&"E:E"),INDIRECT(X$2&"!"&"C:C"),0)} -> 0 | Y61: {=_xlfn.XLOOKUP($D61,INDIRECT(Y$2&"!"&"E:E"),INDIRECT(Y$2&"!"&"C:C"),0)} -> 0 | ... AR61: {=_xlfn.XLOOKUP($D61,INDIRECT(AR$2&"!"&"E:E"),INDIRECT(AR$2&"!"&"C:C"),0)} -> 0 | AS61: =SUM(R61:AR61) -> 0 | AT61: =Q61+AS61 -> 90 | AU61: Приемка, маркировка (1 этикетка), короб, отгрузка. | AV61: Пробки упакованы в индивидуальные коробочки. Пробки нежного и яркого цвета поставляются в коробочках двух видов: - нежный цвет пробок только в коробочках, где фото на коробочке соответсвует пробкам внутри; - яркий цвет пробочек может быть в коробочке с фото нежных пробок, тогда на коробочке должна быть круглая наклейка (обычно красного цвета). По ней можно понять, что в корочке яркие пробки. Либо на фото на коробочке будут яркие пробки. Согласно этим цвету пробок внутри нужно клеить этикетку с ШК прямо на индивидуальную коробочку (не загибая штрих-код). | AX61: =AT61 -> 90 | AY61: * | BE61: * | BF61: * | BG61: =SUMIF(AY61:BF61,"*",$AY$2:$BF$2)+BC61 -> 14 | BH61: =AT61*BG61 -> 1260 | BJ61: =BH61+AT61*BI61 -> 1260
C62: Набор из 4-х пробок для бутылки яркого цвета в коробке - 1 шт. | D62: 2041533648312 | E62: =_xlfn.XLOOKUP($D62,[1]Сводный!$E:$E,[1]Сводный!BR:BR,0) -> 30 | F62: =_xlfn.XLOOKUP($D62,[1]Сводный!$E:$E,[1]Сводный!BS:BS,0) -> 0 | G62: =_xlfn.XLOOKUP($D62,[1]Сводный!$E:$E,[1]Сводный!BT:BT,0) -> 0 | H62: =_xlfn.XLOOKUP($D62,[1]Сводный!$E:$E,[1]Сводный!BU:BU,0) -> 0 | I62: =_xlfn.XLOOKUP($D62,[1]Сводный!$E:$E,[1]Сводный!BV:BV,0) -> 0 | J62: =_xlfn.XLOOKUP($D62,[1]Сводный!$E:$E,[1]Сводный!BW:BW,0) -> 20 | K62: =_xlfn.XLOOKUP($D62,[1]Сводный!$E:$E,[1]Сводный!BX:BX,0) -> 0 | L62: =_xlfn.XLOOKUP($D62,[1]Сводный!$E:$E,[1]Сводный!BY:BY,0) -> 0 | M62: =_xlfn.XLOOKUP($D62,[1]Сводный!$E:$E,[1]Сводный!BZ:BZ,0) -> 0 | N62: =_xlfn.XLOOKUP($D62,[1]Сводный!$E:$E,[1]Сводный!CA:CA,0) -> 20 | O62: =_xlfn.XLOOKUP($D62,[1]Сводный!$E:$E,[1]Сводный!CB:CB,0) -> 20 | P62: =_xlfn.XLOOKUP($D62,[1]Сводный!$E:$E,[1]Сводный!CC:CC,0) -> 0 | Q62: =SUM(E62:P62) -> 90 | R62: {=_xlfn.XLOOKUP($D62,INDIRECT(R$2&"!"&"E:E"),INDIRECT(R$2&"!"&"C:C"),0)} -> 0 | S62: {=_xlfn.XLOOKUP($D62,INDIRECT(S$2&"!"&"E:E"),INDIRECT(S$2&"!"&"C:C"),0)} -> 0 | T62: {=_xlfn.XLOOKUP($D62,INDIRECT(T$2&"!"&"E:E"),INDIRECT(T$2&"!"&"C:C"),0)} -> 0 | U62: {=_xlfn.XLOOKUP($D62,INDIRECT(U$2&"!"&"E:E"),INDIRECT(U$2&"!"&"C:C"),0)} -> 0 | V62: {=_xlfn.XLOOKUP($D62,INDIRECT(V$2&"!"&"E:E"),INDIRECT(V$2&"!"&"C:C"),0)} -> 0 | W62: {=_xlfn.XLOOKUP($D62,INDIRECT(W$2&"!"&"E:E"),INDIRECT(W$2&"!"&"C:C"),0)} -> 0 | X62: {=_xlfn.XLOOKUP($D62,INDIRECT(X$2&"!"&"E:E"),INDIRECT(X$2&"!"&"C:C"),0)} -> 0 | Y62: {=_xlfn.XLOOKUP($D62,INDIRECT(Y$2&"!"&"E:E"),INDIRECT(Y$2&"!"&"C:C"),0)} -> 0 | ... AR62: {=_xlfn.XLOOKUP($D62,INDIRECT(AR$2&"!"&"E:E"),INDIRECT(AR$2&"!"&"C:C"),0)} -> 0 | AS62: =SUM(R62:AR62) -> 0 | AT62: =Q62+AS62 -> 90 | AU62: Приемка, маркировка (1 этикетка), короб, отгрузка. | AX62: =AT62 -> 90 | AY62: * | BE62: * | BF62: * | BG62: =SUMIF(AY62:BF62,"*",$AY$2:$BF$2)+BC62 -> 14 | BH62: =AT62*BG62 -> 1260 | BJ62: =BH62+AT62*BI62 -> 1260
A63: Пробки для бутылки в пакете | C63: Набор из 4-х пробок для бутылки яркого цвета в пакете - 1 шт. | D63: 2042678197468 | E63: =_xlfn.XLOOKUP($D63,[1]Сводный!$E:$E,[1]Сводный!BR:BR,0) -> 0 | F63: =_xlfn.XLOOKUP($D63,[1]Сводный!$E:$E,[1]Сводный!BS:BS,0) -> 0 | G63: =_xlfn.XLOOKUP($D63,[1]Сводный!$E:$E,[1]Сводный!BT:BT,0) -> 0 | H63: =_xlfn.XLOOKUP($D63,[1]Сводный!$E:$E,[1]Сводный!BU:BU,0) -> 0 | I63: =_xlfn.XLOOKUP($D63,[1]Сводный!$E:$E,[1]Сводный!BV:BV,0) -> 0 | J63: =_xlfn.XLOOKUP($D63,[1]Сводный!$E:$E,[1]Сводный!BW:BW,0) -> 0 | K63: =_xlfn.XLOOKUP($D63,[1]Сводный!$E:$E,[1]Сводный!BX:BX,0) -> 0 | L63: =_xlfn.XLOOKUP($D63,[1]Сводный!$E:$E,[1]Сводный!BY:BY,0) -> 0 | M63: =_xlfn.XLOOKUP($D63,[1]Сводный!$E:$E,[1]Сводный!BZ:BZ,0) -> 0 | N63: =_xlfn.XLOOKUP($D63,[1]Сводный!$E:$E,[1]Сводный!CA:CA,0) -> 0 | O63: =_xlfn.XLOOKUP($D63,[1]Сводный!$E:$E,[1]Сводный!CB:CB,0) -> 0 | P63: =_xlfn.XLOOKUP($D63,[1]Сводный!$E:$E,[1]Сводный!CC:CC,0) -> 0 | Q63: =SUM(E63:P63) -> 0 | R63: {=_xlfn.XLOOKUP($D63,INDIRECT(R$2&"!"&"E:E"),INDIRECT(R$2&"!"&"C:C"),0)} -> 0 | S63: {=_xlfn.XLOOKUP($D63,INDIRECT(S$2&"!"&"E:E"),INDIRECT(S$2&"!"&"C:C"),0)} -> 0 | T63: {=_xlfn.XLOOKUP($D63,INDIRECT(T$2&"!"&"E:E"),INDIRECT(T$2&"!"&"C:C"),0)} -> 0 | U63: {=_xlfn.XLOOKUP($D63,INDIRECT(U$2&"!"&"E:E"),INDIRECT(U$2&"!"&"C:C"),0)} -> 0 | V63: {=_xlfn.XLOOKUP($D63,INDIRECT(V$2&"!"&"E:E"),INDIRECT(V$2&"!"&"C:C"),0)} -> 0 | W63: {=_xlfn.XLOOKUP($D63,INDIRECT(W$2&"!"&"E:E"),INDIRECT(W$2&"!"&"C:C"),0)} -> 0 | X63: {=_xlfn.XLOOKUP($D63,INDIRECT(X$2&"!"&"E:E"),INDIRECT(X$2&"!"&"C:C"),0)} -> 0 | Y63: {=_xlfn.XLOOKUP($D63,INDIRECT(Y$2&"!"&"E:E"),INDIRECT(Y$2&"!"&"C:C"),0)} -> 0 | ... AR63: {=_xlfn.XLOOKUP($D63,INDIRECT(AR$2&"!"&"E:E"),INDIRECT(AR$2&"!"&"C:C"),0)} -> 0 | AS63: =SUM(R63:AR63) -> 0 | AT63: =Q63+AS63 -> 0 | AU63: Приемка, короб, отгрузка | AV63: Пробки уже упакованы в пакеты. Наклеены ШК. Прверить. | AX63: =AT63 -> 0 | AY63: * | BF63: * | BG63: =SUMIF(AY63:BF63,"*",$AY$2:$BF$2)+BC63 -> 8 | BH63: =AT63*BG63 -> 0 | BJ63: =BH63+AT63*BI63 -> 0
A64: Нож для пиццы | C64: Нож для пиццы желтый в коробке - 1 шт. | D64: 2041533038113 | E64: =_xlfn.XLOOKUP($D64,[1]Сводный!$E:$E,[1]Сводный!BR:BR,0) -> 0 | F64: =_xlfn.XLOOKUP($D64,[1]Сводный!$E:$E,[1]Сводный!BS:BS,0) -> 0 | G64: =_xlfn.XLOOKUP($D64,[1]Сводный!$E:$E,[1]Сводный!BT:BT,0) -> 0 | H64: =_xlfn.XLOOKUP($D64,[1]Сводный!$E:$E,[1]Сводный!BU:BU,0) -> 0 | I64: =_xlfn.XLOOKUP($D64,[1]Сводный!$E:$E,[1]Сводный!BV:BV,0) -> 0 | J64: =_xlfn.XLOOKUP($D64,[1]Сводный!$E:$E,[1]Сводный!BW:BW,0) -> 0 | K64: =_xlfn.XLOOKUP($D64,[1]Сводный!$E:$E,[1]Сводный!BX:BX,0) -> 0 | L64: =_xlfn.XLOOKUP($D64,[1]Сводный!$E:$E,[1]Сводный!BY:BY,0) -> 0 | M64: =_xlfn.XLOOKUP($D64,[1]Сводный!$E:$E,[1]Сводный!BZ:BZ,0) -> 0 | N64: =_xlfn.XLOOKUP($D64,[1]Сводный!$E:$E,[1]Сводный!CA:CA,0) -> 0 | O64: =_xlfn.XLOOKUP($D64,[1]Сводный!$E:$E,[1]Сводный!CB:CB,0) -> 0 | P64: =_xlfn.XLOOKUP($D64,[1]Сводный!$E:$E,[1]Сводный!CC:CC,0) -> 0 | Q64: =SUM(E64:P64) -> 0 | R64: {=_xlfn.XLOOKUP($D64,INDIRECT(R$2&"!"&"E:E"),INDIRECT(R$2&"!"&"C:C"),0)} -> 0 | S64: {=_xlfn.XLOOKUP($D64,INDIRECT(S$2&"!"&"E:E"),INDIRECT(S$2&"!"&"C:C"),0)} -> 0 | T64: {=_xlfn.XLOOKUP($D64,INDIRECT(T$2&"!"&"E:E"),INDIRECT(T$2&"!"&"C:C"),0)} -> 0 | U64: {=_xlfn.XLOOKUP($D64,INDIRECT(U$2&"!"&"E:E"),INDIRECT(U$2&"!"&"C:C"),0)} -> 0 | V64: {=_xlfn.XLOOKUP($D64,INDIRECT(V$2&"!"&"E:E"),INDIRECT(V$2&"!"&"C:C"),0)} -> 0 | W64: {=_xlfn.XLOOKUP($D64,INDIRECT(W$2&"!"&"E:E"),INDIRECT(W$2&"!"&"C:C"),0)} -> 0 | X64: {=_xlfn.XLOOKUP($D64,INDIRECT(X$2&"!"&"E:E"),INDIRECT(X$2&"!"&"C:C"),0)} -> 0 | Y64: {=_xlfn.XLOOKUP($D64,INDIRECT(Y$2&"!"&"E:E"),INDIRECT(Y$2&"!"&"C:C"),0)} -> 0 | ... AR64: {=_xlfn.XLOOKUP($D64,INDIRECT(AR$2&"!"&"E:E"),INDIRECT(AR$2&"!"&"C:C"),0)} -> 0 | AS64: =SUM(R64:AR64) -> 0 | AT64: =Q64+AS64 -> 0 | AU64: Приемка, маркировка (1 этикетка), короб, отгрузка. | AV64: Ножи для пиццы поставляются в индивидуальных заводских коробочках. На коробочках есть квадратики, в которых на заводе маркером обозначают цвет. Все наглядно и понятно. Согласно этим обозначениям нужно клеить этикетку с ШК прямо на индивидуальную коробочку на заднюю сторону (не загибая штрих-код). Обычно шк хорошо смотрится в правом верхнем углу. | AX64: =AT64 -> 0 | AY64: * | BE64: * | BF64: * | BG64: =SUMIF(AY64:BF64,"*",$AY$2:$BF$2)+BC64 -> 14 | BH64: =AT64*BG64 -> 0 | BJ64: =BH64+AT64*BI64 -> 0
C65: Нож для пиццы зеленый в коробке - 1 шт. | D65: 2042777181566 | E65: =_xlfn.XLOOKUP($D65,[1]Сводный!$E:$E,[1]Сводный!BR:BR,0) -> 0 | F65: =_xlfn.XLOOKUP($D65,[1]Сводный!$E:$E,[1]Сводный!BS:BS,0) -> 0 | G65: =_xlfn.XLOOKUP($D65,[1]Сводный!$E:$E,[1]Сводный!BT:BT,0) -> 0 | H65: =_xlfn.XLOOKUP($D65,[1]Сводный!$E:$E,[1]Сводный!BU:BU,0) -> 0 | I65: =_xlfn.XLOOKUP($D65,[1]Сводный!$E:$E,[1]Сводный!BV:BV,0) -> 0 | J65: =_xlfn.XLOOKUP($D65,[1]Сводный!$E:$E,[1]Сводный!BW:BW,0) -> 0 | K65: =_xlfn.XLOOKUP($D65,[1]Сводный!$E:$E,[1]Сводный!BX:BX,0) -> 0 | L65: =_xlfn.XLOOKUP($D65,[1]Сводный!$E:$E,[1]Сводный!BY:BY,0) -> 0 | M65: =_xlfn.XLOOKUP($D65,[1]Сводный!$E:$E,[1]Сводный!BZ:BZ,0) -> 0 | N65: =_xlfn.XLOOKUP($D65,[1]Сводный!$E:$E,[1]Сводный!CA:CA,0) -> 0 | O65: =_xlfn.XLOOKUP($D65,[1]Сводный!$E:$E,[1]Сводный!CB:CB,0) -> 0 | P65: =_xlfn.XLOOKUP($D65,[1]Сводный!$E:$E,[1]Сводный!CC:CC,0) -> 0 | Q65: =SUM(E65:P65) -> 0 | R65: {=_xlfn.XLOOKUP($D65,INDIRECT(R$2&"!"&"E:E"),INDIRECT(R$2&"!"&"C:C"),0)} -> 0 | S65: {=_xlfn.XLOOKUP($D65,INDIRECT(S$2&"!"&"E:E"),INDIRECT(S$2&"!"&"C:C"),0)} -> 0 | T65: {=_xlfn.XLOOKUP($D65,INDIRECT(T$2&"!"&"E:E"),INDIRECT(T$2&"!"&"C:C"),0)} -> 0 | U65: {=_xlfn.XLOOKUP($D65,INDIRECT(U$2&"!"&"E:E"),INDIRECT(U$2&"!"&"C:C"),0)} -> 0 | V65: {=_xlfn.XLOOKUP($D65,INDIRECT(V$2&"!"&"E:E"),INDIRECT(V$2&"!"&"C:C"),0)} -> 0 | W65: {=_xlfn.XLOOKUP($D65,INDIRECT(W$2&"!"&"E:E"),INDIRECT(W$2&"!"&"C:C"),0)} -> 0 | X65: {=_xlfn.XLOOKUP($D65,INDIRECT(X$2&"!"&"E:E"),INDIRECT(X$2&"!"&"C:C"),0)} -> 0 | Y65: {=_xlfn.XLOOKUP($D65,INDIRECT(Y$2&"!"&"E:E"),INDIRECT(Y$2&"!"&"C:C"),0)} -> 0 | ... AR65: {=_xlfn.XLOOKUP($D65,INDIRECT(AR$2&"!"&"E:E"),INDIRECT(AR$2&"!"&"C:C"),0)} -> 0 | AS65: =SUM(R65:AR65) -> 0 | AT65: =Q65+AS65 -> 0 | AU65: Приемка, маркировка (1 этикетка), короб, отгрузка. | AX65: =AT65 -> 0 | AY65: * | BE65: * | BF65: * | BG65: =SUMIF(AY65:BF65,"*",$AY$2:$BF$2)+BC65 -> 14 | BH65: =AT65*BG65 -> 0 | BJ65: =BH65+AT65*BI65 -> 0
A66: Шпатель скребок кондитерский в коробке | C66: Шпатель скребок кондитерский желтый в коробке - 1 шт. | D66: 2041533399818 | E66: =_xlfn.XLOOKUP($D66,[1]Сводный!$E:$E,[1]Сводный!BR:BR,0) -> 0 | F66: =_xlfn.XLOOKUP($D66,[1]Сводный!$E:$E,[1]Сводный!BS:BS,0) -> 0 | G66: =_xlfn.XLOOKUP($D66,[1]Сводный!$E:$E,[1]Сводный!BT:BT,0) -> 0 | H66: =_xlfn.XLOOKUP($D66,[1]Сводный!$E:$E,[1]Сводный!BU:BU,0) -> 0 | I66: =_xlfn.XLOOKUP($D66,[1]Сводный!$E:$E,[1]Сводный!BV:BV,0) -> 0 | J66: =_xlfn.XLOOKUP($D66,[1]Сводный!$E:$E,[1]Сводный!BW:BW,0) -> 0 | K66: =_xlfn.XLOOKUP($D66,[1]Сводный!$E:$E,[1]Сводный!BX:BX,0) -> 0 | L66: =_xlfn.XLOOKUP($D66,[1]Сводный!$E:$E,[1]Сводный!BY:BY,0) -> 0 | M66: =_xlfn.XLOOKUP($D66,[1]Сводный!$E:$E,[1]Сводный!BZ:BZ,0) -> 0 | N66: =_xlfn.XLOOKUP($D66,[1]Сводный!$E:$E,[1]Сводный!CA:CA,0) -> 0 | O66: =_xlfn.XLOOKUP($D66,[1]Сводный!$E:$E,[1]Сводный!CB:CB,0) -> 0 | P66: =_xlfn.XLOOKUP($D66,[1]Сводный!$E:$E,[1]Сводный!CC:CC,0) -> 0 | Q66: =SUM(E66:P66) -> 0 | R66: {=_xlfn.XLOOKUP($D66,INDIRECT(R$2&"!"&"E:E"),INDIRECT(R$2&"!"&"C:C"),0)} -> 0 | S66: {=_xlfn.XLOOKUP($D66,INDIRECT(S$2&"!"&"E:E"),INDIRECT(S$2&"!"&"C:C"),0)} -> 0 | T66: {=_xlfn.XLOOKUP($D66,INDIRECT(T$2&"!"&"E:E"),INDIRECT(T$2&"!"&"C:C"),0)} -> 0 | U66: {=_xlfn.XLOOKUP($D66,INDIRECT(U$2&"!"&"E:E"),INDIRECT(U$2&"!"&"C:C"),0)} -> 0 | V66: {=_xlfn.XLOOKUP($D66,INDIRECT(V$2&"!"&"E:E"),INDIRECT(V$2&"!"&"C:C"),0)} -> 0 | W66: {=_xlfn.XLOOKUP($D66,INDIRECT(W$2&"!"&"E:E"),INDIRECT(W$2&"!"&"C:C"),0)} -> 0 | X66: {=_xlfn.XLOOKUP($D66,INDIRECT(X$2&"!"&"E:E"),INDIRECT(X$2&"!"&"C:C"),0)} -> 0 | Y66: {=_xlfn.XLOOKUP($D66,INDIRECT(Y$2&"!"&"E:E"),INDIRECT(Y$2&"!"&"C:C"),0)} -> 0 | ... AR66: {=_xlfn.XLOOKUP($D66,INDIRECT(AR$2&"!"&"E:E"),INDIRECT(AR$2&"!"&"C:C"),0)} -> 0 | AS66: =SUM(R66:AR66) -> 0 | AT66: =Q66+AS66 -> 0 | AU66: Приемка, маркировка (1 этикетка), короб, отгрузка. | AV66: Шпатели поставляются в индивидуальных заводских коробочках белого цвета. Этикетку с ШК клеить прямо на индивидуальную коробочку (не загибая штрих-код). Обычно шк хорошо смотрится в правом верхнем углу. | AX66: =AT66 -> 0 | AY66: * | BE66: * | BF66: * | BG66: =SUMIF(AY66:BF66,"*",$AY$2:$BF$2)+BC66 -> 14 | BH66: =AT66*BG66 -> 0 | BJ66: =BH66+AT66*BI66 -> 0
A67: Мяч для собак на веревке овальный | C67: Мяч для собак с веревкой овальный синий в ОРР пакете - 1 шт. | D67: 2040903547941 | E67: =_xlfn.XLOOKUP($D67,[1]Сводный!$E:$E,[1]Сводный!BR:BR,0) -> 20 | F67: =_xlfn.XLOOKUP($D67,[1]Сводный!$E:$E,[1]Сводный!BS:BS,0) -> 0 | G67: =_xlfn.XLOOKUP($D67,[1]Сводный!$E:$E,[1]Сводный!BT:BT,0) -> 0 | H67: =_xlfn.XLOOKUP($D67,[1]Сводный!$E:$E,[1]Сводный!BU:BU,0) -> 0 | I67: =_xlfn.XLOOKUP($D67,[1]Сводный!$E:$E,[1]Сводный!BV:BV,0) -> 0 | J67: =_xlfn.XLOOKUP($D67,[1]Сводный!$E:$E,[1]Сводный!BW:BW,0) -> 10 | K67: =_xlfn.XLOOKUP($D67,[1]Сводный!$E:$E,[1]Сводный!BX:BX,0) -> 0 | L67: =_xlfn.XLOOKUP($D67,[1]Сводный!$E:$E,[1]Сводный!BY:BY,0) -> 0 | M67: =_xlfn.XLOOKUP($D67,[1]Сводный!$E:$E,[1]Сводный!BZ:BZ,0) -> 0 | N67: =_xlfn.XLOOKUP($D67,[1]Сводный!$E:$E,[1]Сводный!CA:CA,0) -> 10 | O67: =_xlfn.XLOOKUP($D67,[1]Сводный!$E:$E,[1]Сводный!CB:CB,0) -> 20 | P67: =_xlfn.XLOOKUP($D67,[1]Сводный!$E:$E,[1]Сводный!CC:CC,0) -> 0 | Q67: =SUM(E67:P67) -> 60 | R67: {=_xlfn.XLOOKUP($D67,INDIRECT(R$2&"!"&"E:E"),INDIRECT(R$2&"!"&"C:C"),0)} -> 0 | S67: {=_xlfn.XLOOKUP($D67,INDIRECT(S$2&"!"&"E:E"),INDIRECT(S$2&"!"&"C:C"),0)} -> 0 | T67: {=_xlfn.XLOOKUP($D67,INDIRECT(T$2&"!"&"E:E"),INDIRECT(T$2&"!"&"C:C"),0)} -> 0 | U67: {=_xlfn.XLOOKUP($D67,INDIRECT(U$2&"!"&"E:E"),INDIRECT(U$2&"!"&"C:C"),0)} -> 0 | V67: {=_xlfn.XLOOKUP($D67,INDIRECT(V$2&"!"&"E:E"),INDIRECT(V$2&"!"&"C:C"),0)} -> 0 | W67: {=_xlfn.XLOOKUP($D67,INDIRECT(W$2&"!"&"E:E"),INDIRECT(W$2&"!"&"C:C"),0)} -> 0 | X67: {=_xlfn.XLOOKUP($D67,INDIRECT(X$2&"!"&"E:E"),INDIRECT(X$2&"!"&"C:C"),0)} -> 0 | Y67: {=_xlfn.XLOOKUP($D67,INDIRECT(Y$2&"!"&"E:E"),INDIRECT(Y$2&"!"&"C:C"),0)} -> 0 | ... AR67: {=_xlfn.XLOOKUP($D67,INDIRECT(AR$2&"!"&"E:E"),INDIRECT(AR$2&"!"&"C:C"),0)} -> 0 | AS67: =SUM(R67:AR67) -> 0 | AT67: =Q67+AS67 -> 60 | AU67: Приемка, маркировка (1 этикетка), короб, отгрузка. | AV67: Мячик на резинке для собак упакован в заводской БОПП пакет. Этикетку с ШК клеить прямо на пакет. Внимательно, чтобы штрихкод не сжимался. | AX67: =AT67 -> 60 | AY67: * | BE67: * | BF67: * | BG67: =SUMIF(AY67:BF67,"*",$AY$2:$BF$2)+BC67 -> 14 | BH67: =AT67*BG67 -> 840 | BJ67: =BH67+AT67*BI67 -> 840
C68: Мяч для собак с веревкой овальный красный в ОРР пакете - 1 шт. | D68: 2040903539366 | E68: =_xlfn.XLOOKUP($D68,[1]Сводный!$E:$E,[1]Сводный!BR:BR,0) -> 40 | F68: =_xlfn.XLOOKUP($D68,[1]Сводный!$E:$E,[1]Сводный!BS:BS,0) -> 0 | G68: =_xlfn.XLOOKUP($D68,[1]Сводный!$E:$E,[1]Сводный!BT:BT,0) -> 0 | H68: =_xlfn.XLOOKUP($D68,[1]Сводный!$E:$E,[1]Сводный!BU:BU,0) -> 0 | I68: =_xlfn.XLOOKUP($D68,[1]Сводный!$E:$E,[1]Сводный!BV:BV,0) -> 0 | J68: =_xlfn.XLOOKUP($D68,[1]Сводный!$E:$E,[1]Сводный!BW:BW,0) -> 20 | K68: =_xlfn.XLOOKUP($D68,[1]Сводный!$E:$E,[1]Сводный!BX:BX,0) -> 0 | L68: =_xlfn.XLOOKUP($D68,[1]Сводный!$E:$E,[1]Сводный!BY:BY,0) -> 0 | M68: =_xlfn.XLOOKUP($D68,[1]Сводный!$E:$E,[1]Сводный!BZ:BZ,0) -> 0 | N68: =_xlfn.XLOOKUP($D68,[1]Сводный!$E:$E,[1]Сводный!CA:CA,0) -> 20 | O68: =_xlfn.XLOOKUP($D68,[1]Сводный!$E:$E,[1]Сводный!CB:CB,0) -> 20 | P68: =_xlfn.XLOOKUP($D68,[1]Сводный!$E:$E,[1]Сводный!CC:CC,0) -> 0 | Q68: =SUM(E68:P68) -> 100 | R68: {=_xlfn.XLOOKUP($D68,INDIRECT(R$2&"!"&"E:E"),INDIRECT(R$2&"!"&"C:C"),0)} -> 0 | S68: {=_xlfn.XLOOKUP($D68,INDIRECT(S$2&"!"&"E:E"),INDIRECT(S$2&"!"&"C:C"),0)} -> 0 | T68: {=_xlfn.XLOOKUP($D68,INDIRECT(T$2&"!"&"E:E"),INDIRECT(T$2&"!"&"C:C"),0)} -> 0 | U68: {=_xlfn.XLOOKUP($D68,INDIRECT(U$2&"!"&"E:E"),INDIRECT(U$2&"!"&"C:C"),0)} -> 0 | V68: {=_xlfn.XLOOKUP($D68,INDIRECT(V$2&"!"&"E:E"),INDIRECT(V$2&"!"&"C:C"),0)} -> 0 | W68: {=_xlfn.XLOOKUP($D68,INDIRECT(W$2&"!"&"E:E"),INDIRECT(W$2&"!"&"C:C"),0)} -> 0 | X68: {=_xlfn.XLOOKUP($D68,INDIRECT(X$2&"!"&"E:E"),INDIRECT(X$2&"!"&"C:C"),0)} -> 0 | Y68: {=_xlfn.XLOOKUP($D68,INDIRECT(Y$2&"!"&"E:E"),INDIRECT(Y$2&"!"&"C:C"),0)} -> 0 | ... AR68: {=_xlfn.XLOOKUP($D68,INDIRECT(AR$2&"!"&"E:E"),INDIRECT(AR$2&"!"&"C:C"),0)} -> 0 | AS68: =SUM(R68:AR68) -> 0 | AT68: =Q68+AS68 -> 100 | AU68: Приемка, маркировка (1 этикетка), короб, отгрузка. | AX68: =AT68 -> 100 | AY68: * | BE68: * | BF68: * | BG68: =SUMIF(AY68:BF68,"*",$AY$2:$BF$2)+BC68 -> 14 | BH68: =AT68*BG68 -> 1400 | BJ68: =BH68+AT68*BI68 -> 1400
A69: Мяч для собак на веревке круглый | C69: Мяч для собак с веревкой круглый синий в ОРР пакете - 1 шт. | D69: 2040900511679 | E69: =_xlfn.XLOOKUP($D69,[1]Сводный!$E:$E,[1]Сводный!BR:BR,0) -> 50 | F69: =_xlfn.XLOOKUP($D69,[1]Сводный!$E:$E,[1]Сводный!BS:BS,0) -> 0 | G69: =_xlfn.XLOOKUP($D69,[1]Сводный!$E:$E,[1]Сводный!BT:BT,0) -> 0 | H69: =_xlfn.XLOOKUP($D69,[1]Сводный!$E:$E,[1]Сводный!BU:BU,0) -> 0 | I69: =_xlfn.XLOOKUP($D69,[1]Сводный!$E:$E,[1]Сводный!BV:BV,0) -> 0 | J69: =_xlfn.XLOOKUP($D69,[1]Сводный!$E:$E,[1]Сводный!BW:BW,0) -> 0 | K69: =_xlfn.XLOOKUP($D69,[1]Сводный!$E:$E,[1]Сводный!BX:BX,0) -> 0 | L69: =_xlfn.XLOOKUP($D69,[1]Сводный!$E:$E,[1]Сводный!BY:BY,0) -> 30 | M69: =_xlfn.XLOOKUP($D69,[1]Сводный!$E:$E,[1]Сводный!BZ:BZ,0) -> 0 | N69: =_xlfn.XLOOKUP($D69,[1]Сводный!$E:$E,[1]Сводный!CA:CA,0) -> 30 | O69: =_xlfn.XLOOKUP($D69,[1]Сводный!$E:$E,[1]Сводный!CB:CB,0) -> 30 | P69: =_xlfn.XLOOKUP($D69,[1]Сводный!$E:$E,[1]Сводный!CC:CC,0) -> 0 | Q69: =SUM(E69:P69) -> 140 | R69: {=_xlfn.XLOOKUP($D69,INDIRECT(R$2&"!"&"E:E"),INDIRECT(R$2&"!"&"C:C"),0)} -> 0 | S69: {=_xlfn.XLOOKUP($D69,INDIRECT(S$2&"!"&"E:E"),INDIRECT(S$2&"!"&"C:C"),0)} -> 0 | T69: {=_xlfn.XLOOKUP($D69,INDIRECT(T$2&"!"&"E:E"),INDIRECT(T$2&"!"&"C:C"),0)} -> 0 | U69: {=_xlfn.XLOOKUP($D69,INDIRECT(U$2&"!"&"E:E"),INDIRECT(U$2&"!"&"C:C"),0)} -> 0 | V69: {=_xlfn.XLOOKUP($D69,INDIRECT(V$2&"!"&"E:E"),INDIRECT(V$2&"!"&"C:C"),0)} -> 0 | W69: {=_xlfn.XLOOKUP($D69,INDIRECT(W$2&"!"&"E:E"),INDIRECT(W$2&"!"&"C:C"),0)} -> 0 | X69: {=_xlfn.XLOOKUP($D69,INDIRECT(X$2&"!"&"E:E"),INDIRECT(X$2&"!"&"C:C"),0)} -> 0 | Y69: {=_xlfn.XLOOKUP($D69,INDIRECT(Y$2&"!"&"E:E"),INDIRECT(Y$2&"!"&"C:C"),0)} -> 0 | ... AR69: {=_xlfn.XLOOKUP($D69,INDIRECT(AR$2&"!"&"E:E"),INDIRECT(AR$2&"!"&"C:C"),0)} -> 0 | AS69: =SUM(R69:AR69) -> 0 | AT69: =Q69+AS69 -> 140 | AU69: Приемка, маркировка (1 этикетка), короб, отгрузка. | AV69: Мячик на резинке для собак упакован в заводской БОПП пакет. Этикетку с ШК клеить прямо на пакет. Внимательно, чтобы штрихкод не сжимался. | AX69: =AT69 -> 140 | AY69: * | BE69: * | BF69: * | BG69: =SUMIF(AY69:BF69,"*",$AY$2:$BF$2)+BC69 -> 14 | BH69: =AT69*BG69 -> 1960 | BJ69: =BH69+AT69*BI69 -> 1960
C70: Мяч для собак с веревкой круглый красный в ОРР пакете - 1 шт. | D70: 2040902555480 | E70: =_xlfn.XLOOKUP($D70,[1]Сводный!$E:$E,[1]Сводный!BR:BR,0) -> 50 | F70: =_xlfn.XLOOKUP($D70,[1]Сводный!$E:$E,[1]Сводный!BS:BS,0) -> 0 | G70: =_xlfn.XLOOKUP($D70,[1]Сводный!$E:$E,[1]Сводный!BT:BT,0) -> 0 | H70: =_xlfn.XLOOKUP($D70,[1]Сводный!$E:$E,[1]Сводный!BU:BU,0) -> 0 | I70: =_xlfn.XLOOKUP($D70,[1]Сводный!$E:$E,[1]Сводный!BV:BV,0) -> 0 | J70: =_xlfn.XLOOKUP($D70,[1]Сводный!$E:$E,[1]Сводный!BW:BW,0) -> 0 | K70: =_xlfn.XLOOKUP($D70,[1]Сводный!$E:$E,[1]Сводный!BX:BX,0) -> 0 | L70: =_xlfn.XLOOKUP($D70,[1]Сводный!$E:$E,[1]Сводный!BY:BY,0) -> 30 | M70: =_xlfn.XLOOKUP($D70,[1]Сводный!$E:$E,[1]Сводный!BZ:BZ,0) -> 0 | N70: =_xlfn.XLOOKUP($D70,[1]Сводный!$E:$E,[1]Сводный!CA:CA,0) -> 30 | O70: =_xlfn.XLOOKUP($D70,[1]Сводный!$E:$E,[1]Сводный!CB:CB,0) -> 30 | P70: =_xlfn.XLOOKUP($D70,[1]Сводный!$E:$E,[1]Сводный!CC:CC,0) -> 0 | Q70: =SUM(E70:P70) -> 140 | R70: {=_xlfn.XLOOKUP($D70,INDIRECT(R$2&"!"&"E:E"),INDIRECT(R$2&"!"&"C:C"),0)} -> 0 | S70: {=_xlfn.XLOOKUP($D70,INDIRECT(S$2&"!"&"E:E"),INDIRECT(S$2&"!"&"C:C"),0)} -> 0 | T70: {=_xlfn.XLOOKUP($D70,INDIRECT(T$2&"!"&"E:E"),INDIRECT(T$2&"!"&"C:C"),0)} -> 0 | U70: {=_xlfn.XLOOKUP($D70,INDIRECT(U$2&"!"&"E:E"),INDIRECT(U$2&"!"&"C:C"),0)} -> 0 | V70: {=_xlfn.XLOOKUP($D70,INDIRECT(V$2&"!"&"E:E"),INDIRECT(V$2&"!"&"C:C"),0)} -> 0 | W70: {=_xlfn.XLOOKUP($D70,INDIRECT(W$2&"!"&"E:E"),INDIRECT(W$2&"!"&"C:C"),0)} -> 0 | X70: {=_xlfn.XLOOKUP($D70,INDIRECT(X$2&"!"&"E:E"),INDIRECT(X$2&"!"&"C:C"),0)} -> 0 | Y70: {=_xlfn.XLOOKUP($D70,INDIRECT(Y$2&"!"&"E:E"),INDIRECT(Y$2&"!"&"C:C"),0)} -> 0 | ... AR70: {=_xlfn.XLOOKUP($D70,INDIRECT(AR$2&"!"&"E:E"),INDIRECT(AR$2&"!"&"C:C"),0)} -> 0 | AS70: =SUM(R70:AR70) -> 0 | AT70: =Q70+AS70 -> 140 | AU70: Приемка, маркировка (1 этикетка), короб, отгрузка. | AX70: =AT70 -> 140 | AY70: * | BE70: * | BF70: * | BG70: =SUMIF(AY70:BF70,"*",$AY$2:$BF$2)+BC70 -> 14 | BH70: =AT70*BG70 -> 1960 | BJ70: =BH70+AT70*BI70 -> 1960
A71: Скакалка | C71: Скакалка черная - 1 шт. | D71: 2041473034138 | E71: =_xlfn.XLOOKUP($D71,[1]Сводный!$E:$E,[1]Сводный!BR:BR,0) -> 0 | F71: =_xlfn.XLOOKUP($D71,[1]Сводный!$E:$E,[1]Сводный!BS:BS,0) -> 0 | G71: =_xlfn.XLOOKUP($D71,[1]Сводный!$E:$E,[1]Сводный!BT:BT,0) -> 0 | H71: =_xlfn.XLOOKUP($D71,[1]Сводный!$E:$E,[1]Сводный!BU:BU,0) -> 0 | I71: =_xlfn.XLOOKUP($D71,[1]Сводный!$E:$E,[1]Сводный!BV:BV,0) -> 0 | J71: =_xlfn.XLOOKUP($D71,[1]Сводный!$E:$E,[1]Сводный!BW:BW,0) -> 0 | K71: =_xlfn.XLOOKUP($D71,[1]Сводный!$E:$E,[1]Сводный!BX:BX,0) -> 0 | L71: =_xlfn.XLOOKUP($D71,[1]Сводный!$E:$E,[1]Сводный!BY:BY,0) -> 0 | M71: =_xlfn.XLOOKUP($D71,[1]Сводный!$E:$E,[1]Сводный!BZ:BZ,0) -> 0 | N71: =_xlfn.XLOOKUP($D71,[1]Сводный!$E:$E,[1]Сводный!CA:CA,0) -> 0 | O71: =_xlfn.XLOOKUP($D71,[1]Сводный!$E:$E,[1]Сводный!CB:CB,0) -> 0 | P71: =_xlfn.XLOOKUP($D71,[1]Сводный!$E:$E,[1]Сводный!CC:CC,0) -> 0 | Q71: =SUM(E71:P71) -> 0 | R71: {=_xlfn.XLOOKUP($D71,INDIRECT(R$2&"!"&"E:E"),INDIRECT(R$2&"!"&"C:C"),0)} -> 0 | S71: {=_xlfn.XLOOKUP($D71,INDIRECT(S$2&"!"&"E:E"),INDIRECT(S$2&"!"&"C:C"),0)} -> 0 | T71: {=_xlfn.XLOOKUP($D71,INDIRECT(T$2&"!"&"E:E"),INDIRECT(T$2&"!"&"C:C"),0)} -> 0 | U71: {=_xlfn.XLOOKUP($D71,INDIRECT(U$2&"!"&"E:E"),INDIRECT(U$2&"!"&"C:C"),0)} -> 0 | V71: {=_xlfn.XLOOKUP($D71,INDIRECT(V$2&"!"&"E:E"),INDIRECT(V$2&"!"&"C:C"),0)} -> 0 | W71: {=_xlfn.XLOOKUP($D71,INDIRECT(W$2&"!"&"E:E"),INDIRECT(W$2&"!"&"C:C"),0)} -> 0 | X71: {=_xlfn.XLOOKUP($D71,INDIRECT(X$2&"!"&"E:E"),INDIRECT(X$2&"!"&"C:C"),0)} -> 0 | Y71: {=_xlfn.XLOOKUP($D71,INDIRECT(Y$2&"!"&"E:E"),INDIRECT(Y$2&"!"&"C:C"),0)} -> 0 | ... AR71: {=_xlfn.XLOOKUP($D71,INDIRECT(AR$2&"!"&"E:E"),INDIRECT(AR$2&"!"&"C:C"),0)} -> 0 | AS71: =SUM(R71:AR71) -> 0 | AT71: =Q71+AS71 -> 0 | AU71: Приемка, упаковка в ваш ВПП пакет, маркировка (1 этикетка), короб, отгрузка. | AV71: Скакалка (две ручки и трос) поставляется в заводском пакете. Заводскую упаковку не снимать. Скакалку вложить в ВПП (мой пакет). Этикетку с ШК клеить на лицевую сторону (НЕ на место склейки). | AX71: =AT71 -> 0 | AY71: * | AZ71: * | BD71: * | BE71: * | BF71: * | BG71: =SUMIF(AY71:BF71,"*",$AY$2:$BF$2)+BC71 -> 29 | BH71: =AT71*BG71 -> 0 | BI71: 6 | BJ71: =BH71+AT71*BI71 -> 0
C72: Скакалка красная - 1 шт. | D72: 2041473034145 | E72: =_xlfn.XLOOKUP($D72,[1]Сводный!$E:$E,[1]Сводный!BR:BR,0) -> 0 | F72: =_xlfn.XLOOKUP($D72,[1]Сводный!$E:$E,[1]Сводный!BS:BS,0) -> 0 | G72: =_xlfn.XLOOKUP($D72,[1]Сводный!$E:$E,[1]Сводный!BT:BT,0) -> 0 | H72: =_xlfn.XLOOKUP($D72,[1]Сводный!$E:$E,[1]Сводный!BU:BU,0) -> 0 | I72: =_xlfn.XLOOKUP($D72,[1]Сводный!$E:$E,[1]Сводный!BV:BV,0) -> 0 | J72: =_xlfn.XLOOKUP($D72,[1]Сводный!$E:$E,[1]Сводный!BW:BW,0) -> 0 | K72: =_xlfn.XLOOKUP($D72,[1]Сводный!$E:$E,[1]Сводный!BX:BX,0) -> 0 | L72: =_xlfn.XLOOKUP($D72,[1]Сводный!$E:$E,[1]Сводный!BY:BY,0) -> 0 | M72: =_xlfn.XLOOKUP($D72,[1]Сводный!$E:$E,[1]Сводный!BZ:BZ,0) -> 0 | N72: =_xlfn.XLOOKUP($D72,[1]Сводный!$E:$E,[1]Сводный!CA:CA,0) -> 0 | O72: =_xlfn.XLOOKUP($D72,[1]Сводный!$E:$E,[1]Сводный!CB:CB,0) -> 0 | P72: =_xlfn.XLOOKUP($D72,[1]Сводный!$E:$E,[1]Сводный!CC:CC,0) -> 0 | Q72: =SUM(E72:P72) -> 0 | R72: {=_xlfn.XLOOKUP($D72,INDIRECT(R$2&"!"&"E:E"),INDIRECT(R$2&"!"&"C:C"),0)} -> 0 | S72: {=_xlfn.XLOOKUP($D72,INDIRECT(S$2&"!"&"E:E"),INDIRECT(S$2&"!"&"C:C"),0)} -> 0 | T72: {=_xlfn.XLOOKUP($D72,INDIRECT(T$2&"!"&"E:E"),INDIRECT(T$2&"!"&"C:C"),0)} -> 0 | U72: {=_xlfn.XLOOKUP($D72,INDIRECT(U$2&"!"&"E:E"),INDIRECT(U$2&"!"&"C:C"),0)} -> 0 | V72: {=_xlfn.XLOOKUP($D72,INDIRECT(V$2&"!"&"E:E"),INDIRECT(V$2&"!"&"C:C"),0)} -> 0 | W72: {=_xlfn.XLOOKUP($D72,INDIRECT(W$2&"!"&"E:E"),INDIRECT(W$2&"!"&"C:C"),0)} -> 0 | X72: {=_xlfn.XLOOKUP($D72,INDIRECT(X$2&"!"&"E:E"),INDIRECT(X$2&"!"&"C:C"),0)} -> 0 | Y72: {=_xlfn.XLOOKUP($D72,INDIRECT(Y$2&"!"&"E:E"),INDIRECT(Y$2&"!"&"C:C"),0)} -> 0 | ... AR72: {=_xlfn.XLOOKUP($D72,INDIRECT(AR$2&"!"&"E:E"),INDIRECT(AR$2&"!"&"C:C"),0)} -> 0 | AS72: =SUM(R72:AR72) -> 0 | AT72: =Q72+AS72 -> 0 | AU72: Приемка, упаковка в ваш ВПП пакет, маркировка (1 этикетка), короб, отгрузка. | AX72: =AT72 -> 0 | AY72: * | AZ72: * | BD72: * | BE72: * | BF72: * | BG72: =SUMIF(AY72:BF72,"*",$AY$2:$BF$2)+BC72 -> 29 | BH72: =AT72*BG72 -> 0 | BI72: 6 | BJ72: =BH72+AT72*BI72 -> 0
C73: Скакалка синяя - 1 шт. | D73: 2041473034169 | E73: =_xlfn.XLOOKUP($D73,[1]Сводный!$E:$E,[1]Сводный!BR:BR,0) -> 0 | F73: =_xlfn.XLOOKUP($D73,[1]Сводный!$E:$E,[1]Сводный!BS:BS,0) -> 0 | G73: =_xlfn.XLOOKUP($D73,[1]Сводный!$E:$E,[1]Сводный!BT:BT,0) -> 0 | H73: =_xlfn.XLOOKUP($D73,[1]Сводный!$E:$E,[1]Сводный!BU:BU,0) -> 0 | I73: =_xlfn.XLOOKUP($D73,[1]Сводный!$E:$E,[1]Сводный!BV:BV,0) -> 0 | J73: =_xlfn.XLOOKUP($D73,[1]Сводный!$E:$E,[1]Сводный!BW:BW,0) -> 0 | K73: =_xlfn.XLOOKUP($D73,[1]Сводный!$E:$E,[1]Сводный!BX:BX,0) -> 0 | L73: =_xlfn.XLOOKUP($D73,[1]Сводный!$E:$E,[1]Сводный!BY:BY,0) -> 0 | M73: =_xlfn.XLOOKUP($D73,[1]Сводный!$E:$E,[1]Сводный!BZ:BZ,0) -> 0 | N73: =_xlfn.XLOOKUP($D73,[1]Сводный!$E:$E,[1]Сводный!CA:CA,0) -> 0 | O73: =_xlfn.XLOOKUP($D73,[1]Сводный!$E:$E,[1]Сводный!CB:CB,0) -> 0 | P73: =_xlfn.XLOOKUP($D73,[1]Сводный!$E:$E,[1]Сводный!CC:CC,0) -> 0 | Q73: =SUM(E73:P73) -> 0 | R73: {=_xlfn.XLOOKUP($D73,INDIRECT(R$2&"!"&"E:E"),INDIRECT(R$2&"!"&"C:C"),0)} -> 0 | S73: {=_xlfn.XLOOKUP($D73,INDIRECT(S$2&"!"&"E:E"),INDIRECT(S$2&"!"&"C:C"),0)} -> 0 | T73: {=_xlfn.XLOOKUP($D73,INDIRECT(T$2&"!"&"E:E"),INDIRECT(T$2&"!"&"C:C"),0)} -> 0 | U73: {=_xlfn.XLOOKUP($D73,INDIRECT(U$2&"!"&"E:E"),INDIRECT(U$2&"!"&"C:C"),0)} -> 0 | V73: {=_xlfn.XLOOKUP($D73,INDIRECT(V$2&"!"&"E:E"),INDIRECT(V$2&"!"&"C:C"),0)} -> 0 | W73: {=_xlfn.XLOOKUP($D73,INDIRECT(W$2&"!"&"E:E"),INDIRECT(W$2&"!"&"C:C"),0)} -> 0 | X73: {=_xlfn.XLOOKUP($D73,INDIRECT(X$2&"!"&"E:E"),INDIRECT(X$2&"!"&"C:C"),0)} -> 0 | Y73: {=_xlfn.XLOOKUP($D73,INDIRECT(Y$2&"!"&"E:E"),INDIRECT(Y$2&"!"&"C:C"),0)} -> 0 | ... AR73: {=_xlfn.XLOOKUP($D73,INDIRECT(AR$2&"!"&"E:E"),INDIRECT(AR$2&"!"&"C:C"),0)} -> 0 | AS73: =SUM(R73:AR73) -> 0 | AT73: =Q73+AS73 -> 0 | AU73: Приемка, упаковка в ваш ВПП пакет, маркировка (1 этикетка), короб, отгрузка. | AX73: =AT73 -> 0 | AY73: * | AZ73: * | BD73: * | BE73: * | BF73: * | BG73: =SUMIF(AY73:BF73,"*",$AY$2:$BF$2)+BC73 -> 29 | BH73: =AT73*BG73 -> 0 | BI73: 6 | BJ73: =BH73+AT73*BI73 -> 0
B74: ИТОГО | E74: =SUM(E6:E73) -> 1012 | F74: =SUM(F6:F73) -> 0 | G74: =SUM(G6:G73) -> 0 | H74: =SUM(H6:H73) -> 0 | I74: =SUM(I6:I73) -> 0 | J74: =SUM(J6:J73) -> 365 | K74: =SUM(K6:K73) -> 0 | L74: =SUM(L6:L73) -> 595 | ... AT74: =SUM(AT6:AT73) -> 3707 | AX74: =SUM(AX6:AX73) -> 4067 | BG74: ИТОГО ФФ на товары | BH74: =SUM(BH6:BH73) -> 64268 | BJ74: =SUM(BJ6:BJ73) -> 68832
Q75: =SUM(E74:P74) -> 3707 | BG75: ИТОГО ФФ за все услуги | BH75: =BH74+BJ87 -> 84283
BG77: Работа | BH77: цена | BI77: кол-во | BJ77: стоимость
BG78: разгрузка короба | BH78: 100 | BI78: 18 | BJ78: =BH78*BI78 -> 1800
BG79: разгрузка мешков | BH79: 100 | BJ79: =BH79*BI79 -> 0
BG80: снятие обрешетки | BH80: 100 | BI80: 5 | BJ80: =BH80*BI80 -> 500
BG81: короба | BH81: 180 | BI81: 32 | BJ81: =BH81*BI81 -> 5760
BG82: палетты | BH82: 700 | BI82: 2 | BJ82: =BH82*BI82 -> 1400
BG83: доставка на ВБ короб | BH83: 300 | BI83: 8 | BJ83: =BH83*BI83 -> 2400
BG84: доставка на ВБ короб | BH84: 500 | BI84: 5 | BJ84: =BH84*BI84 -> 2500
BG85: доставка на ВБ палет | BH85: 3045 | BI85: 1 | BJ85: =BH85*BI85 -> 3045
BG86: доставка на ВБ палет | BH86: 2610 | BI86: 1 | BJ86: =BH86*BI86 -> 2610
BG87: ИТОГО | BI87: 1 | BJ87: =SUM(BJ78:BJ86) -> 20015

Sheet Сводная Озон
A1: Артикул ОЗОН | B1: Артикул поставщика | C1: Наименование | D1: ШК | E1: Москва, МО и Дальние регионы | F1: Санкт-Петербург и СЗО | G1: Казань | H1: Самара | I1: Уфа | J1: Оренбург | K1: Краснодар | L1: Ростов | M1: Воронеж | N1: Саратов | O1: Кавказ | P1: Красноярск | Q1: Новосибирск | R1: Омск | S1: Екатеринбург | T1: Пермь | U1: Тюмень | V1: Дальний Восток | W1: Тверь | X1: Ярославль | Y1: Калининград | Z1: Беларусь | AA1: Казахстан | AB1: Итого
A2: арт озон | B2: арт пост | C2: наим | D2: шк | E2: 1 | F2: 2 | G2: 3 | H2: 4 | I2: 5 | J2: 6 | K2: 7 | L2: 8 | M2: 9 | N2: 10 | O2: 11 | P2: 12 | Q2: 13 | R2: 14 | S2: 15 | T2: 16 | U2: 17 | V2: 18 | W2: 19 | X2: 20 | Y2: 21 | Z2: 22 | AA2: 23 | AB2: итог
A3: =[2]Юнит!$B5 -> 0 | B3: =[2]Юнит!$C5 -> ACRF1BN101PN | C3: =_xlfn.XLOOKUP(D3,[2]Юнит!$E:$E,[2]Юнит!$D:$D) -> Бандаж для лица розовый | D3: =[2]Юнит!$E5 -> 2038161736993 | E3: {=_xlfn.XLOOKUP($D3,ТЗ_ФФ!$D:$D,ТЗ_ФФ!T:T+ТЗ_ФФ!U:U+ТЗ_ФФ!V:V,0)} -> 0 | F3: {=_xlfn.XLOOKUP($D3,ТЗ_ФФ!$D:$D,ТЗ_ФФ!AK:AK+ТЗ_ФФ!AL:AL+ТЗ_ФФ!AM:AM,0)} -> 0 | G3: =_xlfn.XLOOKUP($D3,ТЗ_ФФ!$D:$D,ТЗ_ФФ!X:X,0) -> 0 | H3: =_xlfn.XLOOKUP($D3,ТЗ_ФФ!$D:$D,ТЗ_ФФ!AI:AI,0) -> 0 | I3: =_xlfn.XLOOKUP($D3,ТЗ_ФФ!$D:$D,ТЗ_ФФ!AP:AP,0) -> 0 | J3: =_xlfn.XLOOKUP($D3,ТЗ_ФФ!$D:$D,ТЗ_ФФ!AF:AF,0) -> 0 | K3: {=_xlfn.XLOOKUP($D3,ТЗ_ФФ!$D:$D,ТЗ_ФФ!R:R+ТЗ_ФФ!AC:AC,0)} -> 0 | L3: =_xlfn.XLOOKUP($D3,ТЗ_ФФ!$D:$D,ТЗ_ФФ!AH:AH,0) -> 0 | N3: =_xlfn.XLOOKUP($D3,ТЗ_ФФ!$D:$D,ТЗ_ФФ!AJ:AJ,0) -> 0 | O3: =_xlfn.XLOOKUP($D3,ТЗ_ФФ!$D:$D,ТЗ_ФФ!AB:AB,0) -> 0 | P3: =_xlfn.XLOOKUP($D3,ТЗ_ФФ!$D:$D,ТЗ_ФФ!Z:Z,0) -> 0 | Q3: =_xlfn.XLOOKUP($D3,ТЗ_ФФ!$D:$D,ТЗ_ФФ!AD:AD,0) -> 0 | R3: =_xlfn.XLOOKUP($D3,ТЗ_ФФ!$D:$D,ТЗ_ФФ!AE:AE,0) -> 0 | S3: =_xlfn.XLOOKUP($D3,ТЗ_ФФ!$D:$D,ТЗ_ФФ!W:W,0) -> 0 | T3: =_xlfn.XLOOKUP($D3,ТЗ_ФФ!$D:$D,ТЗ_ФФ!AG:AG,0) -> 0 | U3: =_xlfn.XLOOKUP($D3,ТЗ_ФФ!$D:$D,ТЗ_ФФ!AO:AO,0) -> 0 | V3: =_xlfn.XLOOKUP($D3,ТЗ_ФФ!$D:$D,ТЗ_ФФ!AQ:AQ,0) -> 0 | W3: =_xlfn.XLOOKUP($D3,ТЗ_ФФ!$D:$D,ТЗ_ФФ!AN:AN,0) -> 0 | X3: =_xlfn.XLOOKUP($D3,ТЗ_ФФ!$D:$D,ТЗ_ФФ!AR:AR,0) -> 0 | Y3: =_xlfn.XLOOKUP($D3,ТЗ_ФФ!$D:$D,ТЗ_ФФ!Y:Y,0) -> 0 | Z3: =_xlfn.XLOOKUP($D3,ТЗ_ФФ!$D:$D,ТЗ_ФФ!AA:AA,0) -> 0 | AA3: =_xlfn.XLOOKUP($D3,ТЗ_ФФ!$D:$D,ТЗ_ФФ!S:S,0) -> 0 | AB3: =SUM(E3:AA3) -> 0
A4: =[2]Юнит!$B6 -> 2453533282 | B4: =[2]Юнит!$C6 -> ACRF1BN101BC | C4: =_xlfn.XLOOKUP(D4,[2]Юнит!$E:$E,[2]Юнит!$D:$D) -> Бандаж для лица черный | D4: =[2]Юнит!$E6 -> 2038162681926 | E4: {=_xlfn.XLOOKUP($D4,ТЗ_ФФ!$D:$D,ТЗ_ФФ!T:T+ТЗ_ФФ!U:U+ТЗ_ФФ!V:V,0)} -> 0 | F4: {=_xlfn.XLOOKUP($D4,ТЗ_ФФ!$D:$D,ТЗ_ФФ!AK:AK+ТЗ_ФФ!AL:AL+ТЗ_ФФ!AM:AM,0)} -> 0 | G4: =_xlfn.XLOOKUP($D4,ТЗ_ФФ!$D:$D,ТЗ_ФФ!X:X,0) -> 0 | H4: =_xlfn.XLOOKUP($D4,ТЗ_ФФ!$D:$D,ТЗ_ФФ!AI:AI,0) -> 0 | I4: =_xlfn.XLOOKUP($D4,ТЗ_ФФ!$D:$D,ТЗ_ФФ!AP:AP,0) -> 0 | J4: =_xlfn.XLOOKUP($D4,ТЗ_ФФ!$D:$D,ТЗ_ФФ!AF:AF,0) -> 0 | K4: {=_xlfn.XLOOKUP($D4,ТЗ_ФФ!$D:$D,ТЗ_ФФ!R:R+ТЗ_ФФ!AC:AC,0)} -> 0 | L4: =_xlfn.XLOOKUP($D4,ТЗ_ФФ!$D:$D,ТЗ_ФФ!AH:AH,0) -> 0 | N4: =_xlfn.XLOOKUP($D4,ТЗ_ФФ!$D:$D,ТЗ_ФФ!AJ:AJ,0) -> 0 | O4: =_xlfn.XLOOKUP($D4,ТЗ_ФФ!$D:$D,ТЗ_ФФ!AB:AB,0) -> 0 | P4: =_xlfn.XLOOKUP($D4,ТЗ_ФФ!$D:$D,ТЗ_ФФ!Z:Z,0) -> 0 | Q4: =_xlfn.XLOOKUP($D4,ТЗ_ФФ!$D:$D,ТЗ_ФФ!AD:AD,0) -> 0 | R4: =_xlfn.XLOOKUP($D4,ТЗ_ФФ!$D:$D,ТЗ_ФФ!AE:AE,0) -> 0 | S4: =_xlfn.XLOOKUP($D4,ТЗ_ФФ!$D:$D,ТЗ_ФФ!W:W,0) -> 0 | T4: =_xlfn.XLOOKUP($D4,ТЗ_ФФ!$D:$D,ТЗ_ФФ!AG:AG,0) -> 0 | U4: =_xlfn.XLOOKUP($D4,ТЗ_ФФ!$D:$D,ТЗ_ФФ!AO:AO,0) -> 0 | V4: =_xlfn.XLOOKUP($D4,ТЗ_ФФ!$D:$D,ТЗ_ФФ!AQ:AQ,0) -> 0 | W4: =_xlfn.XLOOKUP($D4,ТЗ_ФФ!$D:$D,ТЗ_ФФ!AN:AN,0) -> 0 | X4: =_xlfn.XLOOKUP($D4,ТЗ_ФФ!$D:$D,ТЗ_ФФ!AR:AR,0) -> 0 | Y4: =_xlfn.XLOOKUP($D4,ТЗ_ФФ!$D:$D,ТЗ_ФФ!Y:Y,0) -> 0 | Z4: =_xlfn.XLOOKUP($D4,ТЗ_ФФ!$D:$D,ТЗ_ФФ!AA:AA,0) -> 0 | AA4: =_xlfn.XLOOKUP($D4,ТЗ_ФФ!$D:$D,ТЗ_ФФ!S:S,0) -> 0 | AB4: =SUM(E4:AA4) -> 0
A5: =[2]Юнит!$B7 -> 2419349210 | B5: =[2]Юнит!$C7 -> ACRF1BN201GR | C5: =_xlfn.XLOOKUP(D5,[2]Юнит!$E:$E,[2]Юнит!$D:$D) -> Бандаж для лица серый | D5: =[2]Юнит!$E7 -> 2038172050200 | E5: {=_xlfn.XLOOKUP($D5,ТЗ_ФФ!$D:$D,ТЗ_ФФ!T:T+ТЗ_ФФ!U:U+ТЗ_ФФ!V:V,0)} -> 0 | F5: {=_xlfn.XLOOKUP($D5,ТЗ_ФФ!$D:$D,ТЗ_ФФ!AK:AK+ТЗ_ФФ!AL:AL+ТЗ_ФФ!AM:AM,0)} -> 0 | G5: =_xlfn.XLOOKUP($D5,ТЗ_ФФ!$D:$D,ТЗ_ФФ!X:X,0) -> 0 | H5: =_xlfn.XLOOKUP($D5,ТЗ_ФФ!$D:$D,ТЗ_ФФ!AI:AI,0) -> 0 | I5: =_xlfn.XLOOKUP($D5,ТЗ_ФФ!$D:$D,ТЗ_ФФ!AP:AP,0) -> 0 | J5: =_xlfn.XLOOKUP($D5,ТЗ_ФФ!$D:$D,ТЗ_ФФ!AF:AF,0) -> 0 | K5: {=_xlfn.XLOOKUP($D5,ТЗ_ФФ!$D:$D,ТЗ_ФФ!R:R+ТЗ_ФФ!AC:AC,0)} -> 0 | L5: =_xlfn.XLOOKUP($D5,ТЗ_ФФ!$D:$D,ТЗ_ФФ!AH:AH,0) -> 0 | N5: =_xlfn.XLOOKUP($D5,ТЗ_ФФ!$D:$D,ТЗ_ФФ!AJ:AJ,0) -> 0 | O5: =_xlfn.XLOOKUP($D5,ТЗ_ФФ!$D:$D,ТЗ_ФФ!AB:AB,0) -> 0 | P5: =_xlfn.XLOOKUP($D5,ТЗ_ФФ!$D:$D,ТЗ_ФФ!Z:Z,0) -> 0 | Q5: =_xlfn.XLOOKUP($D5,ТЗ_ФФ!$D:$D,ТЗ_ФФ!AD:AD,0) -> 0 | R5: =_xlfn.XLOOKUP($D5,ТЗ_ФФ!$D:$D,ТЗ_ФФ!AE:AE,0) -> 0 | S5: =_xlfn.XLOOKUP($D5,ТЗ_ФФ!$D:$D,ТЗ_ФФ!W:W,0) -> 0 | T5: =_xlfn.XLOOKUP($D5,ТЗ_ФФ!$D:$D,ТЗ_ФФ!AG:AG,0) -> 0 | U5: =_xlfn.XLOOKUP($D5,ТЗ_ФФ!$D:$D,ТЗ_ФФ!AO:AO,0) -> 0 | V5: =_xlfn.XLOOKUP($D5,ТЗ_ФФ!$D:$D,ТЗ_ФФ!AQ:AQ,0) -> 0 | W5: =_xlfn.XLOOKUP($D5,ТЗ_ФФ!$D:$D,ТЗ_ФФ!AN:AN,0) -> 0 | X5: =_xlfn.XLOOKUP($D5,ТЗ_ФФ!$D:$D,ТЗ_ФФ!AR:AR,0) -> 0 | Y5: =_xlfn.XLOOKUP($D5,ТЗ_ФФ!$D:$D,ТЗ_ФФ!Y:Y,0) -> 0 | Z5: =_xlfn.XLOOKUP($D5,ТЗ_ФФ!$D:$D,ТЗ_ФФ!AA:AA,0) -> 0 | AA5: =_xlfn.XLOOKUP($D5,ТЗ_ФФ!$D:$D,ТЗ_ФФ!S:S,0) -> 0 | AB5: =SUM(E5:AA5) -> 0
A6: =[2]Юнит!$B8 -> 2419349460 | B6: =[2]Юнит!$C8 -> AHMA7BW101BG | C6: =_xlfn.XLOOKUP(D6,[2]Юнит!$E:$E,[2]Юнит!$D:$D) -> Мешки 7 шт. | D6: =[2]Юнит!$E8 -> 2038337652454 | E6: {=_xlfn.XLOOKUP($D6,ТЗ_ФФ!$D:$D,ТЗ_ФФ!T:T+ТЗ_ФФ!U:U+ТЗ_ФФ!V:V,0)} -> 0 | F6: {=_xlfn.XLOOKUP($D6,ТЗ_ФФ!$D:$D,ТЗ_ФФ!AK:AK+ТЗ_ФФ!AL:AL+ТЗ_ФФ!AM:AM,0)} -> 0 | G6: =_xlfn.XLOOKUP($D6,ТЗ_ФФ!$D:$D,ТЗ_ФФ!X:X,0) -> 0 | H6: =_xlfn.XLOOKUP($D6,ТЗ_ФФ!$D:$D,ТЗ_ФФ!AI:AI,0) -> 0 | I6: =_xlfn.XLOOKUP($D6,ТЗ_ФФ!$D:$D,ТЗ_ФФ!AP:AP,0) -> 0 | J6: =_xlfn.XLOOKUP($D6,ТЗ_ФФ!$D:$D,ТЗ_ФФ!AF:AF,0) -> 0 | K6: {=_xlfn.XLOOKUP($D6,ТЗ_ФФ!$D:$D,ТЗ_ФФ!R:R+ТЗ_ФФ!AC:AC,0)} -> 0 | L6: =_xlfn.XLOOKUP($D6,ТЗ_ФФ!$D:$D,ТЗ_ФФ!AH:AH,0) -> 0 | N6: =_xlfn.XLOOKUP($D6,ТЗ_ФФ!$D:$D,ТЗ_ФФ!AJ:AJ,0) -> 0 | O6: =_xlfn.XLOOKUP($D6,ТЗ_ФФ!$D:$D,ТЗ_ФФ!AB:AB,0) -> 0 | P6: =_xlfn.XLOOKUP($D6,ТЗ_ФФ!$D:$D,ТЗ_ФФ!Z:Z,0) -> 0 | Q6: =_xlfn.XLOOKUP($D6,ТЗ_ФФ!$D:$D,ТЗ_ФФ!AD:AD,0) -> 0 | R6: =_xlfn.XLOOKUP($D6,ТЗ_ФФ!$D:$D,ТЗ_ФФ!AE:AE,0) -> 0 | S6: =_xlfn.XLOOKUP($D6,ТЗ_ФФ!$D:$D,ТЗ_ФФ!W:W,0) -> 0 | T6: =_xlfn.XLOOKUP($D6,ТЗ_ФФ!$D:$D,ТЗ_ФФ!AG:AG,0) -> 0 | U6: =_xlfn.XLOOKUP($D6,ТЗ_ФФ!$D:$D,ТЗ_ФФ!AO:AO,0) -> 0 | V6: =_xlfn.XLOOKUP($D6,ТЗ_ФФ!$D:$D,ТЗ_ФФ!AQ:AQ,0) -> 0 | W6: =_xlfn.XLOOKUP($D6,ТЗ_ФФ!$D:$D,ТЗ_ФФ!AN:AN,0) -> 0 | X6: =_xlfn.XLOOKUP($D6,ТЗ_ФФ!$D:$D,ТЗ_ФФ!AR:AR,0) -> 0 | Y6: =_xlfn.XLOOKUP($D6,ТЗ_ФФ!$D:$D,ТЗ_ФФ!Y:Y,0) -> 0 | Z6: =_xlfn.XLOOKUP($D6,ТЗ_ФФ!$D:$D,ТЗ_ФФ!AA:AA,0) -> 0 | AA6: =_xlfn.XLOOKUP($D6,ТЗ_ФФ!$D:$D,ТЗ_ФФ!S:S,0) -> 0 | AB6: =SUM(E6:AA6) -> 0
A7: =[2]Юнит!$B9 -> 2138709303 | B7: =[2]Юнит!$C9 -> AHMA1BW101BG | C7: =_xlfn.XLOOKUP(D7,[2]Юнит!$E:$E,[2]Юнит!$D:$D) -> Мешок для бюстгалтеров | D7: =[2]Юнит!$E9 -> 2038597850744 | E7: {=_xlfn.XLOOKUP($D7,ТЗ_ФФ!$D:$D,ТЗ_ФФ!T:T+ТЗ_ФФ!U:U+ТЗ_ФФ!V:V,0)} -> 0 | F7: {=_xlfn.XLOOKUP($D7,ТЗ_ФФ!$D:$D,ТЗ_ФФ!AK:AK+ТЗ_ФФ!AL:AL+ТЗ_ФФ!AM:AM,0)} -> 0 | G7: =_xlfn.XLOOKUP($D7,ТЗ_ФФ!$D:$D,ТЗ_ФФ!X:X,0) -> 0 | H7: =_xlfn.XLOOKUP($D7,ТЗ_ФФ!$D:$D,ТЗ_ФФ!AI:AI,0) -> 0 | I7: =_xlfn.XLOOKUP($D7,ТЗ_ФФ!$D:$D,ТЗ_ФФ!AP:AP,0) -> 0 | J7: =_xlfn.XLOOKUP($D7,ТЗ_ФФ!$D:$D,ТЗ_ФФ!AF:AF,0) -> 0 | K7: {=_xlfn.XLOOKUP($D7,ТЗ_ФФ!$D:$D,ТЗ_ФФ!R:R+ТЗ_ФФ!AC:AC,0)} -> 0 | L7: =_xlfn.XLOOKUP($D7,ТЗ_ФФ!$D:$D,ТЗ_ФФ!AH:AH,0) -> 0 | N7: =_xlfn.XLOOKUP($D7,ТЗ_ФФ!$D:$D,ТЗ_ФФ!AJ:AJ,0) -> 0 | O7: =_xlfn.XLOOKUP($D7,ТЗ_ФФ!$D:$D,ТЗ_ФФ!AB:AB,0) -> 0 | P7: =_xlfn.XLOOKUP($D7,ТЗ_ФФ!$D:$D,ТЗ_ФФ!Z:Z,0) -> 0 | Q7: =_xlfn.XLOOKUP($D7,ТЗ_ФФ!$D:$D,ТЗ_ФФ!AD:AD,0) -> 0 | R7: =_xlfn.XLOOKUP($D7,ТЗ_ФФ!$D:$D,ТЗ_ФФ!AE:AE,0) -> 0 | S7: =_xlfn.XLOOKUP($D7,ТЗ_ФФ!$D:$D,ТЗ_ФФ!W:W,0) -> 0 | T7: =_xlfn.XLOOKUP($D7,ТЗ_ФФ!$D:$D,ТЗ_ФФ!AG:AG,0) -> 0 | U7: =_xlfn.XLOOKUP($D7,ТЗ_ФФ!$D:$D,ТЗ_ФФ!AO:AO,0) -> 0 | V7: =_xlfn.XLOOKUP($D7,ТЗ_ФФ!$D:$D,ТЗ_ФФ!AQ:AQ,0) -> 0 | W7: =_xlfn.XLOOKUP($D7,ТЗ_ФФ!$D:$D,ТЗ_ФФ!AN:AN,0) -> 0 | X7: =_xlfn.XLOOKUP($D7,ТЗ_ФФ!$D:$D,ТЗ_ФФ!AR:AR,0) -> 0 | Y7: =_xlfn.XLOOKUP($D7,ТЗ_ФФ!$D:$D,ТЗ_ФФ!Y:Y,0) -> 0 | Z7: =_xlfn.XLOOKUP($D7,ТЗ_ФФ!$D:$D,ТЗ_ФФ!AA:AA,0) -> 0 | AA7: =_xlfn.XLOOKUP($D7,ТЗ_ФФ!$D:$D,ТЗ_ФФ!S:S,0) -> 0 | AB7: =SUM(E7:AA7) -> 0
A8: =[2]Юнит!$B10 -> 2419349262 | B8: =[2]Юнит!$C10 -> AHMA3BW101BG | C8: =_xlfn.XLOOKUP(D8,[2]Юнит!$E:$E,[2]Юнит!$D:$D) -> Мешки 3 шт. | D8: =[2]Юнит!$E10 -> 2038627692689 | E8: {=_xlfn.XLOOKUP($D8,ТЗ_ФФ!$D:$D,ТЗ_ФФ!T:T+ТЗ_ФФ!U:U+ТЗ_ФФ!V:V,0)} -> 0 | F8: {=_xlfn.XLOOKUP($D8,ТЗ_ФФ!$D:$D,ТЗ_ФФ!AK:AK+ТЗ_ФФ!AL:AL+ТЗ_ФФ!AM:AM,0)} -> 0 | G8: =_xlfn.XLOOKUP($D8,ТЗ_ФФ!$D:$D,ТЗ_ФФ!X:X,0) -> 0 | H8: =_xlfn.XLOOKUP($D8,ТЗ_ФФ!$D:$D,ТЗ_ФФ!AI:AI,0) -> 0 | I8: =_xlfn.XLOOKUP($D8,ТЗ_ФФ!$D:$D,ТЗ_ФФ!AP:AP,0) -> 0 | J8: =_xlfn.XLOOKUP($D8,ТЗ_ФФ!$D:$D,ТЗ_ФФ!AF:AF,0) -> 0 | K8: {=_xlfn.XLOOKUP($D8,ТЗ_ФФ!$D:$D,ТЗ_ФФ!R:R+ТЗ_ФФ!AC:AC,0)} -> 0 | L8: =_xlfn.XLOOKUP($D8,ТЗ_ФФ!$D:$D,ТЗ_ФФ!AH:AH,0) -> 0 | N8: =_xlfn.XLOOKUP($D8,ТЗ_ФФ!$D:$D,ТЗ_ФФ!AJ:AJ,0) -> 0 | O8: =_xlfn.XLOOKUP($D8,ТЗ_ФФ!$D:$D,ТЗ_ФФ!AB:AB,0) -> 0 | P8: =_xlfn.XLOOKUP($D8,ТЗ_ФФ!$D:$D,ТЗ_ФФ!Z:Z,0) -> 0 | Q8: =_xlfn.XLOOKUP($D8,ТЗ_ФФ!$D:$D,ТЗ_ФФ!AD:AD,0) -> 0 | R8: =_xlfn.XLOOKUP($D8,ТЗ_ФФ!$D:$D,ТЗ_ФФ!AE:AE,0) -> 0 | S8: =_xlfn.XLOOKUP($D8,ТЗ_ФФ!$D:$D,ТЗ_ФФ!W:W,0) -> 0 | T8: =_xlfn.XLOOKUP($D8,ТЗ_ФФ!$D:$D,ТЗ_ФФ!AG:AG,0) -> 0 | U8: =_xlfn.XLOOKUP($D8,ТЗ_ФФ!$D:$D,ТЗ_ФФ!AO:AO,0) -> 0 | V8: =_xlfn.XLOOKUP($D8,ТЗ_ФФ!$D:$D,ТЗ_ФФ!AQ:AQ,0) -> 0 | W8: =_xlfn.XLOOKUP($D8,ТЗ_ФФ!$D:$D,ТЗ_ФФ!AN:AN,0) -> 0 | X8: =_xlfn.XLOOKUP($D8,ТЗ_ФФ!$D:$D,ТЗ_ФФ!AR:AR,0) -> 0 | Y8: =_xlfn.XLOOKUP($D8,ТЗ_ФФ!$D:$D,ТЗ_ФФ!Y:Y,0) -> 0 | Z8: =_xlfn.XLOOKUP($D8,ТЗ_ФФ!$D:$D,ТЗ_ФФ!AA:AA,0) -> 0 | AA8: =_xlfn.XLOOKUP($D8,ТЗ_ФФ!$D:$D,ТЗ_ФФ!S:S,0) -> 0 | AB8: =SUM(E8:AA8) -> 0
A9: =[2]Юнит!$B11 -> 2576041357 | B9: =[2]Юнит!$C11 -> AHMA3BW102BG | C9: =_xlfn.XLOOKUP(D9,[2]Юнит!$E:$E,[2]Юнит!$D:$D) -> Мешки/деликат 3 шт. | D9: =[2]Юнит!$E11 -> 2038627713902 | E9: {=_xlfn.XLOOKUP($D9,ТЗ_ФФ!$D:$D,ТЗ_ФФ!T:T+ТЗ_ФФ!U:U+ТЗ_ФФ!V:V,0)} -> 0 | F9: {=_xlfn.XLOOKUP($D9,ТЗ_ФФ!$D:$D,ТЗ_ФФ!AK:AK+ТЗ_ФФ!AL:AL+ТЗ_ФФ!AM:AM,0)} -> 0 | G9: =_xlfn.XLOOKUP($D9,ТЗ_ФФ!$D:$D,ТЗ_ФФ!X:X,0) -> 0 | H9: =_xlfn.XLOOKUP($D9,ТЗ_ФФ!$D:$D,ТЗ_ФФ!AI:AI,0) -> 0 | I9: =_xlfn.XLOOKUP($D9,ТЗ_ФФ!$D:$D,ТЗ_ФФ!AP:AP,0) -> 0 | J9: =_xlfn.XLOOKUP($D9,ТЗ_ФФ!$D:$D,ТЗ_ФФ!AF:AF,0) -> 0 | K9: {=_xlfn.XLOOKUP($D9,ТЗ_ФФ!$D:$D,ТЗ_ФФ!R:R+ТЗ_ФФ!AC:AC,0)} -> 0 | L9: =_xlfn.XLOOKUP($D9,ТЗ_ФФ!$D:$D,ТЗ_ФФ!AH:AH,0) -> 0 | N9: =_xlfn.XLOOKUP($D9,ТЗ_ФФ!$D:$D,ТЗ_ФФ!AJ:AJ,0) -> 0 | O9: =_xlfn.XLOOKUP($D9,ТЗ_ФФ!$D:$D,ТЗ_ФФ!AB:AB,0) -> 0 | P9: =_xlfn.XLOOKUP($D9,ТЗ_ФФ!$D:$D,ТЗ_ФФ!Z:Z,0) -> 0 | Q9: =_xlfn.XLOOKUP($D9,ТЗ_ФФ!$D:$D,ТЗ_ФФ!AD:AD,0) -> 0 | R9: =_xlfn.XLOOKUP($D9,ТЗ_ФФ!$D:$D,ТЗ_ФФ!AE:AE,0) -> 0 | S9: =_xlfn.XLOOKUP($D9,ТЗ_ФФ!$D:$D,ТЗ_ФФ!W:W,0) -> 0 | T9: =_xlfn.XLOOKUP($D9,ТЗ_ФФ!$D:$D,ТЗ_ФФ!AG:AG,0) -> 0 | U9: =_xlfn.XLOOKUP($D9,ТЗ_ФФ!$D:$D,ТЗ_ФФ!AO:AO,0) -> 0 | V9: =_xlfn.XLOOKUP($D9,ТЗ_ФФ!$D:$D,ТЗ_ФФ!AQ:AQ,0) -> 0 | W9: =_xlfn.XLOOKUP($D9,ТЗ_ФФ!$D:$D,ТЗ_ФФ!AN:AN,0) -> 0 | X9: =_xlfn.XLOOKUP($D9,ТЗ_ФФ!$D:$D,ТЗ_ФФ!AR:AR,0) -> 0 | Y9: =_xlfn.XLOOKUP($D9,ТЗ_ФФ!$D:$D,ТЗ_ФФ!Y:Y,0) -> 0 | Z9: =_xlfn.XLOOKUP($D9,ТЗ_ФФ!$D:$D,ТЗ_ФФ!AA:AA,0) -> 0 | AA9: =_xlfn.XLOOKUP($D9,ТЗ_ФФ!$D:$D,ТЗ_ФФ!S:S,0) -> 0 | AB9: =SUM(E9:AA9) -> 0
A10: =[2]Юнит!$B12 -> 2419349585 | B10: =[2]Юнит!$C12 -> AHMA3BW201WH | C10: =_xlfn.XLOOKUP(D10,[2]Юнит!$E:$E,[2]Юнит!$D:$D) -> Мешки/шнурок мелк 3 шт. | D10: =[2]Юнит!$E12 -> 2038606201642 | E10: {=_xlfn.XLOOKUP($D10,ТЗ_ФФ!$D:$D,ТЗ_ФФ!T:T+ТЗ_ФФ!U:U+ТЗ_ФФ!V:V,0)} -> 0 | F10: {=_xlfn.XLOOKUP($D10,ТЗ_ФФ!$D:$D,ТЗ_ФФ!AK:AK+ТЗ_ФФ!AL:AL+ТЗ_ФФ!AM:AM,0)} -> 0 | G10: =_xlfn.XLOOKUP($D10,ТЗ_ФФ!$D:$D,ТЗ_ФФ!X:X,0) -> 0 | H10: =_xlfn.XLOOKUP($D10,ТЗ_ФФ!$D:$D,ТЗ_ФФ!AI:AI,0) -> 0 | I10: =_xlfn.XLOOKUP($D10,ТЗ_ФФ!$D:$D,ТЗ_ФФ!AP:AP,0) -> 0 | J10: =_xlfn.XLOOKUP($D10,ТЗ_ФФ!$D:$D,ТЗ_ФФ!AF:AF,0) -> 0 | K10: {=_xlfn.XLOOKUP($D10,ТЗ_ФФ!$D:$D,ТЗ_ФФ!R:R+ТЗ_ФФ!AC:AC,0)} -> 0 | L10: =_xlfn.XLOOKUP($D10,ТЗ_ФФ!$D:$D,ТЗ_ФФ!AH:AH,0) -> 0 | N10: =_xlfn.XLOOKUP($D10,ТЗ_ФФ!$D:$D,ТЗ_ФФ!AJ:AJ,0) -> 0 | O10: =_xlfn.XLOOKUP($D10,ТЗ_ФФ!$D:$D,ТЗ_ФФ!AB:AB,0) -> 0 | P10: =_xlfn.XLOOKUP($D10,ТЗ_ФФ!$D:$D,ТЗ_ФФ!Z:Z,0) -> 0 | Q10: =_xlfn.XLOOKUP($D10,ТЗ_ФФ!$D:$D,ТЗ_ФФ!AD:AD,0) -> 0 | R10: =_xlfn.XLOOKUP($D10,ТЗ_ФФ!$D:$D,ТЗ_ФФ!AE:AE,0) -> 0 | S10: =_xlfn.XLOOKUP($D10,ТЗ_ФФ!$D:$D,ТЗ_ФФ!W:W,0) -> 0 | T10: =_xlfn.XLOOKUP($D10,ТЗ_ФФ!$D:$D,ТЗ_ФФ!AG:AG,0) -> 0 | U10: =_xlfn.XLOOKUP($D10,ТЗ_ФФ!$D:$D,ТЗ_ФФ!AO:AO,0) -> 0 | V10: =_xlfn.XLOOKUP($D10,ТЗ_ФФ!$D:$D,ТЗ_ФФ!AQ:AQ,0) -> 0 | W10: =_xlfn.XLOOKUP($D10,ТЗ_ФФ!$D:$D,ТЗ_ФФ!AN:AN,0) -> 0 | X10: =_xlfn.XLOOKUP($D10,ТЗ_ФФ!$D:$D,ТЗ_ФФ!AR:AR,0) -> 0 | Y10: =_xlfn.XLOOKUP($D10,ТЗ_ФФ!$D:$D,ТЗ_ФФ!Y:Y,0) -> 0 | Z10: =_xlfn.XLOOKUP($D10,ТЗ_ФФ!$D:$D,ТЗ_ФФ!AA:AA,0) -> 0 | AA10: =_xlfn.XLOOKUP($D10,ТЗ_ФФ!$D:$D,ТЗ_ФФ!S:S,0) -> 0 | AB10: =SUM(E10:AA10) -> 0
A11: =[2]Юнит!$B13 -> 2419349501 | B11: =[2]Юнит!$C13 -> AHMA3BW202WH | C11: =_xlfn.XLOOKUP(D11,[2]Юнит!$E:$E,[2]Юнит!$D:$D) -> Мешки/шнурок крупн 3 шт. | D11: =[2]Юнит!$E13 -> 2038606256161 | E11: {=_xlfn.XLOOKUP($D11,ТЗ_ФФ!$D:$D,ТЗ_ФФ!T:T+ТЗ_ФФ!U:U+ТЗ_ФФ!V:V,0)} -> 0 | F11: {=_xlfn.XLOOKUP($D11,ТЗ_ФФ!$D:$D,ТЗ_ФФ!AK:AK+ТЗ_ФФ!AL:AL+ТЗ_ФФ!AM:AM,0)} -> 0 | G11: =_xlfn.XLOOKUP($D11,ТЗ_ФФ!$D:$D,ТЗ_ФФ!X:X,0) -> 0 | H11: =_xlfn.XLOOKUP($D11,ТЗ_ФФ!$D:$D,ТЗ_ФФ!AI:AI,0) -> 0 | I11: =_xlfn.XLOOKUP($D11,ТЗ_ФФ!$D:$D,ТЗ_ФФ!AP:AP,0) -> 0 | J11: =_xlfn.XLOOKUP($D11,ТЗ_ФФ!$D:$D,ТЗ_ФФ!AF:AF,0) -> 0 | K11: {=_xlfn.XLOOKUP($D11,ТЗ_ФФ!$D:$D,ТЗ_ФФ!R:R+ТЗ_ФФ!AC:AC,0)} -> 0 | L11: =_xlfn.XLOOKUP($D11,ТЗ_ФФ!$D:$D,ТЗ_ФФ!AH:AH,0) -> 0 | N11: =_xlfn.XLOOKUP($D11,ТЗ_ФФ!$D:$D,ТЗ_ФФ!AJ:AJ,0) -> 0 | O11: =_xlfn.XLOOKUP($D11,ТЗ_ФФ!$D:$D,ТЗ_ФФ!AB:AB,0) -> 0 | P11: =_xlfn.XLOOKUP($D11,ТЗ_ФФ!$D:$D,ТЗ_ФФ!Z:Z,0) -> 0 | Q11: =_xlfn.XLOOKUP($D11,ТЗ_ФФ!$D:$D,ТЗ_ФФ!AD:AD,0) -> 0 | R11: =_xlfn.XLOOKUP($D11,ТЗ_ФФ!$D:$D,ТЗ_ФФ!AE:AE,0) -> 0 | S11: =_xlfn.XLOOKUP($D11,ТЗ_ФФ!$D:$D,ТЗ_ФФ!W:W,0) -> 0 | T11: =_xlfn.XLOOKUP($D11,ТЗ_ФФ!$D:$D,ТЗ_ФФ!AG:AG,0) -> 0 | U11: =_xlfn.XLOOKUP($D11,ТЗ_ФФ!$D:$D,ТЗ_ФФ!AO:AO,0) -> 0 | V11: =_xlfn.XLOOKUP($D11,ТЗ_ФФ!$D:$D,ТЗ_ФФ!AQ:AQ,0) -> 0 | W11: =_xlfn.XLOOKUP($D11,ТЗ_ФФ!$D:$D,ТЗ_ФФ!AN:AN,0) -> 0 | X11: =_xlfn.XLOOKUP($D11,ТЗ_ФФ!$D:$D,ТЗ_ФФ!AR:AR,0) -> 0 | Y11: =_xlfn.XLOOKUP($D11,ТЗ_ФФ!$D:$D,ТЗ_ФФ!Y:Y,0) -> 0 | Z11: =_xlfn.XLOOKUP($D11,ТЗ_ФФ!$D:$D,ТЗ_ФФ!AA:AA,0) -> 0 | AA11: =_xlfn.XLOOKUP($D11,ТЗ_ФФ!$D:$D,ТЗ_ФФ!S:S,0) -> 0 | AB11: =SUM(E11:AA11) -> 0
A12: =[2]Юнит!$B14 -> 2419349453 | B12: =[2]Юнит!$C14 -> AHMA2BW201WH | C12: =_xlfn.XLOOKUP(D12,[2]Юнит!$E:$E,[2]Юнит!$D:$D) -> Мешки 2 шт. серый | D12: =[2]Юнит!$E14 -> 2039404446068 | E12: {=_xlfn.XLOOKUP($D12,ТЗ_ФФ!$D:$D,ТЗ_ФФ!T:T+ТЗ_ФФ!U:U+ТЗ_ФФ!V:V,0)} -> 0 | F12: {=_xlfn.XLOOKUP($D12,ТЗ_ФФ!$D:$D,ТЗ_ФФ!AK:AK+ТЗ_ФФ!AL:AL+ТЗ_ФФ!AM:AM,0)} -> 0 | G12: =_xlfn.XLOOKUP($D12,ТЗ_ФФ!$D:$D,ТЗ_ФФ!X:X,0) -> 0 | H12: =_xlfn.XLOOKUP($D12,ТЗ_ФФ!$D:$D,ТЗ_ФФ!AI:AI,0) -> 0 | I12: =_xlfn.XLOOKUP($D12,ТЗ_ФФ!$D:$D,ТЗ_ФФ!AP:AP,0) -> 0 | J12: =_xlfn.XLOOKUP($D12,ТЗ_ФФ!$D:$D,ТЗ_ФФ!AF:AF,0) -> 0 | K12: {=_xlfn.XLOOKUP($D12,ТЗ_ФФ!$D:$D,ТЗ_ФФ!R:R+ТЗ_ФФ!AC:AC,0)} -> 0 | L12: =_xlfn.XLOOKUP($D12,ТЗ_ФФ!$D:$D,ТЗ_ФФ!AH:AH,0) -> 0 | N12: =_xlfn.XLOOKUP($D12,ТЗ_ФФ!$D:$D,ТЗ_ФФ!AJ:AJ,0) -> 0 | O12: =_xlfn.XLOOKUP($D12,ТЗ_ФФ!$D:$D,ТЗ_ФФ!AB:AB,0) -> 0 | P12: =_xlfn.XLOOKUP($D12,ТЗ_ФФ!$D:$D,ТЗ_ФФ!Z:Z,0) -> 0 | Q12: =_xlfn.XLOOKUP($D12,ТЗ_ФФ!$D:$D,ТЗ_ФФ!AD:AD,0) -> 0 | R12: =_xlfn.XLOOKUP($D12,ТЗ_ФФ!$D:$D,ТЗ_ФФ!AE:AE,0) -> 0 | S12: =_xlfn.XLOOKUP($D12,ТЗ_ФФ!$D:$D,ТЗ_ФФ!W:W,0) -> 0 | T12: =_xlfn.XLOOKUP($D12,ТЗ_ФФ!$D:$D,ТЗ_ФФ!AG:AG,0) -> 0 | U12: =_xlfn.XLOOKUP($D12,ТЗ_ФФ!$D:$D,ТЗ_ФФ!AO:AO,0) -> 0 | V12: =_xlfn.XLOOKUP($D12,ТЗ_ФФ!$D:$D,ТЗ_ФФ!AQ:AQ,0) -> 0 | W12: =_xlfn.XLOOKUP($D12,ТЗ_ФФ!$D:$D,ТЗ_ФФ!AN:AN,0) -> 0 | X12: =_xlfn.XLOOKUP($D12,ТЗ_ФФ!$D:$D,ТЗ_ФФ!AR:AR,0) -> 0 | Y12: =_xlfn.XLOOKUP($D12,ТЗ_ФФ!$D:$D,ТЗ_ФФ!Y:Y,0) -> 0 | Z12: =_xlfn.XLOOKUP($D12,ТЗ_ФФ!$D:$D,ТЗ_ФФ!AA:AA,0) -> 0 | AA12: =_xlfn.XLOOKUP($D12,ТЗ_ФФ!$D:$D,ТЗ_ФФ!S:S,0) -> 0 | AB12: =SUM(E12:AA12) -> 0
A13: =[2]Юнит!$B15 -> 0 | B13: =[2]Юнит!$C15 -> AHMA2BW202WH | C13: =_xlfn.XLOOKUP(D13,[2]Юнит!$E:$E,[2]Юнит!$D:$D) -> Мешки 2 шт. розовый | D13: =[2]Юнит!$E15 -> 2040278862540 | E13: {=_xlfn.XLOOKUP($D13,ТЗ_ФФ!$D:$D,ТЗ_ФФ!T:T+ТЗ_ФФ!U:U+ТЗ_ФФ!V:V,0)} -> 0 | F13: {=_xlfn.XLOOKUP($D13,ТЗ_ФФ!$D:$D,ТЗ_ФФ!AK:AK+ТЗ_ФФ!AL:AL+ТЗ_ФФ!AM:AM,0)} -> 0 | G13: =_xlfn.XLOOKUP($D13,ТЗ_ФФ!$D:$D,ТЗ_ФФ!X:X,0) -> 0 | H13: =_xlfn.XLOOKUP($D13,ТЗ_ФФ!$D:$D,ТЗ_ФФ!AI:AI,0) -> 0 | I13: =_xlfn.XLOOKUP($D13,ТЗ_ФФ!$D:$D,ТЗ_ФФ!AP:AP,0) -> 0 | J13: =_xlfn.XLOOKUP($D13,ТЗ_ФФ!$D:$D,ТЗ_ФФ!AF:AF,0) -> 0 | K13: {=_xlfn.XLOOKUP($D13,ТЗ_ФФ!$D:$D,ТЗ_ФФ!R:R+ТЗ_ФФ!AC:AC,0)} -> 0 | L13: =_xlfn.XLOOKUP($D13,ТЗ_ФФ!$D:$D,ТЗ_ФФ!AH:AH,0) -> 0 | N13: =_xlfn.XLOOKUP($D13,ТЗ_ФФ!$D:$D,ТЗ_ФФ!AJ:AJ,0) -> 0 | O13: =_xlfn.XLOOKUP($D13,ТЗ_ФФ!$D:$D,ТЗ_ФФ!AB:AB,0) -> 0 | P13: =_xlfn.XLOOKUP($D13,ТЗ_ФФ!$D:$D,ТЗ_ФФ!Z:Z,0) -> 0 | Q13: =_xlfn.XLOOKUP($D13,ТЗ_ФФ!$D:$D,ТЗ_ФФ!AD:AD,0) -> 0 | R13: =_xlfn.XLOOKUP($D13,ТЗ_ФФ!$D:$D,ТЗ_ФФ!AE:AE,0) -> 0 | S13: =_xlfn.XLOOKUP($D13,ТЗ_ФФ!$D:$D,ТЗ_ФФ!W:W,0) -> 0 | T13: =_xlfn.XLOOKUP($D13,ТЗ_ФФ!$D:$D,ТЗ_ФФ!AG:AG,0) -> 0 | U13: =_xlfn.XLOOKUP($D13,ТЗ_ФФ!$D:$D,ТЗ_ФФ!AO:AO,0) -> 0 | V13: =_xlfn.XLOOKUP($D13,ТЗ_ФФ!$D:$D,ТЗ_ФФ!AQ:AQ,0) -> 0 | W13: =_xlfn.XLOOKUP($D13,ТЗ_ФФ!$D:$D,ТЗ_ФФ!AN:AN,0) -> 0 | X13: =_xlfn.XLOOKUP($D13,ТЗ_ФФ!$D:$D,ТЗ_ФФ!AR:AR,0) -> 0 | Y13: =_xlfn.XLOOKUP($D13,ТЗ_ФФ!$D:$D,ТЗ_ФФ!Y:Y,0) -> 0 | Z13: =_xlfn.XLOOKUP($D13,ТЗ_ФФ!$D:$D,ТЗ_ФФ!AA:AA,0) -> 0 | AA13: =_xlfn.XLOOKUP($D13,ТЗ_ФФ!$D:$D,ТЗ_ФФ!S:S,0) -> 0 | AB13: =SUM(E13:AA13) -> 0
A14: =[2]Юнит!$B16 -> 2419349360 | B14: =[2]Юнит!$C16 -> AHMA1BW112WH | C14: =_xlfn.XLOOKUP(D14,[2]Юнит!$E:$E,[2]Юнит!$D:$D) -> Мешок 60*80 крупн | D14: =[2]Юнит!$E16 -> 2040335626849 | E14: {=_xlfn.XLOOKUP($D14,ТЗ_ФФ!$D:$D,ТЗ_ФФ!T:T+ТЗ_ФФ!U:U+ТЗ_ФФ!V:V,0)} -> 0 | F14: {=_xlfn.XLOOKUP($D14,ТЗ_ФФ!$D:$D,ТЗ_ФФ!AK:AK+ТЗ_ФФ!AL:AL+ТЗ_ФФ!AM:AM,0)} -> 0 | G14: =_xlfn.XLOOKUP($D14,ТЗ_ФФ!$D:$D,ТЗ_ФФ!X:X,0) -> 0 | H14: =_xlfn.XLOOKUP($D14,ТЗ_ФФ!$D:$D,ТЗ_ФФ!AI:AI,0) -> 0 | I14: =_xlfn.XLOOKUP($D14,ТЗ_ФФ!$D:$D,ТЗ_ФФ!AP:AP,0) -> 0 | J14: =_xlfn.XLOOKUP($D14,ТЗ_ФФ!$D:$D,ТЗ_ФФ!AF:AF,0) -> 0 | K14: {=_xlfn.XLOOKUP($D14,ТЗ_ФФ!$D:$D,ТЗ_ФФ!R:R+ТЗ_ФФ!AC:AC,0)} -> 0 | L14: =_xlfn.XLOOKUP($D14,ТЗ_ФФ!$D:$D,ТЗ_ФФ!AH:AH,0) -> 0 | N14: =_xlfn.XLOOKUP($D14,ТЗ_ФФ!$D:$D,ТЗ_ФФ!AJ:AJ,0) -> 0 | O14: =_xlfn.XLOOKUP($D14,ТЗ_ФФ!$D:$D,ТЗ_ФФ!AB:AB,0) -> 0 | P14: =_xlfn.XLOOKUP($D14,ТЗ_ФФ!$D:$D,ТЗ_ФФ!Z:Z,0) -> 0 | Q14: =_xlfn.XLOOKUP($D14,ТЗ_ФФ!$D:$D,ТЗ_ФФ!AD:AD,0) -> 0 | R14: =_xlfn.XLOOKUP($D14,ТЗ_ФФ!$D:$D,ТЗ_ФФ!AE:AE,0) -> 0 | S14: =_xlfn.XLOOKUP($D14,ТЗ_ФФ!$D:$D,ТЗ_ФФ!W:W,0) -> 0 | T14: =_xlfn.XLOOKUP($D14,ТЗ_ФФ!$D:$D,ТЗ_ФФ!AG:AG,0) -> 0 | U14: =_xlfn.XLOOKUP($D14,ТЗ_ФФ!$D:$D,ТЗ_ФФ!AO:AO,0) -> 0 | V14: =_xlfn.XLOOKUP($D14,ТЗ_ФФ!$D:$D,ТЗ_ФФ!AQ:AQ,0) -> 0 | W14: =_xlfn.XLOOKUP($D14,ТЗ_ФФ!$D:$D,ТЗ_ФФ!AN:AN,0) -> 0 | X14: =_xlfn.XLOOKUP($D14,ТЗ_ФФ!$D:$D,ТЗ_ФФ!AR:AR,0) -> 0 | Y14: =_xlfn.XLOOKUP($D14,ТЗ_ФФ!$D:$D,ТЗ_ФФ!Y:Y,0) -> 0 | Z14: =_xlfn.XLOOKUP($D14,ТЗ_ФФ!$D:$D,ТЗ_ФФ!AA:AA,0) -> 0 | AA14: =_xlfn.XLOOKUP($D14,ТЗ_ФФ!$D:$D,ТЗ_ФФ!S:S,0) -> 0 | AB14: =SUM(E14:AA14) -> 0
... A82: =[2]Юнит!$B84 -> 0 | B82: =[2]Юнит!$C84 -> AKTA1PR101GR | C82: =_xlfn.XLOOKUP(D82,[2]Юнит!$E:$E,[2]Юнит!$D:$D) -> Чеснокодавка | D82: =[2]Юнит!$E84 -> 2042987041841 | E82: {=_xlfn.XLOOKUP($D82,ТЗ_ФФ!$D:$D,ТЗ_ФФ!T:T+ТЗ_ФФ!U:U+ТЗ_ФФ!V:V,0)} -> 0 | F82: {=_xlfn.XLOOKUP($D82,ТЗ_ФФ!$D:$D,ТЗ_ФФ!AK:AK+ТЗ_ФФ!AL:AL+ТЗ_ФФ!AM:AM,0)} -> 0 | G82: =_xlfn.XLOOKUP($D82,ТЗ_ФФ!$D:$D,ТЗ_ФФ!X:X,0) -> 0 | H82: =_xlfn.XLOOKUP($D82,ТЗ_ФФ!$D:$D,ТЗ_ФФ!AI:AI,0) -> 0 | I82: =_xlfn.XLOOKUP($D82,ТЗ_ФФ!$D:$D,ТЗ_ФФ!AP:AP,0) -> 0 | J82: =_xlfn.XLOOKUP($D82,ТЗ_ФФ!$D:$D,ТЗ_ФФ!AF:AF,0) -> 0 | K82: {=_xlfn.XLOOKUP($D82,ТЗ_ФФ!$D:$D,ТЗ_ФФ!R:R+ТЗ_ФФ!AC:AC,0)} -> 0 | L82: =_xlfn.XLOOKUP($D82,ТЗ_ФФ!$D:$D,ТЗ_ФФ!AH:AH,0) -> 0 | N82: =_xlfn.XLOOKUP($D82,ТЗ_ФФ!$D:$D,ТЗ_ФФ!AJ:AJ,0) -> 0 | O82: =_xlfn.XLOOKUP($D82,ТЗ_ФФ!$D:$D,ТЗ_ФФ!AB:AB,0) -> 0 | P82: =_xlfn.XLOOKUP($D82,ТЗ_ФФ!$D:$D,ТЗ_ФФ!Z:Z,0) -> 0 | Q82: =_xlfn.XLOOKUP($D82,ТЗ_ФФ!$D:$D,ТЗ_ФФ!AD:AD,0) -> 0 | R82: =_xlfn.XLOOKUP($D82,ТЗ_ФФ!$D:$D,ТЗ_ФФ!AE:AE,0) -> 0 | S82: =_xlfn.XLOOKUP($D82,ТЗ_ФФ!$D:$D,ТЗ_ФФ!W:W,0) -> 0 | T82: =_xlfn.XLOOKUP($D82,ТЗ_ФФ!$D:$D,ТЗ_ФФ!AG:AG,0) -> 0 | U82: =_xlfn.XLOOKUP($D82,ТЗ_ФФ!$D:$D,ТЗ_ФФ!AO:AO,0) -> 0 | V82: =_xlfn.XLOOKUP($D82,ТЗ_ФФ!$D:$D,ТЗ_ФФ!AQ:AQ,0) -> 0 | W82: =_xlfn.XLOOKUP($D82,ТЗ_ФФ!$D:$D,ТЗ_ФФ!AN:AN,0) -> 0 | X82: =_xlfn.XLOOKUP($D82,ТЗ_ФФ!$D:$D,ТЗ_ФФ!AR:AR,0) -> 0 | Y82: =_xlfn.XLOOKUP($D82,ТЗ_ФФ!$D:$D,ТЗ_ФФ!Y:Y,0) -> 0 | Z82: =_xlfn.XLOOKUP($D82,ТЗ_ФФ!$D:$D,ТЗ_ФФ!AA:AA,0) -> 0 | AA82: =_xlfn.XLOOKUP($D82,ТЗ_ФФ!$D:$D,ТЗ_ФФ!S:S,0) -> 0 | AB82: =SUM(E82:AA82) -> 0
A83: ИТОГО | E83: =SUM(E3:E82) -> 0 | F83: =SUM(F3:F82) -> 0 | G83: =SUM(G3:G82) -> 0 | H83: =SUM(H3:H82) -> 0 | I83: =SUM(I3:I82) -> 0 | J83: =SUM(J3:J82) -> 0 | K83: =SUM(K3:K82) -> 0 | L83: =SUM(L3:L82) -> 0 | ... AB83: =SUM(AB3:AB82) -> 0
AA84: =SUM(E83:AA83) -> 0

Sheet ТЗ_ФФ (2)
A1: Товар | B1: Фото | C1: Описание комплекта | D1: Бар-код | E1: 1 | F1: 2 | G1: 3 | H1: 4 | I1: 5 | J1: 6 | K1: 7 | L1: 8 | M1: 9 | N1: 10 | O1: 11 | P1: 12 | Q1: ИТОГО ДЛЯ ВБ | U1: 2000034323999 | V1: 2000036433891 | W1: 2000034441802 | X1: 2000036463809 | Y1: 2000028842689, 2000028840524 | AA1: 2000036432717 | AB1: 2000028839261 | AC1: 2000036427557 | AF1: 2000034441612 | AG1: 2000036465304 | AH1: 2000036430897 | AI1: 2000034439660 | AJ1: 2000034436041 | AL1: 2000034445302 | AM1: 2000036433056 | AN1: 2000036465516 | AO1: 2000028843507 | AP1: 2000034439936 | AR1: 2000036447189 | AS1: ИТОГО для ОЗОН | AT1: Количество готовых комплектов | AU1: Услуга | AV1: Комментарий
E2: Электросталь | F2: Коледино | G2: Тула | H2: Рязань | I2: Краснодар | J2: Невинномысск | K2: Волгоград | L2: Самара (Новосемейкино) | M2: Казань | N2: СПБ Шушары | O2: Екатеринбург - Перспективный 12 | P2: Новосибирск | R2: АДЫГЕЙСК_РФЦ | S2: АСТАНА_РФЦ | T2: ДОМОДЕДОВО_РФЦ | U2: ПУШКИНО_1_РФЦ | V2: СОФЬИНО_РФЦ | W2: Екатеринбург_РФЦ_НОВЫЙ | X2: Казань_РФЦ_НОВЫЙ | Y2: КАЛИНИНГРАД_МРФЦ | Z2: КРАСНОЯРСК_МРФЦ | AA2: МИНСК_МПСЦ | AB2: НЕВИННОМЫССК_РФЦ | AC2: НОВОРОССИЙСК_МРФЦ | AD2: Новосибирск_РФЦ_Новый | AE2: ОМСК_РФЦ | AF2: ОРЕНБУРГ_РФЦ | AG2: ПЕРМЬ_РФЦ | AH2: Ростов_на_Дону_РФЦ | AI2: САМАРА_РФЦ | AJ2: ВОЛГОГРАД_МРФЦ | AK2: Санкт_Петербург_РФЦ | AL2: СПБ_КОЛПИНО_РФЦ | AM2: СПБ_ШУШАРЫ_РФЦ | AN2: ТВЕРЬ_РФЦ | AO2: ТЮМЕНЬ_РФЦ | AP2: УФА_РФЦ | AQ2: ХАБАРОВСК_2_РФЦ | AR2: ЯРОСЛАВЛЬ_РФЦ
D3: дата поставки | E3: 46183 | F3: 46184 | G3: 46185 | H3: 46186 | I3: 46187 | J3: 46183 | L3: 46183 | N3: 46183 | O3: 46183 | U3: 45993 | V3: 45994 | W3: 45993 | X3: 45994 | Y3: 45993 | AA3: 45994 | AB3: 45993 | AC3: 45994 | AF3: 45993 | AG3: 45995 | AH3: 45994 | AI3: 45993 | AJ3: 45993 | AL3: 45993 | AM3: 45995 | AN3: 45995 | AO3: 45993 | AP3: 45993 | AR3: 45995
D4: время отгрузки | U4: 12-13 | V4: 16-17 | W4: 12-13 | X4: 16-17 | Y4: 12-13 | AA4: 16-17 | AB4: 12-13 | AC4: 16-17 | AF4: 12-13 | AG4: 16-17 | AH4: 16-17 | AI4: 12-13 | AJ4: 12-13 | AL4: 12-13 | AM4: 16-17 | AN4: 16-17 | AO4: 12-13 | AP4: 12-13 | AR4: 16-17
D5: Точка отгрузки | E5: Электросталь | J5: Обухово | L5: Чехов 1, Новоселки вл 11 стр 2 | N5: Обухово | O5: Чашниково | U5: МО_ЮРЛОВО_2 | V5: ЮРЛОВО_1 | W5: МО_ЮРЛОВО_2 | X5: ЮРЛОВО_1 | Y5: МО_ЮРЛОВО_2 | AA5: ЮРЛОВО_1 | AB5: МО_ЮРЛОВО_2 | AC5: МО_ЮРЛОВО_2 | AF5: МО_ЮРЛОВО_2 | AG5: ЮРЛОВО_1 | AH5: МО_ЮРЛОВО_2 | AI5: МО_ЮРЛОВО_2 | AJ5: МО_ЮРЛОВО_2 | AL5: МО_ЮРЛОВО_2 | AM5: ЮРЛОВО_1 | AN5: ЮРЛОВО_1 | AO5: МО_ЮРЛОВО_2 | AP5: МО_ЮРЛОВО_2 | AR5: ЮРЛОВО_1
A6: Бандаж для лица | C6: Бандаж для лица черный лайкра в пакете OPP - 1 шт. | D6: 2038162681926 | E6: 0 | F6: 0 | G6: 0 | H6: 0 | I6: 0 | J6: 0 | K6: 0 | L6: 0 | M6: 0 | N6: 20 | O6: 20 | P6: 0 | Q6: 40 | R6: 0 | S6: 0 | T6: 0 | U6: 0 | V6: 0 | W6: 0 | X6: 0 | Y6: 0 | Z6: 0 | AA6: 0 | AB6: 0 | AC6: 0 | AD6: 0 | AE6: 0 | AF6: 0 | AG6: 0 | AH6: 0 | AI6: 0 | AJ6: 0 | AK6: 0 | AL6: 0 | AM6: 0 | AN6: 0 | AO6: 0 | AP6: 0 | AQ6: 0 | AR6: 0 | AS6: 0 | AT6: 40 | AU6: Приемка, маркировка (1 этикетка), короб, отгрузка. | AV6: Бандаж упакован в заводской прозрачный БОПП пакет. Этикетку с ШК клеить на переднюю сторону упаковки.
C7: Бандаж для лица серый силиконовый в пакете OPP - 1 шт. | D7: 2038172050200 | E7: 0 | F7: 0 | G7: 0 | H7: 0 | I7: 0 | J7: 0 | K7: 0 | L7: 0 | M7: 0 | N7: 20 | O7: 20 | P7: 0 | Q7: 40 | R7: 0 | S7: 0 | T7: 0 | U7: 0 | V7: 0 | W7: 0 | X7: 0 | Y7: 0 | Z7: 0 | AA7: 0 | AB7: 0 | AC7: 0 | AD7: 0 | AE7: 0 | AF7: 0 | AG7: 0 | AH7: 0 | AI7: 0 | AJ7: 0 | AK7: 0 | AL7: 0 | AM7: 0 | AN7: 0 | AO7: 0 | AP7: 0 | AQ7: 0 | AR7: 0 | AS7: 0 | AT7: 40 | AU7: Приемка, маркировка (1 этикетка), короб, отгрузка. | AV7: Бандаж упакован в заводской прозрачный БОПП пакет или пакет слайдер. Этикетку с ШК клеить на переднюю сторону упаковки.
A8: Массажер для пальцев | C8: Массажер для пальцев | D8: 2038430289250 | E8: 0 | F8: 0 | G8: 0 | H8: 0 | I8: 0 | J8: 0 | K8: 0 | L8: 0 | M8: 0 | N8: 0 | O8: 0 | P8: 0 | Q8: 0 | R8: 0 | S8: 0 | T8: 0 | U8: 0 | V8: 0 | W8: 0 | X8: 0 | Y8: 0 | Z8: 0 | AA8: 0 | AB8: 0 | AC8: 0 | AD8: 0 | AE8: 0 | AF8: 0 | AG8: 0 | AH8: 0 | AI8: 0 | AJ8: 0 | AK8: 0 | AL8: 0 | AM8: 0 | AN8: 0 | AO8: 0 | AP8: 0 | AQ8: 0 | AR8: 0 | AS8: 0 | AT8: 0 | AU8: Приемка, маркировка (1 этикетка), короб, отгрузка. | AV8: Массажер упакован в заводскую цветную коробочку. Этикетку клеить на боковую сторону вдоль. При тоном наклеивании этикетка по ширине точно ложится на сторону.
A9: Массажер для спины | C9: Массажер для спины розовый в пакете - 1 шт. | D9: 2041591042329 | E9: 0 | F9: 0 | G9: 0 | H9: 0 | I9: 0 | J9: 0 | K9: 0 | L9: 0 | M9: 0 | N9: 0 | O9: 10 | P9: 0 | Q9: 10 | R9: 0 | S9: 0 | T9: 0 | U9: 0 | V9: 0 | W9: 0 | X9: 0 | Y9: 0 | Z9: 0 | AA9: 0 | AB9: 0 | AC9: 0 | AD9: 0 | AE9: 0 | AF9: 0 | AG9: 0 | AH9: 0 | AI9: 0 | AJ9: 0 | AK9: 0 | AL9: 0 | AM9: 0 | AN9: 0 | AO9: 0 | AP9: 0 | AQ9: 0 | AR9: 0 | AS9: 0 | AT9: 10 | AU9: Приемка, маркировка (1 этикетка), короб, отгрузка. | AV9: Массажеры упакованы в матовые пакеты. Этикетку с ШК клеить в место между ручками, раздвигая их (так удобнее).
C10: Массажер для спины голубой в пакете - 1 шт. | D10: 2041591055954 | E10: 20 | F10: 0 | G10: 0 | H10: 0 | I10: 0 | J10: 10 | K10: 0 | L10: 10 | M10: 0 | N10: 10 | O10: 10 | P10: 0 | Q10: 60 | R10: 0 | S10: 0 | T10: 0 | U10: 0 | V10: 0 | W10: 0 | X10: 0 | Y10: 0 | Z10: 0 | AA10: 0 | AB10: 0 | AC10: 0 | AD10: 0 | AE10: 0 | AF10: 0 | AG10: 0 | AH10: 0 | AI10: 0 | AJ10: 0 | AK10: 0 | AL10: 0 | AM10: 0 | AN10: 0 | AO10: 0 | AP10: 0 | AQ10: 0 | AR10: 0 | AS10: 0 | AT10: 60 | AU10: Приемка, маркировка (1 этикетка), короб, отгрузка.
C11: Массажер для спины оранжевый в пакете - 1 шт. | D11: 2039813223373 | E11: 20 | F11: 0 | G11: 0 | H11: 0 | I11: 0 | J11: 10 | K11: 0 | L11: 10 | M11: 0 | N11: 0 | O11: 10 | P11: 0 | Q11: 50 | R11: 0 | S11: 0 | T11: 0 | U11: 0 | V11: 0 | W11: 0 | X11: 0 | Y11: 0 | Z11: 0 | AA11: 0 | AB11: 0 | AC11: 0 | AD11: 0 | AE11: 0 | AF11: 0 | AG11: 0 | AH11: 0 | AI11: 0 | AJ11: 0 | AK11: 0 | AL11: 0 | AM11: 0 | AN11: 0 | AO11: 0 | AP11: 0 | AQ11: 0 | AR11: 0 | AS11: 0 | AT11: 50 | AU11: Приемка, маркировка (1 этикетка), короб, отгрузка.
A12: Мячик с шипами 6 см | C12: Мячик с шипами белый 6 см в пакете ОPP - 1 шт. | D12: 2040278804496 | E12: 75 | F12: 0 | G12: 0 | H12: 0 | I12: 0 | J12: 0 | K12: 0 | L12: 0 | M12: 0 | N12: 0 | O12: 50 | P12: 0 | Q12: 125 | R12: 0 | S12: 0 | T12: 0 | U12: 0 | V12: 0 | W12: 0 | X12: 0 | Y12: 0 | Z12: 0 | AA12: 0 | AB12: 0 | AC12: 0 | AD12: 0 | AE12: 0 | AF12: 0 | AG12: 0 | AH12: 0 | AI12: 0 | AJ12: 0 | AK12: 0 | AL12: 0 | AM12: 0 | AN12: 0 | AO12: 0 | AP12: 0 | AQ12: 0 | AR12: 0 | AS12: 0 | AT12: 125 | AU12: Приемка, маркировка (1 этикетка), короб, отгрузка. | AV12: Мячик с шипами упакован в заводской БОПП пакет. Этикетку с ШК клеить прямо на пакет. Внимательно, чтобы штрихкод не сжимался. Обычно мячики поставляются в коробах по норме упаковки 400 шт. Но я не всегда заказываю по норме упаковки. Тогда их смешивают, обычно разделяют картонкой или пленкой.
C13: Мячик розовый 6 см в пакете ОPP - 1 шт. | D13: 2040278810534 | E13: 100 | F13: 0 | G13: 0 | H13: 0 | I13: 0 | J13: 50 | K13: 0 | L13: 50 | M13: 0 | N13: 50 | O13: 50 | P13: 0 | Q13: 300 | R13: 0 | S13: 0 | T13: 0 | U13: 0 | V13: 0 | W13: 0 | X13: 0 | Y13: 0 | Z13: 0 | AA13: 0 | AB13: 0 | AC13: 0 | AD13: 0 | AE13: 0 | AF13: 0 | AG13: 0 | AH13: 0 | AI13: 0 | AJ13: 0 | AK13: 0 | AL13: 0 | AM13: 0 | AN13: 0 | AO13: 0 | AP13: 0 | AQ13: 0 | AR13: 0 | AS13: 0 | AT13: 300 | AU13: Приемка, маркировка (1 этикетка), короб, отгрузка.
C14: Мячик голубой 6 см в пакете ОPP - 1 шт. | D14: 2040278804649 | E14: 0 | F14: 0 | G14: 0 | H14: 0 | I14: 0 | J14: 0 | K14: 0 | L14: 20 | M14: 0 | N14: 50 | O14: 50 | P14: 0 | Q14: 120 | R14: 0 | S14: 0 | T14: 0 | U14: 0 | V14: 0 | W14: 0 | X14: 0 | Y14: 0 | Z14: 0 | AA14: 0 | AB14: 0 | AC14: 0 | AD14: 0 | AE14: 0 | AF14: 0 | AG14: 0 | AH14: 0 | AI14: 0 | AJ14: 0 | AK14: 0 | AL14: 0 | AM14: 0 | AN14: 0 | AO14: 0 | AP14: 0 | AQ14: 0 | AR14: 0 | AS14: 0 | AT14: 120 | AU14: Приемка, маркировка (1 этикетка), короб, отгрузка.
C15: Мячик оранжевый 6 см в пакете ОPP - 1 шт. | D15: 2039818580389 | E15: 0 | F15: 0 | G15: 0 | H15: 0 | I15: 0 | J15: 0 | K15: 0 | L15: 0 | M15: 0 | N15: 0 | O15: 20 | P15: 0 | Q15: 20 | R15: 0 | S15: 0 | T15: 0 | U15: 0 | V15: 0 | W15: 0 | X15: 0 | Y15: 0 | Z15: 0 | AA15: 0 | AB15: 0 | AC15: 0 | AD15: 0 | AE15: 0 | AF15: 0 | AG15: 0 | AH15: 0 | AI15: 0 | AJ15: 0 | AK15: 0 | AL15: 0 | AM15: 0 | AN15: 0 | AO15: 0 | AP15: 0 | AQ15: 0 | AR15: 0 | AS15: 0 | AT15: 20 | AU15: Приемка, маркировка (1 этикетка), короб, отгрузка.
C16: Мячик черный 6 см в пакете ОPP - 1 шт. | D16: 2043369663040 | E16: 50 | F16: 0 | G16: 0 | H16: 0 | I16: 0 | J16: 50 | K16: 0 | L16: 50 | M16: 0 | N16: 50 | O16: 50 | P16: 0 | Q16: 250 | R16: 0 | S16: 0 | T16: 0 | U16: 0 | V16: 0 | W16: 0 | X16: 0 | Y16: 0 | Z16: 0 | AA16: 0 | AB16: 0 | AC16: 0 | AD16: 0 | AE16: 0 | AF16: 0 | AG16: 0 | AH16: 0 | AI16: 0 | AJ16: 0 | AK16: 0 | AL16: 0 | AM16: 0 | AN16: 0 | AO16: 0 | AP16: 0 | AQ16: 0 | AR16: 0 | AS16: 0 | AT16: 250 | AU16: Приемка, маркировка (1 этикетка), короб, отгрузка.
A17: Мячик с шипами 7 см | C17: Мячик белый 7 см в пакете ОPP - 1 шт. | D17: 2044025326637 | E17: 100 | F17: 0 | G17: 0 | H17: 0 | I17: 0 | J17: 50 | K17: 0 | L17: 50 | M17: 0 | N17: 50 | O17: 50 | P17: 0 | Q17: 300 | R17: 0 | S17: 0 | T17: 0 | U17: 0 | V17: 0 | W17: 0 | X17: 0 | Y17: 0 | Z17: 0 | AA17: 0 | AB17: 0 | AC17: 0 | AD17: 0 | AE17: 0 | AF17: 0 | AG17: 0 | AH17: 0 | AI17: 0 | AJ17: 0 | AK17: 0 | AL17: 0 | AM17: 0 | AN17: 0 | AO17: 0 | AP17: 0 | AQ17: 0 | AR17: 0 | AS17: 0 | AT17: 300 | AU17: Приемка, маркировка (1 этикетка), короб, отгрузка. | AV17: Мячик с шипами упакован в заводской БОРР пакет. Этикетку с ШК клеить прямо на пакет. Внимательно, чтоб штрих-код не сжимался.
C18: Мячик розовый 7 см в пакете ОPP - 1 шт. | D18: 2044025316447 | E18: 20 | F18: 0 | G18: 0 | H18: 0 | I18: 0 | J18: 0 | K18: 0 | L18: 20 | M18: 0 | N18: 0 | O18: 20 | P18: 0 | Q18: 60 | R18: 0 | S18: 0 | T18: 0 | U18: 0 | V18: 0 | W18: 0 | X18: 0 | Y18: 0 | Z18: 0 | AA18: 0 | AB18: 0 | AC18: 0 | AD18: 0 | AE18: 0 | AF18: 0 | AG18: 0 | AH18: 0 | AI18: 0 | AJ18: 0 | AK18: 0 | AL18: 0 | AM18: 0 | AN18: 0 | AO18: 0 | AP18: 0 | AQ18: 0 | AR18: 0 | AS18: 0 | AT18: 60 | AU18: Приемка, маркировка (1 этикетка), короб, отгрузка.
C19: Мячик голубой 7 см в пакете ОPP - 1 шт. | D19: 2044025338661 | E19: 0 | F19: 0 | G19: 0 | H19: 0 | I19: 0 | J19: 0 | K19: 0 | L19: 20 | M19: 0 | N19: 0 | O19: 20 | P19: 0 | Q19: 40 | R19: 0 | S19: 0 | T19: 0 | U19: 0 | V19: 0 | W19: 0 | X19: 0 | Y19: 0 | Z19: 0 | AA19: 0 | AB19: 0 | AC19: 0 | AD19: 0 | AE19: 0 | AF19: 0 | AG19: 0 | AH19: 0 | AI19: 0 | AJ19: 0 | AK19: 0 | AL19: 0 | AM19: 0 | AN19: 0 | AO19: 0 | AP19: 0 | AQ19: 0 | AR19: 0 | AS19: 0 | AT19: 40 | AU19: Приемка, маркировка (1 этикетка), короб, отгрузка.
C20: Мячик оранжевый 7 см в пакете ОPP - 1 шт. | D20: 2044025288003 | E20: 10 | F20: 0 | G20: 0 | H20: 0 | I20: 0 | J20: 0 | K20: 0 | L20: 10 | M20: 0 | N20: 0 | O20: 10 | P20: 0 | Q20: 30 | R20: 0 | S20: 0 | T20: 0 | U20: 0 | V20: 0 | W20: 0 | X20: 0 | Y20: 0 | Z20: 0 | AA20: 0 | AB20: 0 | AC20: 0 | AD20: 0 | AE20: 0 | AF20: 0 | AG20: 0 | AH20: 0 | AI20: 0 | AJ20: 0 | AK20: 0 | AL20: 0 | AM20: 0 | AN20: 0 | AO20: 0 | AP20: 0 | AQ20: 0 | AR20: 0 | AS20: 0 | AT20: 30 | AU20: Приемка, маркировка (1 этикетка), короб, отгрузка.
C21: Мячик черный 7 см в пакете ОPP - 1 шт. | D21: 2044025344532 | E21: 0 | F21: 0 | G21: 0 | H21: 0 | I21: 0 | J21: 0 | K21: 0 | L21: 10 | M21: 0 | N21: 0 | O21: 20 | P21: 0 | Q21: 30 | R21: 0 | S21: 0 | T21: 0 | U21: 0 | V21: 0 | W21: 0 | X21: 0 | Y21: 0 | Z21: 0 | AA21: 0 | AB21: 0 | AC21: 0 | AD21: 0 | AE21: 0 | AF21: 0 | AG21: 0 | AH21: 0 | AI21: 0 | AJ21: 0 | AK21: 0 | AL21: 0 | AM21: 0 | AN21: 0 | AO21: 0 | AP21: 0 | AQ21: 0 | AR21: 0 | AS21: 0 | AT21: 30 | AU21: Приемка, маркировка (1 этикетка), короб, отгрузка.
A22: Мячик с шипами 9 см | C22: Мячик розовый 9 см в пакете ОPP - 1 шт. | D22: 2044025321588 | E22: 30 | F22: 0 | G22: 0 | H22: 0 | I22: 0 | J22: 30 | K22: 0 | L22: 30 | M22: 0 | N22: 30 | O22: 30 | P22: 0 | Q22: 150 | R22: 0 | S22: 0 | T22: 0 | U22: 0 | V22: 0 | W22: 0 | X22: 0 | Y22: 0 | Z22: 0 | AA22: 0 | AB22: 0 | AC22: 0 | AD22: 0 | AE22: 0 | AF22: 0 | AG22: 0 | AH22: 0 | AI22: 0 | AJ22: 0 | AK22: 0 | AL22: 0 | AM22: 0 | AN22: 0 | AO22: 0 | AP22: 0 | AQ22: 0 | AR22: 0 | AS22: 0 | AT22: 150 | AU22: Приемка, маркировка (1 этикетка), короб, отгрузка. | AV22: Мячик с шипами упакован в заводской ОРР пакет. Этикетку с ШК клеить прямо на пакет. Внимательно, чтоб штрих-код не сжимался.
C23: Мячик голубой 9 см в пакете ОPP - 1 шт. | D23: 2044025342057 | E23: 0 | F23: 0 | G23: 0 | H23: 0 | I23: 0 | J23: 0 | K23: 0 | L23: 20 | M23: 0 | N23: 0 | O23: 20 | P23: 0 | Q23: 40 | R23: 0 | S23: 0 | T23: 0 | U23: 0 | V23: 0 | W23: 0 | X23: 0 | Y23: 0 | Z23: 0 | AA23: 0 | AB23: 0 | AC23: 0 | AD23: 0 | AE23: 0 | AF23: 0 | AG23: 0 | AH23: 0 | AI23: 0 | AJ23: 0 | AK23: 0 | AL23: 0 | AM23: 0 | AN23: 0 | AO23: 0 | AP23: 0 | AQ23: 0 | AR23: 0 | AS23: 0 | AT23: 40 | AU23: Приемка, маркировка (1 этикетка), короб, отгрузка.
C24: Мячик оранжевый 9 см в пакете ОPP - 1 шт. | D24: 2044025291485 | E24: 20 | F24: 0 | G24: 0 | H24: 0 | I24: 0 | J24: 20 | K24: 0 | L24: 20 | M24: 0 | N24: 20 | O24: 20 | P24: 0 | Q24: 100 | R24: 0 | S24: 0 | T24: 0 | U24: 0 | V24: 0 | W24: 0 | X24: 0 | Y24: 0 | Z24: 0 | AA24: 0 | AB24: 0 | AC24: 0 | AD24: 0 | AE24: 0 | AF24: 0 | AG24: 0 | AH24: 0 | AI24: 0 | AJ24: 0 | AK24: 0 | AL24: 0 | AM24: 0 | AN24: 0 | AO24: 0 | AP24: 0 | AQ24: 0 | AR24: 0 | AS24: 0 | AT24: 100 | AU24: Приемка, маркировка (1 этикетка), короб, отгрузка.
C25: Мячик фиолетовый 9 см в пакете ОPP - 1 шт. | D25: 2044025354937 | E25: 25 | F25: 0 | G25: 0 | H25: 0 | I25: 0 | J25: 0 | K25: 0 | L25: 20 | M25: 0 | N25: 15 | O25: 20 | P25: 0 | Q25: 80 | R25: 0 | S25: 0 | T25: 0 | U25: 0 | V25: 0 | W25: 0 | X25: 0 | Y25: 0 | Z25: 0 | AA25: 0 | AB25: 0 | AC25: 0 | AD25: 0 | AE25: 0 | AF25: 0 | AG25: 0 | AH25: 0 | AI25: 0 | AJ25: 0 | AK25: 0 | AL25: 0 | AM25: 0 | AN25: 0 | AO25: 0 | AP25: 0 | AQ25: 0 | AR25: 0 | AS25: 0 | AT25: 80 | AU25: Приемка, маркировка (1 этикетка), короб, отгрузка.
C26: Мячик черный 9 см в пакете ОPP - 1 шт. | D26: 2044025347953 | E26: 10 | F26: 0 | G26: 0 | H26: 0 | I26: 0 | J26: 0 | K26: 0 | L26: 0 | M26: 0 | N26: 0 | O26: 20 | P26: 0 | Q26: 30 | R26: 0 | S26: 0 | T26: 0 | U26: 0 | V26: 0 | W26: 0 | X26: 0 | Y26: 0 | Z26: 0 | AA26: 0 | AB26: 0 | AC26: 0 | AD26: 0 | AE26: 0 | AF26: 0 | AG26: 0 | AH26: 0 | AI26: 0 | AJ26: 0 | AK26: 0 | AL26: 0 | AM26: 0 | AN26: 0 | AO26: 0 | AP26: 0 | AQ26: 0 | AR26: 0 | AS26: 0 | AT26: 30 | AU26: Приемка, маркировка (1 этикетка), короб, отгрузка.
A27: Мячик гладкий | C27: Мяч гладкий розовый | D27: 2042985583893 | E27: 0 | F27: 0 | G27: 0 | H27: 0 | I27: 0 | J27: 0 | K27: 0 | L27: 0 | M27: 0 | N27: 0 | O27: 0 | P27: 0 | Q27: 0 | R27: 0 | S27: 0 | T27: 0 | U27: 0 | V27: 0 | W27: 0 | X27: 0 | Y27: 0 | Z27: 0 | AA27: 0 | AB27: 0 | AC27: 0 | AD27: 0 | AE27: 0 | AF27: 0 | AG27: 0 | AH27: 0 | AI27: 0 | AJ27: 0 | AK27: 0 | AL27: 0 | AM27: 0 | AN27: 0 | AO27: 0 | AP27: 0 | AQ27: 0 | AR27: 0 | AS27: 0 | AT27: 0 | AU27: Приемка, короб, отгрузка. | AV27: Мячик с шипами упакован в заводской БОРР пакет. Этикетку с ШК клеить прямо на пакет. Внимательно, чтоб штрих-код не сжимался.
C28: Мяч гладкий голубой | D28: 2042986356632 | E28: 0 | F28: 0 | G28: 0 | H28: 0 | I28: 0 | J28: 0 | K28: 0 | L28: 0 | M28: 0 | N28: 0 | O28: 0 | P28: 0 | Q28: 0 | R28: 0 | S28: 0 | T28: 0 | U28: 0 | V28: 0 | W28: 0 | X28: 0 | Y28: 0 | Z28: 0 | AA28: 0 | AB28: 0 | AC28: 0 | AD28: 0 | AE28: 0 | AF28: 0 | AG28: 0 | AH28: 0 | AI28: 0 | AJ28: 0 | AK28: 0 | AL28: 0 | AM28: 0 | AN28: 0 | AO28: 0 | AP28: 0 | AQ28: 0 | AR28: 0 | AS28: 0 | AT28: 0 | AU28: Приемка, короб, отгрузка.
C29: Мяч гладкий сиреневый | D29: 2042986372359 | E29: 0 | F29: 0 | G29: 0 | H29: 0 | I29: 0 | J29: 0 | K29: 0 | L29: 0 | M29: 0 | N29: 0 | O29: 0 | P29: 0 | Q29: 0 | R29: 0 | S29: 0 | T29: 0 | U29: 0 | V29: 0 | W29: 0 | X29: 0 | Y29: 0 | Z29: 0 | AA29: 0 | AB29: 0 | AC29: 0 | AD29: 0 | AE29: 0 | AF29: 0 | AG29: 0 | AH29: 0 | AI29: 0 | AJ29: 0 | AK29: 0 | AL29: 0 | AM29: 0 | AN29: 0 | AO29: 0 | AP29: 0 | AQ29: 0 | AR29: 0 | AS29: 0 | AT29: 0 | AU29: Приемка, короб, отгрузка.
C30: Мяч гладкий оранжевый | D30: 2042986377583 | E30: 0 | F30: 0 | G30: 0 | H30: 0 | I30: 0 | J30: 0 | K30: 0 | L30: 0 | M30: 0 | N30: 0 | O30: 0 | P30: 0 | Q30: 0 | R30: 0 | S30: 0 | T30: 0 | U30: 0 | V30: 0 | W30: 0 | X30: 0 | Y30: 0 | Z30: 0 | AA30: 0 | AB30: 0 | AC30: 0 | AD30: 0 | AE30: 0 | AF30: 0 | AG30: 0 | AH30: 0 | AI30: 0 | AJ30: 0 | AK30: 0 | AL30: 0 | AM30: 0 | AN30: 0 | AO30: 0 | AP30: 0 | AQ30: 0 | AR30: 0 | AS30: 0 | AT30: 0 | AU30: Приемка, короб, отгрузка.
A31: Фитнес-резинки | C31: Набор эластичных лент 3 шт. в мешке | D31: 2048933027488 | E31: 0 | F31: 0 | G31: 0 | H31: 0 | I31: 0 | J31: 15 | K31: 0 | L31: 15 | M31: 0 | N31: 15 | O31: 15 | P31: 0 | Q31: 60 | AT31: 60 | AU31: Приемка, маркировка (1 этикетка), короб, отгрузка. | AV31: Ленты в сумочке упакованы в заводской БОПП пакет. Этикетку с ШК клеить прямо на пакет. Внимательно, чтоб штрих-код не сжимался.
C32: Набор эластичных лент 5 шт. в мешке | D32: 2046392546618 | E32: 0 | F32: 0 | G32: 0 | H32: 0 | I32: 0 | J32: 0 | K32: 0 | L32: 10 | M32: 0 | N32: 10 | O32: 10 | P32: 0 | Q32: 30 | AT32: 30 | AU32: Приемка, маркировка (1 этикетка), короб, отгрузка. | AV32: Ленты в сумочке упакованы в заводской БОПП пакет. Этикетку с ШК клеить прямо на пакет. Внимательно, чтоб штрих-код не сжимался.
C33: Набор эластичных лент 4 шт. | D33: 2046392546632 | E33: 0 | F33: 0 | G33: 0 | H33: 0 | I33: 0 | J33: 0 | K33: 0 | L33: 0 | M33: 0 | N33: 0 | O33: 0 | P33: 0 | Q33: 0 | AT33: 0 | AU33: Приемка, сортировка маркировка (1 этикетка), короб, отгрузка. | AV33: Каждая лента упакована в зип пакет. Сформировать комлект из 4 цветов (зип-пакеты не снимать). Упаковать комплект в ваш БООП пакет. Этикетку с ШК клеить прямо на пакет. Внимательно, чтоб штрих-код не сжимался.
C34: Набор эластичных лент 5 шт. | D34: 2046392546656 | E34: 0 | F34: 0 | G34: 0 | H34: 0 | I34: 0 | J34: 0 | K34: 0 | L34: 0 | M34: 0 | N34: 0 | O34: 0 | P34: 0 | Q34: 0 | AT34: 0 | AU34: Приемка, сортировка, формирование комплекта, упаковка (ваши пакеты БОПП), маркировка (1 этикетка), короб, отгрузка | AV34: Каждая лента упакована в БОПП пакет. Сформировать комлект из 5 цветов (БОПП пакеты не снимать). Упаковать комплект в ваш БООП пакет. Этикетку с ШК клеить прямо на пакет. Внимательно, чтоб штрих-код не сжимался.
A35: Капа боксерская | C35: Капа черный/красный в пластиковой черной коробке - 1 шт. | D35: 2046391283330 | E35: 0 | F35: 0 | G35: 0 | H35: 0 | I35: 0 | J35: 0 | K35: 0 | L35: 0 | M35: 0 | N35: 0 | O35: 0 | P35: 0 | Q35: 0 | R35: 0 | S35: 0 | T35: 0 | U35: 0 | V35: 0 | W35: 0 | X35: 0 | Y35: 0 | Z35: 0 | AA35: 0 | AB35: 0 | AC35: 0 | AD35: 0 | AE35: 0 | AF35: 0 | AG35: 0 | AH35: 0 | AI35: 0 | AJ35: 0 | AK35: 0 | AL35: 0 | AM35: 0 | AN35: 0 | AO35: 0 | AP35: 0 | AQ35: 0 | AR35: 0 | AS35: 0 | AT35: 0 | AU35: Приемка, маркировка (1 этикетка), короб, отгрузка. | AV35: в разработке
C36: Капа черный/белый в пластиковой черной коробке - 1 шт. | D36: 2046391283385 | E36: 0 | F36: 0 | G36: 0 | H36: 0 | I36: 0 | J36: 0 | K36: 0 | L36: 0 | M36: 0 | N36: 0 | O36: 0 | P36: 0 | Q36: 0 | R36: 0 | S36: 0 | T36: 0 | U36: 0 | V36: 0 | W36: 0 | X36: 0 | Y36: 0 | Z36: 0 | AA36: 0 | AB36: 0 | AC36: 0 | AD36: 0 | AE36: 0 | AF36: 0 | AG36: 0 | AH36: 0 | AI36: 0 | AJ36: 0 | AK36: 0 | AL36: 0 | AM36: 0 | AN36: 0 | AO36: 0 | AP36: 0 | AQ36: 0 | AR36: 0 | AS36: 0 | AT36: 0 | AU36: Приемка, маркировка (1 этикетка), короб, отгрузка.
C37: Капа белый/черный в пластиковой белой коробке - 1 шт. | D37: 2046391283415 | E37: 0 | F37: 0 | G37: 0 | H37: 0 | I37: 0 | J37: 0 | K37: 0 | L37: 0 | M37: 0 | N37: 0 | O37: 0 | P37: 0 | Q37: 0 | R37: 0 | S37: 0 | T37: 0 | U37: 0 | V37: 0 | W37: 0 | X37: 0 | Y37: 0 | Z37: 0 | AA37: 0 | AB37: 0 | AC37: 0 | AD37: 0 | AE37: 0 | AF37: 0 | AG37: 0 | AH37: 0 | AI37: 0 | AJ37: 0 | AK37: 0 | AL37: 0 | AM37: 0 | AN37: 0 | AO37: 0 | AP37: 0 | AQ37: 0 | AR37: 0 | AS37: 0 | AT37: 0 | AU37: Приемка, маркировка (1 этикетка), короб, отгрузка.
C38: Капа белый/красный в пластиковой черной коробке - 1 шт. | D38: 2046391283446 | E38: 0 | F38: 0 | G38: 0 | H38: 0 | I38: 0 | J38: 0 | K38: 0 | L38: 0 | M38: 0 | N38: 0 | O38: 0 | P38: 0 | Q38: 0 | R38: 0 | S38: 0 | T38: 0 | U38: 0 | V38: 0 | W38: 0 | X38: 0 | Y38: 0 | Z38: 0 | AA38: 0 | AB38: 0 | AC38: 0 | AD38: 0 | AE38: 0 | AF38: 0 | AG38: 0 | AH38: 0 | AI38: 0 | AJ38: 0 | AK38: 0 | AL38: 0 | AM38: 0 | AN38: 0 | AO38: 0 | AP38: 0 | AQ38: 0 | AR38: 0 | AS38: 0 | AT38: 0 | AU38: Приемка, маркировка (1 этикетка), короб, отгрузка.
C39: Капа красный/белый в пластиковой черной коробке - 1 шт. | D39: 2046391283507 | E39: 0 | F39: 0 | G39: 0 | H39: 0 | I39: 0 | J39: 0 | K39: 0 | L39: 0 | M39: 0 | N39: 0 | O39: 0 | P39: 0 | Q39: 0 | R39: 0 | S39: 0 | T39: 0 | U39: 0 | V39: 0 | W39: 0 | X39: 0 | Y39: 0 | Z39: 0 | AA39: 0 | AB39: 0 | AC39: 0 | AD39: 0 | AE39: 0 | AF39: 0 | AG39: 0 | AH39: 0 | AI39: 0 | AJ39: 0 | AK39: 0 | AL39: 0 | AM39: 0 | AN39: 0 | AO39: 0 | AP39: 0 | AQ39: 0 | AR39: 0 | AS39: 0 | AT39: 0 | AU39: Приемка, маркировка (1 этикетка), короб, отгрузка.
C40: Капа синий/белый в пластиковой черной коробке - 1 шт. | D40: 2046391283545 | E40: 0 | F40: 0 | G40: 0 | H40: 0 | I40: 0 | J40: 0 | K40: 0 | L40: 0 | M40: 0 | N40: 0 | O40: 0 | P40: 0 | Q40: 0 | R40: 0 | S40: 0 | T40: 0 | U40: 0 | V40: 0 | W40: 0 | X40: 0 | Y40: 0 | Z40: 0 | AA40: 0 | AB40: 0 | AC40: 0 | AD40: 0 | AE40: 0 | AF40: 0 | AG40: 0 | AH40: 0 | AI40: 0 | AJ40: 0 | AK40: 0 | AL40: 0 | AM40: 0 | AN40: 0 | AO40: 0 | AP40: 0 | AQ40: 0 | AR40: 0 | AS40: 0 | AT40: 0 | AU40: Приемка, маркировка (1 этикетка), короб, отгрузка.
C41: Капа зеленый/белый в пластиковой черной коробке - 1 шт. | D41: 2046391283569 | E41: 0 | F41: 0 | G41: 0 | H41: 0 | I41: 0 | J41: 0 | K41: 0 | L41: 0 | M41: 0 | N41: 0 | O41: 0 | P41: 0 | Q41: 0 | R41: 0 | S41: 0 | T41: 0 | U41: 0 | V41: 0 | W41: 0 | X41: 0 | Y41: 0 | Z41: 0 | AA41: 0 | AB41: 0 | AC41: 0 | AD41: 0 | AE41: 0 | AF41: 0 | AG41: 0 | AH41: 0 | AI41: 0 | AJ41: 0 | AK41: 0 | AL41: 0 | AM41: 0 | AN41: 0 | AO41: 0 | AP41: 0 | AQ41: 0 | AR41: 0 | AS41: 0 | AT41: 0 | AU41: Приемка, маркировка (1 этикетка), короб, отгрузка.
C42: Капа зеленый/черный в пластиковой черной коробке - 1 шт. | D42: 2046391283613 | E42: 0 | F42: 0 | G42: 0 | H42: 0 | I42: 0 | J42: 0 | K42: 0 | L42: 0 | M42: 0 | N42: 0 | O42: 0 | P42: 0 | Q42: 0 | R42: 0 | S42: 0 | T42: 0 | U42: 0 | V42: 0 | W42: 0 | X42: 0 | Y42: 0 | Z42: 0 | AA42: 0 | AB42: 0 | AC42: 0 | AD42: 0 | AE42: 0 | AF42: 0 | AG42: 0 | AH42: 0 | AI42: 0 | AJ42: 0 | AK42: 0 | AL42: 0 | AM42: 0 | AN42: 0 | AO42: 0 | AP42: 0 | AQ42: 0 | AR42: 0 | AS42: 0 | AT42: 0 | AU42: Приемка, маркировка (1 этикетка), короб, отгрузка.
A43: Мешки для стирки белые | C43: Мешки для стирки на шнурке белые мелкая сетка - комплект из 3 шт. | D43: 2038606201642 | E43: 0 | F43: 0 | G43: 0 | H43: 0 | I43: 0 | J43: 0 | K43: 0 | L43: 0 | M43: 0 | N43: 20 | O43: 20 | P43: 0 | Q43: 40 | R43: 0 | S43: 0 | T43: 0 | U43: 0 | V43: 0 | W43: 0 | X43: 0 | Y43: 0 | Z43: 0 | AA43: 0 | AB43: 0 | AC43: 0 | AD43: 0 | AE43: 0 | AF43: 0 | AG43: 0 | AH43: 0 | AI43: 0 | AJ43: 0 | AK43: 0 | AL43: 0 | AM43: 0 | AN43: 0 | AO43: 0 | AP43: 0 | AQ43: 0 | AR43: 0 | AS43: 0 | AT43: 40 | AU43: Приемка, формирование комплекта, упаковка (ваши пакеты БОПП). Должны подойти 22*34), маркировка (1 этикетка), короб, отгрузка. | AV43: Сформировать комплект из 3 мешков разного размера (30*40, 40*50, 50*60). Индивидуальную упаковкуне снимать. Вложить в пакет БОПП 22*34 (ваши пакеты). Этикетку с ШК клеить на переднюю сторону упаковки (НЕ на место склейки упаковки).
C44: Мешки для стирки на шнурке белые крупная сетка - комплект из 3 шт. | D44: 2038606256161 | E44: 40 | F44: 0 | G44: 0 | H44: 0 | I44: 0 | J44: 0 | K44: 0 | L44: 0 | M44: 0 | N44: 20 | O44: 20 | P44: 0 | Q44: 80 | R44: 0 | S44: 0 | T44: 0 | U44: 0 | V44: 0 | W44: 0 | X44: 0 | Y44: 0 | Z44: 0 | AA44: 0 | AB44: 0 | AC44: 0 | AD44: 0 | AE44: 0 | AF44: 0 | AG44: 0 | AH44: 0 | AI44: 0 | AJ44: 0 | AK44: 0 | AL44: 0 | AM44: 0 | AN44: 0 | AO44: 0 | AP44: 0 | AQ44: 0 | AR44: 0 | AS44: 0 | AT44: 80 | AU44: Приемка, формирование комплекта, упаковка (ваши пакеты БОПП). Должны подойти 22*34), маркировка (1 этикетка), короб, отгрузка. | AV44: Сформировать комплект из 3 мешков разного размера (30*40, 40*50, 50*60). Индивидуальную упаковкуне снимать. Вложить в пакет БОПП 22*34 (ваши пакеты). Этикетку с ШК клеить на переднюю сторону упаковки (НЕ на место склейки упаковки).
C45: Мешок для стирки на шнурке белый мелкая сетка 60*80 - 1 шт. | D45: 2040335648124 | E45: 30 | F45: 0 | G45: 0 | H45: 0 | I45: 0 | J45: 30 | K45: 0 | L45: 30 | M45: 0 | N45: 20 | O45: 20 | P45: 0 | Q45: 130 | R45: 0 | S45: 0 | T45: 0 | U45: 0 | V45: 0 | W45: 0 | X45: 0 | Y45: 0 | Z45: 0 | AA45: 0 | AB45: 0 | AC45: 0 | AD45: 0 | AE45: 0 | AF45: 0 | AG45: 0 | AH45: 0 | AI45: 0 | AJ45: 0 | AK45: 0 | AL45: 0 | AM45: 0 | AN45: 0 | AO45: 0 | AP45: 0 | AQ45: 0 | AR45: 0 | AS45: 0 | AT45: 130 | AU45: Приемка, маркировка (1 этикетка), короб, отгрузка. | AV45: Мешок поставляется в индивидуальном заводском БОРР пакете. Этикетку с ШК клеить на переднюю сторону упаковки, не закрывая размер мешка (НЕ на место склейки упаковки).
C46: Мешок для стирки на шнурке белый крупная сетка 60*80 - 1 шт. | D46: 2040335626849 | E46: 30 | F46: 0 | G46: 0 | H46: 0 | I46: 0 | J46: 10 | K46: 0 | L46: 20 | M46: 0 | N46: 20 | O46: 20 | P46: 0 | Q46: 100 | R46: 0 | S46: 0 | T46: 0 | U46: 0 | V46: 0 | W46: 0 | X46: 0 | Y46: 0 | Z46: 0 | AA46: 0 | AB46: 0 | AC46: 0 | AD46: 0 | AE46: 0 | AF46: 0 | AG46: 0 | AH46: 0 | AI46: 0 | AJ46: 0 | AK46: 0 | AL46: 0 | AM46: 0 | AN46: 0 | AO46: 0 | AP46: 0 | AQ46: 0 | AR46: 0 | AS46: 0 | AT46: 100 | AU46: Приемка, маркировка (1 этикетка), короб, отгрузка. | AV46: Мешок поставляется в индивидуальном заводском БОРР пакете. Этикетку с ШК клеить на переднюю сторону упаковки, не закрывая размер мешка (НЕ на место склейки упаковки).
C47: Набор для стирки белый разной формы на змейке - 2 шт. | D47: 2039404446068 | E47: 0 | F47: 0 | G47: 0 | H47: 0 | I47: 0 | J47: 0 | K47: 0 | L47: 0 | M47: 0 | N47: 20 | O47: 20 | P47: 0 | Q47: 40 | R47: 0 | S47: 0 | T47: 0 | U47: 0 | V47: 0 | W47: 0 | X47: 0 | Y47: 0 | Z47: 0 | AA47: 0 | AB47: 0 | AC47: 0 | AD47: 0 | AE47: 0 | AF47: 0 | AG47: 0 | AH47: 0 | AI47: 0 | AJ47: 0 | AK47: 0 | AL47: 0 | AM47: 0 | AN47: 0 | AO47: 0 | AP47: 0 | AQ47: 0 | AR47: 0 | AS47: 0 | AT47: 40 | AU47: Приемка, формирование комплекта, упаковка (ваши пакеты БОПП). Должны подойти 22*34, маркировка (1 этикетка), короб, отгрузка. | AV47: Сформировать комплект из 2 белых мешков со змейкой разной формы (цилиндр и ракушка). Вложить в пакет БОПП 22*34 (ваш пакет). Этикетку с ШК клеить на переднюю сторону упаковки (НЕ на место склейки упаковки).
A48: Мешки для стирки бежевые | C48: Мешок для стирки бюстгальтера бежевый цилиндр - 1 шт. | D48: 2038597850744 | E48: 0 | F48: 0 | G48: 0 | H48: 0 | I48: 0 | J48: 0 | K48: 0 | L48: 0 | M48: 0 | N48: 0 | O48: 20 | P48: 0 | Q48: 20 | R48: 0 | S48: 0 | T48: 0 | U48: 0 | V48: 0 | W48: 0 | X48: 0 | Y48: 0 | Z48: 0 | AA48: 0 | AB48: 0 | AC48: 0 | AD48: 0 | AE48: 0 | AF48: 0 | AG48: 0 | AH48: 0 | AI48: 0 | AJ48: 0 | AK48: 0 | AL48: 0 | AM48: 0 | AN48: 0 | AO48: 0 | AP48: 0 | AQ48: 0 | AR48: 0 | AS48: 0 | AT48: 20 | AU48: Приемка, маркировка (1 этикетка), короб, отгрузка. | AV48: Мешок поставляется в индивидуальном заводском БОПП пакете. Этикетку с ШК клеить на переднюю сторону упаковки (НЕ на место склейки упаковки).
C49: Мешки для стирки бежевые квадратные на змейке - комплект из 3 шт. | D49: 2038627692689 | E49: 0 | F49: 0 | G49: 0 | H49: 0 | I49: 0 | J49: 0 | K49: 0 | L49: 0 | M49: 0 | N49: 0 | O49: 0 | P49: 0 | Q49: 0 | R49: 0 | S49: 0 | T49: 0 | U49: 0 | V49: 0 | W49: 0 | X49: 0 | Y49: 0 | Z49: 0 | AA49: 0 | AB49: 0 | AC49: 0 | AD49: 0 | AE49: 0 | AF49: 0 | AG49: 0 | AH49: 0 | AI49: 0 | AJ49: 0 | AK49: 0 | AL49: 0 | AM49: 0 | AN49: 0 | AO49: 0 | AP49: 0 | AQ49: 0 | AR49: 0 | AS49: 0 | AT49: 0 | AU49: Приемка, формирование комплекта, упаковка (ваши пакеты БОПП), должны подойти 24*34, маркировка (1 этикетка), короб, отгрузка. | AV49: Сформировать комплект из 3 прямоугольных мешков разного размера (на мешках вышивка:с платьем, рубашка, носки). Вложить в пакет БОПП 24*34 (ваш пакет). Этикетку с ШК клеить на переднюю сторону упаковки (НЕ на место склейки упаковки).
C50: Мешки для стирки бежевые разной формы на змейке - комплект из 3 шт. | D50: 2038627713902 | E50: 0 | F50: 0 | G50: 0 | H50: 0 | I50: 0 | J50: 0 | K50: 0 | L50: 0 | M50: 0 | N50: 20 | O50: 20 | P50: 0 | Q50: 40 | R50: 0 | S50: 0 | T50: 0 | U50: 0 | V50: 0 | W50: 0 | X50: 0 | Y50: 0 | Z50: 0 | AA50: 0 | AB50: 0 | AC50: 0 | AD50: 0 | AE50: 0 | AF50: 0 | AG50: 0 | AH50: 0 | AI50: 0 | AJ50: 0 | AK50: 0 | AL50: 0 | AM50: 0 | AN50: 0 | AO50: 0 | AP50: 0 | AQ50: 0 | AR50: 0 | AS50: 0 | AT50: 40 | AU50: Приемка, формирование комплекта, упаковка (ваши пакеты БОПП), должны подойти 24*34, маркировка (1 этикетка), короб, отгрузка. | AV50: Сформировать комплект из 3 мешков разной формы (цилиндр с платьем, ракушка с бюстом, ракушка с трусами). Вложить в ваш пакет БОПП 22*34. Этикетку с ШК клеить на переднюю сторону упаковки (НЕ на место склейки упаковки).
C51: Мешки для стирки бежевые -набор из 7 шт. (готовый) | D51: 2038337652454 | E51: 0 | F51: 0 | G51: 0 | H51: 0 | I51: 0 | J51: 0 | K51: 0 | L51: 0 | M51: 0 | N51: 0 | O51: 20 | P51: 0 | Q51: 20 | R51: 0 | S51: 0 | T51: 0 | U51: 0 | V51: 0 | W51: 0 | X51: 0 | Y51: 0 | Z51: 0 | AA51: 0 | AB51: 0 | AC51: 0 | AD51: 0 | AE51: 0 | AF51: 0 | AG51: 0 | AH51: 0 | AI51: 0 | AJ51: 0 | AK51: 0 | AL51: 0 | AM51: 0 | AN51: 0 | AO51: 0 | AP51: 0 | AQ51: 0 | AR51: 0 | AS51: 0 | AT51: 20 | AU51: Приемка, маркировка (1 этикетка),1 наклейка на разъем слайдера , короб, отгрузка. | AV51: Набор мешков поставляется в заводском пакете слайдере. Этикетку с ШК не клеить на разъем слайдера. Разъем слайдера обогнуть этикеткой (я предоставляю).
A52: Таблетница прямоугольная | C52: Таблетница прямоугольная черная на 7 дней - 1 шт. | D52: 2038891723249 | E52: 20 | F52: 0 | G52: 0 | H52: 0 | I52: 0 | J52: 0 | K52: 0 | L52: 0 | M52: 0 | N52: 0 | O52: 52 | P52: 0 | Q52: 72 | R52: 0 | S52: 0 | T52: 0 | U52: 0 | V52: 0 | W52: 0 | X52: 0 | Y52: 0 | Z52: 0 | AA52: 0 | AB52: 0 | AC52: 0 | AD52: 0 | AE52: 0 | AF52: 0 | AG52: 0 | AH52: 0 | AI52: 0 | AJ52: 0 | AK52: 0 | AL52: 0 | AM52: 0 | AN52: 0 | AO52: 0 | AP52: 0 | AQ52: 0 | AR52: 0 | AS52: 0 | AT52: 72 | AU52: Приемка, упаковка в ВПП пакет (пакет голубого цвета поставляется вместе с таблетницей), маркировка (1 этикетка), короб, отгрузка. | AV52: Таблетница поставляется в заводском БОПП пакете. Заводскую упаковку не снимать. Таблетницу вложить в голубой ВПП пакет, который поставляется вметсе с таблетницами. Этикетку с ШК клеить на лицевую сторону (НЕ на место склейки пакета). В заводских коробках норма упаковки 72 шт. После упаковки в ВПП пакеты 72 шт. идеально помещаются в стандартный короб 60*40*40. Внимательно! Смотреть цвет внутренних ячеек в таблетнице: - черная снаружи/черные внутренние ячейки - черная снаружи/цветные внутренние ячейки. Белые и сиреневые таблетницы снаружи легко определить.
C53: Таблетница прямоугольная черная/цветная на 7 дней - 1 шт. | D53: 2044025155923 | E53: 36 | F53: 0 | G53: 0 | H53: 0 | I53: 0 | J53: 0 | K53: 0 | L53: 0 | M53: 0 | N53: 0 | O53: 36 | P53: 0 | Q53: 72 | R53: 0 | S53: 0 | T53: 0 | U53: 0 | V53: 0 | W53: 0 | X53: 0 | Y53: 0 | Z53: 0 | AA53: 0 | AB53: 0 | AC53: 0 | AD53: 0 | AE53: 0 | AF53: 0 | AG53: 0 | AH53: 0 | AI53: 0 | AJ53: 0 | AK53: 0 | AL53: 0 | AM53: 0 | AN53: 0 | AO53: 0 | AP53: 0 | AQ53: 0 | AR53: 0 | AS53: 0 | AT53: 72 | AU53: Приемка, упаковка в ВПП пакет (пакет голубого цвета поставляется вместе с таблетницей), маркировка (1 этикетка), короб, отгрузка.
C54: Таблетница прямоугольная белая/цветная на 7 дней - 1 шт. | D54: 2044516485386 | E54: 36 | F54: 0 | G54: 0 | H54: 0 | I54: 0 | J54: 0 | K54: 0 | L54: 0 | M54: 0 | N54: 0 | O54: 36 | P54: 0 | Q54: 72 | R54: 0 | S54: 0 | T54: 0 | U54: 0 | V54: 0 | W54: 0 | X54: 0 | Y54: 0 | Z54: 0 | AA54: 0 | AB54: 0 | AC54: 0 | AD54: 0 | AE54: 0 | AF54: 0 | AG54: 0 | AH54: 0 | AI54: 0 | AJ54: 0 | AK54: 0 | AL54: 0 | AM54: 0 | AN54: 0 | AO54: 0 | AP54: 0 | AQ54: 0 | AR54: 0 | AS54: 0 | AT54: 72 | AU54: Приемка, упаковка в ВПП пакет (пакет голубого цвета поставляется вместе с таблетницей), маркировка (1 этикетка), короб, отгрузка.
C55: Таблетница прямоугольная сиреневая/цветная на 7 дней - 1 шт. | D55: 2044516498812 | E55: 0 | F55: 0 | G55: 0 | H55: 0 | I55: 0 | J55: 0 | K55: 0 | L55: 0 | M55: 0 | N55: 0 | O55: 36 | P55: 0 | Q55: 36 | R55: 0 | S55: 0 | T55: 0 | U55: 0 | V55: 0 | W55: 0 | X55: 0 | Y55: 0 | Z55: 0 | AA55: 0 | AB55: 0 | AC55: 0 | AD55: 0 | AE55: 0 | AF55: 0 | AG55: 0 | AH55: 0 | AI55: 0 | AJ55: 0 | AK55: 0 | AL55: 0 | AM55: 0 | AN55: 0 | AO55: 0 | AP55: 0 | AQ55: 0 | AR55: 0 | AS55: 0 | AT55: 36 | AU55: Приемка, упаковка в ВПП пакет (пакет голубого цвета поставляется вместе с таблетницей), маркировка (1 этикетка), короб, отгрузка.
A56: Таблетница круглая | C56: Таблетница черная на 7 дней по 2 отделения - 1 шт. | D56: 2038890789598 | E56: 0 | F56: 0 | G56: 0 | H56: 0 | I56: 0 | J56: 0 | K56: 0 | L56: 0 | M56: 0 | N56: 0 | O56: 0 | P56: 0 | Q56: 0 | R56: 0 | S56: 0 | T56: 0 | U56: 0 | V56: 0 | W56: 0 | X56: 0 | Y56: 0 | Z56: 0 | AA56: 0 | AB56: 0 | AC56: 0 | AD56: 0 | AE56: 0 | AF56: 0 | AG56: 0 | AH56: 0 | AI56: 0 | AJ56: 0 | AK56: 0 | AL56: 0 | AM56: 0 | AN56: 0 | AO56: 0 | AP56: 0 | AQ56: 0 | AR56: 0 | AS56: 0 | AT56: 0 | AU56: Приемка, упаковка в ВПП пакет (пакет голубого цвета поставляется вместе с таблетницей), маркировка (1 этикетка), короб, отгрузка. | AV56: Таблетница поставляется в заводском БОПП пакете. Заводскую упаковку не снимать. Таблетницу вложить в голубой ВПП пакет, который поставляется вметсе с таблетницами. Этикетку с ШК клеить на лицевую сторону (НЕ на место склейки). В заводских коробках норма упаковки 80 шт. После упаковки в ВПП пакеты в стандартный короб 60*40*40 помещается 68 таблетниц. Внимательно! Смотреть цвет внутренних ячеек в таблетнице: - темносерая снаружи/темносерые внутренние ячейки и - темносерая снаружи/цветные внутренние ячейки. Белую таблетницу легко определить.
C57: Таблетница круглая черная/цветная на 7 дней по 2 отделения - 1 шт. | D57: 2042160422832 | E57: 0 | F57: 0 | G57: 0 | H57: 0 | I57: 0 | J57: 0 | K57: 0 | L57: 0 | M57: 0 | N57: 0 | O57: 0 | P57: 0 | Q57: 0 | R57: 0 | S57: 0 | T57: 0 | U57: 0 | V57: 0 | W57: 0 | X57: 0 | Y57: 0 | Z57: 0 | AA57: 0 | AB57: 0 | AC57: 0 | AD57: 0 | AE57: 0 | AF57: 0 | AG57: 0 | AH57: 0 | AI57: 0 | AJ57: 0 | AK57: 0 | AL57: 0 | AM57: 0 | AN57: 0 | AO57: 0 | AP57: 0 | AQ57: 0 | AR57: 0 | AS57: 0 | AT57: 0 | AU57: Приемка, упаковка в ВПП пакет (пакет голубого цвета поставляется вместе с таблетницей), маркировка (1 этикетка), короб, отгрузка.
