Workbook

Sheet  Расчет стоимости и веса
A1: ссылка | B1: фото | C1: комментарий | D1: Кол-во, шт. протянуть формулу и изменять в ручную. | E1: цена, юань | F1: сумма, юань | G1: доставка, юани | H1: Арт. Мой | I1: Арт ВБ | J1: Арт ВБ для комплекта | K1: ШК | L1: отгружено, шт | M1: вес ед., кг | N1: вес, кг | O1: норма упаковки | P1: размеры короба | Q1: вес по норме упаковки | R1: Комментарии
A2: https://detail.1688.com/offer/635893886704.html | C2: Бандаж для лица розовый лайкра. Пакет OPP | D2: =_xlfn.XLOOKUP(H2,[1]Сводный!$C:$C,[1]Сводный!$CE:$CE,0) -> 0 | E2: 5.5 | F2: =E2*D2 -> 0 | H2: =_xlfn.XLOOKUP(I2,[2]Юнит!$A:$A,[2]Юнит!$C:$C) -> ACRF1BN101PN | I2: 169112569 | J2: 169112569 | K2: =_xlfn.XLOOKUP(H2,[2]Юнит!$C:$C,[2]Юнит!$E:$E) -> 2038161736993 | L2: =D2 -> 0 | M2: 0.04 | N2: =M2*D2 -> 0 | O2: 500 | P2: 68*36*50 | Q2: =O2*M2 -> 20
A3: https://detail.1688.com/offer/635893886704.html | C3: Бандаж для лица черный лайкра. Пакет OPP | D3: =_xlfn.XLOOKUP(H3,[1]Сводный!$C:$C,[1]Сводный!$CE:$CE,0) -> 40 | E3: 5.5 | F3: =E3*D3 -> 220 | H3: =_xlfn.XLOOKUP(I3,[2]Юнит!$A:$A,[2]Юнит!$C:$C) -> ACRF1BN101BC | I3: 169153168 | J3: 169153168 | K3: =_xlfn.XLOOKUP(H3,[2]Юнит!$C:$C,[2]Юнит!$E:$E) -> 2038162681926 | L3: =D3 -> 40 | M3: 0.04 | N3: =M3*D3 -> 1.6 | O3: 500 | P3: 68*36*50 | Q3: =O3*M3 -> 20
D4: =_xlfn.XLOOKUP(H4,[1]Сводный!$C:$C,[1]Сводный!$CE:$CE,0) -> 0 | K4: =_xlfn.XLOOKUP(H4,[2]Юнит!$C:$C,[2]Юнит!$E:$E) -> 0
A5: https://detail.1688.com/offer/693810563823.html | C5: Силиконовая маска для лица серая. Пакет OPP | D5: =_xlfn.XLOOKUP(H5,[1]Сводный!$C:$C,[1]Сводный!$CE:$CE,0) -> 40 | E5: 13.5 | F5: =E5*D5 -> 540 | H5: =_xlfn.XLOOKUP(I5,[2]Юнит!$A:$A,[2]Юнит!$C:$C) -> ACRF1BN201GR | I5: 169395410 | J5: 169395410 | K5: =_xlfn.XLOOKUP(H5,[2]Юнит!$C:$C,[2]Юнит!$E:$E) -> 2038172050200 | L5: =D5 -> 40 | M5: 0.09 | N5: =M5*D5 -> 3.6 | O5: 100 | P5: 58*31*37 | Q5: =O5*M5 -> 9
D6: =_xlfn.XLOOKUP(H6,[1]Сводный!$C:$C,[1]Сводный!$CE:$CE,0) -> 0 | F6: =E6*D6 -> 0 | H6: =_xlfn.XLOOKUP(I6,[2]Юнит!$A:$A,[2]Юнит!$C:$C) -> 0 | J6: 0 | L6: =D6 -> 0 | N6: =M6*D6 -> 0 | Q6: =O6*M6 -> 0
A7: https://detail.1688.com/offer/566453154821.html | C7: Массажер для пальцев роликовый в подарочной коробке | D7: =_xlfn.XLOOKUP(H7,[1]Сводный!$C:$C,[1]Сводный!$CE:$CE,0) -> 0 | E7: 1.8 | F7: =E7*D7 -> 0 | H7: =_xlfn.XLOOKUP(I7,[2]Юнит!$A:$A,[2]Юнит!$C:$C) -> ACRH1MS101RJ | I7: 173605843 | J7: 173605843 | K7: =_xlfn.XLOOKUP(H7,[2]Юнит!$C:$C,[2]Юнит!$E:$E) -> 2038430289250 | L7: =D7 -> 0 | M7: 0.04 | N7: =M7*D7 -> 0 | O7: 400 | P7: 63*41,8*51 | Q7: =O7*M7 -> 16 | R7: https://detail.1688.com/offer/728663297092.html
D8: =_xlfn.XLOOKUP(H8,[1]Сводный!$C:$C,[1]Сводный!$CE:$CE,0) -> 0 | F8: =E8*D8 -> 0 | H8: =_xlfn.XLOOKUP(I8,[2]Юнит!$A:$A,[2]Юнит!$C:$C) -> 0 | L8: =D8 -> 0 | N8: =M8*D8 -> 0 | Q8: =O8*M8 -> 0
A9: https://detail.1688.com/offer/731940202915.html | C9: Массажер для спины розовый | D9: =_xlfn.XLOOKUP(H9,[1]Сводный!$C:$C,[1]Сводный!$CE:$CE,0) -> 10 | E9: 6.3 | F9: =E9*D9 -> 63 | G9: 80 | H9: =_xlfn.XLOOKUP(I9,[2]Юнит!$A:$A,[2]Юнит!$C:$C) -> ACRB1MS101PN | I9: 275208801 | J9: =I9 -> 275208801 | K9: =_xlfn.XLOOKUP(H9,[2]Юнит!$C:$C,[2]Юнит!$E:$E) -> 2041591042329 | L9: =D9 -> 10 | M9: 0.16 | N9: =M9*D9 -> 1.6 | O9: 100 | Q9: =O9*M9 -> 16 | R9: https://detail.1688.com/offer/653872589438.html
A10: https://detail.1688.com/offer/731940202915.html | C10: Массажер для спины голубой | D10: =_xlfn.XLOOKUP(H10,[1]Сводный!$C:$C,[1]Сводный!$CE:$CE,0) -> 60 | E10: 6.3 | F10: =E10*D10 -> 378 | H10: =_xlfn.XLOOKUP(I10,[2]Юнит!$A:$A,[2]Юнит!$C:$C) -> ACRB1MS101BL | I10: 275208802 | J10: =I10 -> 275208802 | K10: =_xlfn.XLOOKUP(H10,[2]Юнит!$C:$C,[2]Юнит!$E:$E) -> 2041591055954 | L10: =D10 -> 60 | M10: 0.16 | N10: =M10*D10 -> 9.6 | O10: 100 | Q10: =O10*M10 -> 16 | R10: https://detail.1688.com/offer/653872589438.html
A11: https://detail.1688.com/offer/731940202915.html | C11: Массажер для спины оранжевый | D11: =_xlfn.XLOOKUP(H11,[1]Сводный!$C:$C,[1]Сводный!$CE:$CE,0) -> 50 | E11: 6.3 | F11: =E11*D11 -> 315 | H11: =_xlfn.XLOOKUP(I11,[2]Юнит!$A:$A,[2]Юнит!$C:$C) -> ACRB1MS101RJ | I11: 223420736 | J11: =I11 -> 223420736 | K11: =_xlfn.XLOOKUP(H11,[2]Юнит!$C:$C,[2]Юнит!$E:$E) -> 2039813223373 | L11: =D11 -> 50 | M11: 0.16 | N11: =M11*D11 -> 8 | O11: 100 | Q11: =O11*M11 -> 16 | R11: https://detail.1688.com/offer/653872589438.html
D12: =_xlfn.XLOOKUP(H12,[1]Сводный!$C:$C,[1]Сводный!$CE:$CE,0) -> 0
A13: https://detail.1688.com/offer/694897445577.html | C13: Мячик белый 6 см | D13: =_xlfn.XLOOKUP(H13,[1]Сводный!$C:$C,[1]Сводный!$CE:$CE,0) -> 125 | E13: 2.9 | F13: =E13*D13 -> 362.5 | H13: =_xlfn.XLOOKUP(I13,[2]Юнит!$A:$A,[2]Юнит!$C:$C) -> ACRB1MS106WH | I13: 236072835 | J13: =I13 -> 236072835 | K13: =_xlfn.XLOOKUP(H13,[2]Юнит!$C:$C,[2]Юнит!$E:$E) -> 2040278804496 | L13: =D13 -> 125 | M13: 0.04 | N13: =M13*D13 -> 5 | O13: 400 | P13: 66*42*34 | Q13: =O13*M13 -> 16 | R13: https://detail.1688.com/offer/651566408943.html
A14: https://detail.1688.com/offer/694897445577.html | C14: Мячик розовый 6 см | D14: =_xlfn.XLOOKUP(H14,[1]Сводный!$C:$C,[1]Сводный!$CE:$CE,0) -> 300 | E14: 2.9 | F14: =E14*D14 -> 870 | H14: =_xlfn.XLOOKUP(I14,[2]Юнит!$A:$A,[2]Юнит!$C:$C) -> ACRB1MS106PN | I14: 236072836 | J14: =I14 -> 236072836 | K14: =_xlfn.XLOOKUP(H14,[2]Юнит!$C:$C,[2]Юнит!$E:$E) -> 2040278810534 | L14: =D14 -> 300 | M14: 0.04 | N14: =M14*D14 -> 12 | O14: 400 | P14: 66*42*34 | Q14: =O14*M14 -> 16 | R14: https://detail.1688.com/offer/651566408943.html
A15: https://detail.1688.com/offer/694897445577.html | C15: Мячик голубой 6 см | D15: =_xlfn.XLOOKUP(H15,[1]Сводный!$C:$C,[1]Сводный!$CE:$CE,0) -> 120 | E15: 2.9 | F15: =E15*D15 -> 348 | H15: =_xlfn.XLOOKUP(I15,[2]Юнит!$A:$A,[2]Юнит!$C:$C) -> ACRB1MS106BL | I15: 236072834 | J15: =I15 -> 236072834 | K15: =_xlfn.XLOOKUP(H15,[2]Юнит!$C:$C,[2]Юнит!$E:$E) -> 2040278804649 | L15: =D15 -> 120 | M15: 0.04 | N15: =M15*D15 -> 4.8 | O15: 400 | P15: 66*42*34 | Q15: =O15*M15 -> 16 | R15: https://detail.1688.com/offer/651566408943.html
A16: https://detail.1688.com/offer/694897445577.html | C16: Мячик оранжевый 6 см | D16: =_xlfn.XLOOKUP(H16,[1]Сводный!$C:$C,[1]Сводный!$CE:$CE,0) -> 20 | E16: 2.9 | F16: =E16*D16 -> 58 | H16: =_xlfn.XLOOKUP(I16,[2]Юнит!$A:$A,[2]Юнит!$C:$C) -> ACRB1MS106RJ | I16: 223671295 | J16: =I16 -> 223671295 | K16: =_xlfn.XLOOKUP(H16,[2]Юнит!$C:$C,[2]Юнит!$E:$E) -> 2039818580389 | L16: =D16 -> 20 | M16: 0.04 | N16: =M16*D16 -> 0.8 | O16: 400 | P16: 66*42*34 | Q16: =O16*M16 -> 16 | R16: https://detail.1688.com/offer/651566408943.html
A17: https://detail.1688.com/offer/650780571645.html | C17: Мячик черный 6 см | D17: =_xlfn.XLOOKUP(H17,[1]Сводный!$C:$C,[1]Сводный!$CE:$CE,0) -> 250 | E17: 1.9 | F17: =E17*D17 -> 475 | H17: =_xlfn.XLOOKUP(I17,[2]Юнит!$A:$A,[2]Юнит!$C:$C) -> ACRB1MS106BС | I17: 370591238 | J17: =I17 -> 370591238 | K17: =_xlfn.XLOOKUP(H17,[2]Юнит!$C:$C,[2]Юнит!$E:$E) -> 2043369663040 | L17: =D17 -> 250 | M17: 0.04 | N17: =M17*D17 -> 10 | O17: 450 | P17: 66*42*34 | Q17: =O17*M17 -> 18
D18: =_xlfn.XLOOKUP(H18,[1]Сводный!$C:$C,[1]Сводный!$CE:$CE,0) -> 0
A19: https://detail.1688.com/offer/650780571645.html | C19: Мячик белый 7 см | D19: =_xlfn.XLOOKUP(H19,[1]Сводный!$C:$C,[1]Сводный!$CE:$CE,0) -> 300 | E19: 2.1 | F19: =E19*D19 -> 630 | H19: =_xlfn.XLOOKUP(I19,[2]Юнит!$A:$A,[2]Юнит!$C:$C) -> ACRB1MS107WH | I19: 419145391 | J19: =I19 -> 419145391 | K19: =_xlfn.XLOOKUP(H19,[2]Юнит!$C:$C,[2]Юнит!$E:$E) -> 2044025326637 | L19: =D19 -> 300 | M19: 0.06 | N19: =M19*D19 -> 18 | Q19: =O19*M19 -> 0
A20: https://detail.1688.com/offer/650780571645.html | C20: Мячик розовый 7 см | D20: =_xlfn.XLOOKUP(H20,[1]Сводный!$C:$C,[1]Сводный!$CE:$CE,0) -> 60 | E20: 2.1 | F20: =E20*D20 -> 126 | H20: =_xlfn.XLOOKUP(I20,[2]Юнит!$A:$A,[2]Юнит!$C:$C) -> ACRB1MS107PN | I20: 419145389 | J20: =I20 -> 419145389 | K20: =_xlfn.XLOOKUP(H20,[2]Юнит!$C:$C,[2]Юнит!$E:$E) -> 2044025316447 | L20: =D20 -> 60 | M20: 0.06 | N20: =M20*D20 -> 3.6 | Q20: =O20*M20 -> 0
A21: https://detail.1688.com/offer/650780571645.html | C21: Мячик голубой 7 см | D21: =_xlfn.XLOOKUP(H21,[1]Сводный!$C:$C,[1]Сводный!$CE:$CE,0) -> 40 | E21: 2.1 | F21: =E21*D21 -> 84 | H21: =_xlfn.XLOOKUP(I21,[2]Юнит!$A:$A,[2]Юнит!$C:$C) -> ACRB1MS107BL | I21: 419145748 | J21: =I21 -> 419145748 | K21: =_xlfn.XLOOKUP(H21,[2]Юнит!$C:$C,[2]Юнит!$E:$E) -> 2044025338661 | L21: =D21 -> 40 | M21: 0.06 | N21: =M21*D21 -> 2.4 | Q21: =O21*M21 -> 0
A22: https://detail.1688.com/offer/650780571645.html | C22: Мячик оранжевый 7 см | D22: =_xlfn.XLOOKUP(H22,[1]Сводный!$C:$C,[1]Сводный!$CE:$CE,0) -> 30 | E22: 2.1 | F22: =E22*D22 -> 63 | H22: =_xlfn.XLOOKUP(I22,[2]Юнит!$A:$A,[2]Юнит!$C:$C) -> ACRB1MS107RJ | I22: 419141548 | J22: =I22 -> 419141548 | K22: =_xlfn.XLOOKUP(H22,[2]Юнит!$C:$C,[2]Юнит!$E:$E) -> 2044025288003 | L22: =D22 -> 30 | M22: 0.06 | N22: =M22*D22 -> 1.8 | Q22: =O22*M22 -> 0
A23: https://detail.1688.com/offer/650780571645.html | C23: Мячик черный 7 см | D23: =_xlfn.XLOOKUP(H23,[1]Сводный!$C:$C,[1]Сводный!$CE:$CE,0) -> 30 | E23: 2.1 | F23: =E23*D23 -> 63 | H23: =_xlfn.XLOOKUP(I23,[2]Юнит!$A:$A,[2]Юнит!$C:$C) -> ACRB1MS107BС | I23: 419145985 | J23: =I23 -> 419145985 | K23: =_xlfn.XLOOKUP(H23,[2]Юнит!$C:$C,[2]Юнит!$E:$E) -> 2044025344532 | L23: =D23 -> 30 | M23: 0.06 | N23: =M23*D23 -> 1.8 | Q23: =O23*M23 -> 0
D24: =_xlfn.XLOOKUP(H24,[1]Сводный!$C:$C,[1]Сводный!$CE:$CE,0) -> 0
A25: https://detail.1688.com/offer/650780571645.html | C25: Мячик розовый 9 см | D25: =_xlfn.XLOOKUP(H25,[1]Сводный!$C:$C,[1]Сводный!$CE:$CE,0) -> 150 | E25: 3.1 | F25: =E25*D25 -> 465 | G25: 356 | H25: =_xlfn.XLOOKUP(I25,[2]Юнит!$A:$A,[2]Юнит!$C:$C) -> ACRB1MS109PN | I25: 419145390 | J25: =I25 -> 419145390 | K25: =_xlfn.XLOOKUP(H25,[2]Юнит!$C:$C,[2]Юнит!$E:$E) -> 2044025321588 | L25: =D25 -> 150 | M25: 0.1 | N25: =M25*D25 -> 15 | Q25: =O25*M25 -> 0
A26: https://detail.1688.com/offer/650780571645.html | C26: Мячик голубой 9 см | D26: =_xlfn.XLOOKUP(H26,[1]Сводный!$C:$C,[1]Сводный!$CE:$CE,0) -> 40 | E26: 3.1 | F26: =E26*D26 -> 124 | H26: =_xlfn.XLOOKUP(I26,[2]Юнит!$A:$A,[2]Юнит!$C:$C) -> ACRB1MS109BL | I26: 419145749 | J26: =I26 -> 419145749 | K26: =_xlfn.XLOOKUP(H26,[2]Юнит!$C:$C,[2]Юнит!$E:$E) -> 2044025342057 | L26: =D26 -> 40 | M26: 0.1 | N26: =M26*D26 -> 4 | Q26: =O26*M26 -> 0
A27: https://detail.1688.com/offer/650780571645.html | C27: Мячик оранжевый 9 см | D27: =_xlfn.XLOOKUP(H27,[1]Сводный!$C:$C,[1]Сводный!$CE:$CE,0) -> 100 | E27: 3.1 | F27: =E27*D27 -> 310 | H27: =_xlfn.XLOOKUP(I27,[2]Юнит!$A:$A,[2]Юнит!$C:$C) -> ACRB1MS109RJ | I27: 419141549 | J27: =I27 -> 419141549 | K27: =_xlfn.XLOOKUP(H27,[2]Юнит!$C:$C,[2]Юнит!$E:$E) -> 2044025291485 | L27: =D27 -> 100 | M27: 0.1 | N27: =M27*D27 -> 10 | Q27: =O27*M27 -> 0
A28: https://detail.1688.com/offer/650780571645.html | C28: Мячик черный 9 см | D28: =_xlfn.XLOOKUP(H28,[1]Сводный!$C:$C,[1]Сводный!$CE:$CE,0) -> 30 | E28: 3.1 | F28: =E28*D28 -> 93 | H28: =_xlfn.XLOOKUP(I28,[2]Юнит!$A:$A,[2]Юнит!$C:$C) -> ACRB1MS109BС | I28: 419145986 | J28: =I28 -> 419145986 | K28: =_xlfn.XLOOKUP(H28,[2]Юнит!$C:$C,[2]Юнит!$E:$E) -> 2044025347953 | L28: =D28 -> 30 | M28: 0.1 | N28: =M28*D28 -> 3 | Q28: =O28*M28 -> 0
A29: https://detail.1688.com/offer/650780571645.html | C29: Мячик фиолетовый 9 см | D29: =_xlfn.XLOOKUP(H29,[1]Сводный!$C:$C,[1]Сводный!$CE:$CE,0) -> 80 | E29: 3.1 | F29: =E29*D29 -> 248 | H29: =_xlfn.XLOOKUP(I29,[2]Юнит!$A:$A,[2]Юнит!$C:$C) -> ACRB1MS109LI | I29: 419146579 | J29: =I29 -> 419146579 | K29: =_xlfn.XLOOKUP(H29,[2]Юнит!$C:$C,[2]Юнит!$E:$E) -> 2044025354937 | L29: =D29 -> 80 | M29: 0.1 | N29: =M29*D29 -> 8 | Q29: =O29*M29 -> 0
D30: =_xlfn.XLOOKUP(H30,[1]Сводный!$C:$C,[1]Сводный!$CE:$CE,0) -> 0
A31: https://detail.1688.com/offer/647492228920.html | C31: Набор эластичных лент 3 шт. в мешке | D31: =_xlfn.XLOOKUP(H31,[1]Сводный!$C:$C,[1]Сводный!$CE:$CE,0) -> 60 | E31: 21 | F31: =E31*D31 -> 1260 | H31: =_xlfn.XLOOKUP(I31,[2]Юнит!$A:$A,[2]Юнит!$C:$C) -> ACRB3FR101CL | I31: 820643010 | J31: =[2]Юнит!A43 -> 820643010 | K31: =_xlfn.XLOOKUP(H31,[2]Юнит!$C:$C,[2]Юнит!$E:$E) -> 2048933027488 | L31: =D31 -> 60 | M31: 0.365 | N31: =M31*D31 -> 21.9 | Q31: =O31*M31 -> 0
A32: https://detail.1688.com/offer/621533561519.html | C32: Набор эластичных лент 5 шт. в мешке | D32: =_xlfn.XLOOKUP(H32,[1]Сводный!$C:$C,[1]Сводный!$CE:$CE,0) -> 30 | E32: 29 | F32: =E32*D32 -> 870 | G32: 18 | H32: =_xlfn.XLOOKUP(I32,[2]Юнит!$A:$A,[2]Юнит!$C:$C) -> ACRB5FR200CL | I32: 550539998 | J32: =[2]Юнит!A44 -> 550539998 | K32: =_xlfn.XLOOKUP(H32,[2]Юнит!$C:$C,[2]Юнит!$E:$E) -> 2046392546618 | L32: =D32 -> 30 | M32: 0.24 | N32: =M32*D32 -> 7.2 | Q32: =O32*M32 -> 0
A33: https://detail.1688.com/offer/916107416098.html | C33: Набор эластичных лент 4 шт. | D33: =_xlfn.XLOOKUP(H33,[1]Сводный!$C:$C,[1]Сводный!$CE:$CE,0) -> 0 | E33: 15.2 | F33: =E33*D33 -> 0 | H33: =_xlfn.XLOOKUP(I33,[2]Юнит!$A:$A,[2]Юнит!$C:$C) -> ACRB4FR300CL | I33: 550539999 | J33: =[2]Юнит!A45 -> 550539999 | K33: =_xlfn.XLOOKUP(H33,[2]Юнит!$C:$C,[2]Юнит!$E:$E) -> 2046392546632 | L33: =D33 -> 0 | M33: 0.25 | N33: =M33*D33 -> 0 | Q33: =O33*M33 -> 0
A34: https://detail.1688.com/offer/684113921011.html | C34: Эластичная лента 600*50*0.5 Светло-голубой | D34: =_xlfn.XLOOKUP(H34,[1]Сводный!$C:$C,[1]Сводный!$CE:$CE,0) -> 0 | E34: 0.82 | F34: =E34*D34 -> 0 | H34: =_xlfn.XLOOKUP(I34,[2]Юнит!$A:$A,[2]Юнит!$C:$C) -> ACRB5FR400CL | I34: 550540000 | J34: 550540000/1 | K34: =_xlfn.XLOOKUP(H34,[2]Юнит!$C:$C,[2]Юнит!$E:$E) -> 2046392546656 | L34: =D34 -> 0 | M34: 0.014 | N34: =M34*D34 -> 0
A35: https://detail.1688.com/offer/684113921011.html | C35: Эластичная лента 600*50*0.7 Цвет Хаки | D35: =_xlfn.XLOOKUP(H35,[1]Сводный!$C:$C,[1]Сводный!$CE:$CE,0) -> 0 | E35: 1 | F35: =E35*D35 -> 0 | H35: =_xlfn.XLOOKUP(I35,[2]Юнит!$A:$A,[2]Юнит!$C:$C) -> ACRB5FR400CL | I35: 550540000 | J35: 550540000/2 | K35: =_xlfn.XLOOKUP(H35,[2]Юнит!$C:$C,[2]Юнит!$E:$E) -> 2046392546656 | L35: =D35 -> 0 | M35: 0.021 | N35: =M35*D35 -> 0
A36: https://detail.1688.com/offer/684113921011.html | C36: Эластичная лента 600*50*0.9 Голубое озеро | D36: =_xlfn.XLOOKUP(H36,[1]Сводный!$C:$C,[1]Сводный!$CE:$CE,0) -> 0 | E36: 1.23 | F36: =E36*D36 -> 0 | H36: =_xlfn.XLOOKUP(I36,[2]Юнит!$A:$A,[2]Юнит!$C:$C) -> ACRB5FR400CL | I36: 550540000 | J36: 550540000/3 | K36: =_xlfn.XLOOKUP(H36,[2]Юнит!$C:$C,[2]Юнит!$E:$E) -> 2046392546656 | L36: =D36 -> 0 | M36: 0.026 | N36: =M36*D36 -> 0
A37: https://detail.1688.com/offer/684113921011.html | C37: Эластичная лента 600*50*1.1 розовый | D37: =_xlfn.XLOOKUP(H37,[1]Сводный!$C:$C,[1]Сводный!$CE:$CE,0) -> 0 | E37: 1.3 | F37: =E37*D37 -> 0 | H37: =_xlfn.XLOOKUP(I37,[2]Юнит!$A:$A,[2]Юнит!$C:$C) -> ACRB5FR400CL | I37: 550540000 | J37: 550540000/4 | K37: =_xlfn.XLOOKUP(H37,[2]Юнит!$C:$C,[2]Юнит!$E:$E) -> 2046392546656 | L37: =D37 -> 0 | M37: 0.031 | N37: =M37*D37 -> 0
A38: https://detail.1688.com/offer/684113921011.html | C38: Эластичная лента 600*50*1.2 серый | D38: =_xlfn.XLOOKUP(H38,[1]Сводный!$C:$C,[1]Сводный!$CE:$CE,0) -> 0 | E38: 1.65 | F38: =E38*D38 -> 0 | H38: =_xlfn.XLOOKUP(I38,[2]Юнит!$A:$A,[2]Юнит!$C:$C) -> ACRB5FR400CL | I38: 550540000 | J38: 550540000/5 | K38: =_xlfn.XLOOKUP(H38,[2]Юнит!$C:$C,[2]Юнит!$E:$E) -> 2046392546656 | L38: =D38 -> 0 | M38: 0.033 | N38: =M38*D38 -> 0
D39: =_xlfn.XLOOKUP(H39,[1]Сводный!$C:$C,[1]Сводный!$CE:$CE,0) -> 0
A40: https://detail.1688.com/offer/795734023677.html | C40: скакалка черная | D40: =_xlfn.XLOOKUP(H40,[1]Сводный!$C:$C,[1]Сводный!$CE:$CE,0) -> 0 | E40: 17 | F40: =E40*D40 -> 0 | H40: =_xlfn.XLOOKUP(I40,[2]Юнит!$A:$A,[2]Юнит!$C:$C) -> ACRB1SK101BC | I40: 271440668 | J40: 271440668 | K40: =_xlfn.XLOOKUP(H40,[2]Юнит!$C:$C,[2]Юнит!$E:$E) -> 2041473034138 | L40: =D40 -> 0 | M40: 0.17 | N40: =M40*D40 -> 0 | O40: 200 | Q40: =O40*M40 -> 34
A41: https://detail.1688.com/offer/795734023677.html | C41: скакалка красная | D41: =_xlfn.XLOOKUP(H41,[1]Сводный!$C:$C,[1]Сводный!$CE:$CE,0) -> 0 | E41: 17 | F41: =E41*D41 -> 0 | H41: =_xlfn.XLOOKUP(I41,[2]Юнит!$A:$A,[2]Юнит!$C:$C) -> ACRB1SK101RD | I41: 271440669 | J41: 271440669 | K41: =_xlfn.XLOOKUP(H41,[2]Юнит!$C:$C,[2]Юнит!$E:$E) -> 2041473034145 | L41: =D41 -> 0 | M41: 0.17 | N41: =M41*D41 -> 0 | O41: 200 | Q41: =O41*M41 -> 34
A42: https://detail.1688.com/offer/795734023677.html | C42: скакалка синяя | D42: =_xlfn.XLOOKUP(H42,[1]Сводный!$C:$C,[1]Сводный!$CE:$CE,0) -> 0 | E42: 17 | F42: =E42*D42 -> 0 | H42: =_xlfn.XLOOKUP(I42,[2]Юнит!$A:$A,[2]Юнит!$C:$C) -> ACRB1SK101BL | I42: 271440670 | J42: 271440670 | K42: =_xlfn.XLOOKUP(H42,[2]Юнит!$C:$C,[2]Юнит!$E:$E) -> 2041473034169 | L42: =D42 -> 0 | M42: 0.17 | N42: =M42*D42 -> 0 | O42: 200 | Q42: =O42*M42 -> 34
D43: =_xlfn.XLOOKUP(H43,[1]Сводный!$C:$C,[1]Сводный!$CE:$CE,0) -> 0 | H43: =_xlfn.XLOOKUP(I43,[2]Юнит!$A:$A,[2]Юнит!$C:$C) -> 0
A44: https://detail.1688.com/offer/564181710995.html | C44: Капа черный/красный - черная коробка | D44: =_xlfn.XLOOKUP(H44,[1]Сводный!$C:$C,[1]Сводный!$CE:$CE,0) -> 0 | E44: 4.5 | F44: =E44*D44 -> 0 | H44: =_xlfn.XLOOKUP(I44,[2]Юнит!$A:$A,[2]Юнит!$C:$C) -> ACRB1SK101BC | I44: =[2]Юнит!A47 -> 271440668 | J44: =[2]Юнит!A47 -> 271440668 | K44: =_xlfn.XLOOKUP(H44,[2]Юнит!$C:$C,[2]Юнит!$E:$E) -> 2041473034138 | L44: =D44 -> 0 | M44: 0.035 | N44: =M44*D44 -> 0 | O44: 300 | P44: 50*40*30 | Q44: =O44*M44 -> 10.5
A45: https://detail.1688.com/offer/564181710995.html | C45: Капа черный/белый-черная коробка | D45: =_xlfn.XLOOKUP(H45,[1]Сводный!$C:$C,[1]Сводный!$CE:$CE,0) -> 0 | E45: 4.5 | F45: =E45*D45 -> 0 | H45: =_xlfn.XLOOKUP(I45,[2]Юнит!$A:$A,[2]Юнит!$C:$C) -> ACRB1SK101RD | I45: =[2]Юнит!A48 -> 271440669 | J45: =[2]Юнит!A48 -> 271440669 | K45: =_xlfn.XLOOKUP(H45,[2]Юнит!$C:$C,[2]Юнит!$E:$E) -> 2041473034145 | L45: =D45 -> 0 | M45: 0.035 | N45: =M45*D45 -> 0 | O45: 300 | P45: 50*40*30 | Q45: =O45*M45 -> 10.5
A46: https://detail.1688.com/offer/564181710995.html | C46: Капа белый/черный | D46: =_xlfn.XLOOKUP(H46,[1]Сводный!$C:$C,[1]Сводный!$CE:$CE,0) -> 0 | E46: 4.5 | F46: =E46*D46 -> 0 | H46: =_xlfn.XLOOKUP(I46,[2]Юнит!$A:$A,[2]Юнит!$C:$C) -> ACRB1SK101BL | I46: =[2]Юнит!A49 -> 271440670 | J46: =[2]Юнит!A49 -> 271440670 | K46: =_xlfn.XLOOKUP(H46,[2]Юнит!$C:$C,[2]Юнит!$E:$E) -> 2041473034169 | L46: =D46 -> 0 | M46: 0.035 | N46: =M46*D46 -> 0 | O46: 300 | P46: 50*40*30 | Q46: =O46*M46 -> 10.5
A47: https://detail.1688.com/offer/564181710995.html | C47: Капа белый/красный | D47: =_xlfn.XLOOKUP(H47,[1]Сводный!$C:$C,[1]Сводный!$CE:$CE,0) -> 0 | E47: 4.5 | F47: =E47*D47 -> 0 | H47: =_xlfn.XLOOKUP(I47,[2]Юнит!$A:$A,[2]Юнит!$C:$C) -> ACRF1KP101BC | I47: =[2]Юнит!A50 -> 550445272 | J47: =[2]Юнит!A50 -> 550445272 | K47: =_xlfn.XLOOKUP(H47,[2]Юнит!$C:$C,[2]Юнит!$E:$E) -> 2046391283330 | L47: =D47 -> 0 | M47: 0.035 | N47: =M47*D47 -> 0 | O47: 300 | P47: 50*40*30 | Q47: =O47*M47 -> 10.5
A48: https://detail.1688.com/offer/564181710995.html | C48: Капа красный/белый | D48: =_xlfn.XLOOKUP(H48,[1]Сводный!$C:$C,[1]Сводный!$CE:$CE,0) -> 0 | E48: 4.5 | F48: =E48*D48 -> 0 | H48: =_xlfn.XLOOKUP(I48,[2]Юнит!$A:$A,[2]Юнит!$C:$C) -> ACRF1KP102BC | I48: =[2]Юнит!A51 -> 550445274 | J48: =[2]Юнит!A51 -> 550445274 | K48: =_xlfn.XLOOKUP(H48,[2]Юнит!$C:$C,[2]Юнит!$E:$E) -> 2046391283385 | L48: =D48 -> 0 | M48: 0.035 | N48: =M48*D48 -> 0 | O48: 300 | P48: 50*40*30 | Q48: =O48*M48 -> 10.5
A49: https://detail.1688.com/offer/564181710995.html | C49: Капа синий/белый | D49: =_xlfn.XLOOKUP(H49,[1]Сводный!$C:$C,[1]Сводный!$CE:$CE,0) -> 0 | E49: 4.5 | F49: =E49*D49 -> 0 | H49: =_xlfn.XLOOKUP(I49,[2]Юнит!$A:$A,[2]Юнит!$C:$C) -> ACRF1KP103BC | I49: =[2]Юнит!A52 -> 550445275 | J49: =[2]Юнит!A52 -> 550445275 | K49: =_xlfn.XLOOKUP(H49,[2]Юнит!$C:$C,[2]Юнит!$E:$E) -> 2046391283415 | L49: =D49 -> 0 | M49: 0.035 | N49: =M49*D49 -> 0 | O49: 300 | P49: 50*40*30 | Q49: =O49*M49 -> 10.5
A50: https://detail.1688.com/offer/564181710995.html | C50: Капа зеленый/белый | D50: =_xlfn.XLOOKUP(H50,[1]Сводный!$C:$C,[1]Сводный!$CE:$CE,0) -> 0 | E50: 4.5 | F50: =E50*D50 -> 0 | H50: =_xlfn.XLOOKUP(I50,[2]Юнит!$A:$A,[2]Юнит!$C:$C) -> ACRF1KP101RD | I50: =[2]Юнит!A53 -> 550445277 | J50: =[2]Юнит!A53 -> 550445277 | K50: =_xlfn.XLOOKUP(H50,[2]Юнит!$C:$C,[2]Юнит!$E:$E) -> 2046391283446 | L50: =D50 -> 0 | M50: 0.035 | N50: =M50*D50 -> 0 | O50: 300 | P50: 50*40*30 | Q50: =O50*M50 -> 10.5
A51: https://detail.1688.com/offer/564181710995.html | C51: Капа зеленый/черный | D51: =_xlfn.XLOOKUP(H51,[1]Сводный!$C:$C,[1]Сводный!$CE:$CE,0) -> 0 | E51: 4.5 | F51: =E51*D51 -> 0 | H51: =_xlfn.XLOOKUP(I51,[2]Юнит!$A:$A,[2]Юнит!$C:$C) -> ACRF1KP102RD | I51: =[2]Юнит!A54 -> 550445279 | J51: =[2]Юнит!A54 -> 550445279 | K51: =_xlfn.XLOOKUP(H51,[2]Юнит!$C:$C,[2]Юнит!$E:$E) -> 2046391283507 | L51: =D51 -> 0 | M51: 0.035 | N51: =M51*D51 -> 0 | O51: 300 | P51: 50*40*30 | Q51: =O51*M51 -> 10.5
D52: =_xlfn.XLOOKUP(H52,[1]Сводный!$C:$C,[1]Сводный!$CE:$CE,0) -> 0
A53: https://detail.1688.com/offer/579898414503.html | C53: Мешок для стирки на шнурке мелкая сетка 30х40 | D53: =_xlfn.XLOOKUP(H53,[1]Сводный!$C:$C,[1]Сводный!$CE:$CE,0) -> 40 | E53: 1.76 | F53: =E53*D53 -> 70.4 | G53: 50 | H53: =_xlfn.XLOOKUP(I53,[2]Юнит!$A:$A,[2]Юнит!$C:$C) -> AHMA3BW201WH | I53: 176721350 | J53: 176721350/1 | K53: =_xlfn.XLOOKUP(H53,[2]Юнит!$C:$C,[2]Юнит!$E:$E) -> 2038606201642 | L53: =D53 -> 40 | M53: 0.03 | N53: =M53*D53 -> 1.2 | Q53: =O53*M53 -> 0 | R53: https://detail.1688.com/offer/676372830399.html
A54: https://detail.1688.com/offer/579898414503.html | C54: Мешок для стирки на шнурке мелкая сетка 40х50 | D54: =_xlfn.XLOOKUP(H54,[1]Сводный!$C:$C,[1]Сводный!$CE:$CE,0) -> 40 | E54: 2.35 | F54: =E54*D54 -> 94 | H54: =_xlfn.XLOOKUP(I54,[2]Юнит!$A:$A,[2]Юнит!$C:$C) -> AHMA3BW201WH | I54: 176721350 | J54: 176721350/2 | K54: =_xlfn.XLOOKUP(H54,[2]Юнит!$C:$C,[2]Юнит!$E:$E) -> 2038606201642 | L54: =D54 -> 40 | M54: 0.04 | N54: =M54*D54 -> 1.6 | Q54: =O54*M54 -> 0 | R54: https://detail.1688.com/offer/676372830399.html
A55: https://detail.1688.com/offer/579898414503.html | C55: Мешок для стирки на шнурке мелкая сетка 50х60 | D55: =_xlfn.XLOOKUP(H55,[1]Сводный!$C:$C,[1]Сводный!$CE:$CE,0) -> 40 | E55: 2.76 | F55: =E55*D55 -> 110.4 | H55: =_xlfn.XLOOKUP(I55,[2]Юнит!$A:$A,[2]Юнит!$C:$C) -> AHMA3BW201WH | I55: 176721350 | J55: 176721350/3 | K55: =_xlfn.XLOOKUP(H55,[2]Юнит!$C:$C,[2]Юнит!$E:$E) -> 2038606201642 | L55: =D55 -> 40 | M55: 0.06 | N55: =M55*D55 -> 2.4 | Q55: =O55*M55 -> 0 | R55: https://detail.1688.com/offer/676372830399.html
A56: https://detail.1688.com/offer/579898414503.html | C56: Мешок для стирки на шнурке крупная сеткой 30х40 | D56: =_xlfn.XLOOKUP(H56,[1]Сводный!$C:$C,[1]Сводный!$CE:$CE,0) -> 80 | E56: 1.76 | F56: =E56*D56 -> 140.8 | H56: =_xlfn.XLOOKUP(I56,[2]Юнит!$A:$A,[2]Юнит!$C:$C) -> AHMA3BW202WH | I56: 176723275 | J56: 176723275/1 | K56: =_xlfn.XLOOKUP(H56,[2]Юнит!$C:$C,[2]Юнит!$E:$E) -> 2038606256161 | L56: =D56 -> 80 | M56: 0.03 | N56: =M56*D56 -> 2.4 | Q56: =O56*M56 -> 0 | R56: https://detail.1688.com/offer/676372830399.html
A57: https://detail.1688.com/offer/579898414503.html | C57: Мешок для стирки на шнурке крупная сетка 40х50 | D57: =_xlfn.XLOOKUP(H57,[1]Сводный!$C:$C,[1]Сводный!$CE:$CE,0) -> 80 | E57: 2.35 | F57: =E57*D57 -> 188 | H57: =_xlfn.XLOOKUP(I57,[2]Юнит!$A:$A,[2]Юнит!$C:$C) -> AHMA3BW202WH | I57: 176723275 | J57: 176723275/2 | K57: =_xlfn.XLOOKUP(H57,[2]Юнит!$C:$C,[2]Юнит!$E:$E) -> 2038606256161 | L57: =D57 -> 80 | M57: 0.04 | N57: =M57*D57 -> 3.2 | Q57: =O57*M57 -> 0 | R57: https://detail.1688.com/offer/676372830399.html
A58: https://detail.1688.com/offer/579898414503.html | C58: Мешок для стирки на шнурке крупная сетка 50х60 | D58: =_xlfn.XLOOKUP(H58,[1]Сводный!$C:$C,[1]Сводный!$CE:$CE,0) -> 80 | E58: 2.76 | F58: =E58*D58 -> 220.8 | H58: =_xlfn.XLOOKUP(I58,[2]Юнит!$A:$A,[2]Юнит!$C:$C) -> AHMA3BW202WH | I58: 176723275 | J58: 176723275/3 | K58: =_xlfn.XLOOKUP(H58,[2]Юнит!$C:$C,[2]Юнит!$E:$E) -> 2038606256161 | L58: =D58 -> 80 | M58: 0.06 | N58: =M58*D58 -> 4.8 | Q58: =O58*M58 -> 0 | R58: https://detail.1688.com/offer/676372830399.html
D59: =_xlfn.XLOOKUP(H59,[1]Сводный!$C:$C,[1]Сводный!$CE:$CE,0) -> 0 | F59: =E59*D59 -> 0 | H59: =_xlfn.XLOOKUP(I59,[2]Юнит!$A:$A,[2]Юнит!$C:$C) -> 0 | L59: =D59 -> 0 | N59: =M59*D59 -> 0 | Q59: =O59*M59 -> 0
A60: https://detail.1688.com/offer/602845928203.html | C60: Сумка для бюстгальтера 18*15 розовый замок | D60: =_xlfn.XLOOKUP(H60,[1]Сводный!$C:$C,[1]Сводный!$CE:$CE,0) -> 0 | E60: 2.2 | F60: =E60*D60 -> 0 | H60: =_xlfn.XLOOKUP(I60,[2]Юнит!$A:$A,[2]Юнит!$C:$C) -> AHMA2BW202WH | I60: 236074677 | J60: 236074677/1 | K60: =_xlfn.XLOOKUP(H60,[2]Юнит!$C:$C,[2]Юнит!$E:$E) -> 2040278862540 | L60: =D60 -> 0 | M60: 0.035 | N60: =M60*D60 -> 0 | Q60: =O60*M60 -> 0
A61: https://detail.1688.com/offer/602845928203.html | C61: цилиндрическая сумка для бюстгальтера 17*15 розовая змейка | D61: =_xlfn.XLOOKUP(H61,[1]Сводный!$C:$C,[1]Сводный!$CE:$CE,0) -> 0 | E61: 2.75 | F61: =E61*D61 -> 0 | H61: =_xlfn.XLOOKUP(I61,[2]Юнит!$A:$A,[2]Юнит!$C:$C) -> AHMA2BW202WH | I61: 236074677 | J61: 236074677/2 | K61: =_xlfn.XLOOKUP(H61,[2]Юнит!$C:$C,[2]Юнит!$E:$E) -> 2040278862540 | L61: =D61 -> 0 | M61: 0.06 | N61: =M61*D61 -> 0 | Q61: =O61*M61 -> 0
A62: https://detail.1688.com/offer/602845928203.html | C62: цилиндрическая сумка для бюстгальтера 17*15 серая змейка | D62: =_xlfn.XLOOKUP(H62,[1]Сводный!$C:$C,[1]Сводный!$CE:$CE,0) -> 40 | E62: 2.75 | F62: =E62*D62 -> 110 | H62: =_xlfn.XLOOKUP(I62,[2]Юнит!$A:$A,[2]Юнит!$C:$C) -> AHMA2BW201WH | I62: 204615141 | J62: 204615141/1 | K62: =_xlfn.XLOOKUP(H62,[2]Юнит!$C:$C,[2]Юнит!$E:$E) -> 2039404446068 | L62: =D62 -> 40 | M62: 0.03 | N62: =M62*D62 -> 1.2 | Q62: =O62*M62 -> 0
A63: https://detail.1688.com/offer/602845928203.html | C63: Сумка для бюстгальтера 18*15 серая змейка | D63: =_xlfn.XLOOKUP(H63,[1]Сводный!$C:$C,[1]Сводный!$CE:$CE,0) -> 40 | E63: 2.2 | F63: =E63*D63 -> 88 | H63: =_xlfn.XLOOKUP(I63,[2]Юнит!$A:$A,[2]Юнит!$C:$C) -> AHMA2BW201WH | I63: 204615141 | J63: 204615141/2 | K63: =_xlfn.XLOOKUP(H63,[2]Юнит!$C:$C,[2]Юнит!$E:$E) -> 2039404446068 | L63: =D63 -> 40 | M63: 0.03 | N63: =M63*D63 -> 1.2 | Q63: =O63*M63 -> 0
D64: =_xlfn.XLOOKUP(H64,[1]Сводный!$C:$C,[1]Сводный!$CE:$CE,0) -> 0 | F64: =E64*D64 -> 0 | H64: =_xlfn.XLOOKUP(I64,[2]Юнит!$A:$A,[2]Юнит!$C:$C) -> 0 | L64: =D64 -> 0 | N64: =M64*D64 -> 0
A65: https://detail.1688.com/offer/604516467901.html | C65: Мешок для стирки мелкое отверстие 30*40 | D65: =_xlfn.XLOOKUP(H65,[1]Сводный!$C:$C,[1]Сводный!$CE:$CE,0) -> 0 | E65: 1.9 | F65: =E65*D65 -> 0 | H65: =_xlfn.XLOOKUP(I65,[2]Юнит!$A:$A,[2]Юнит!$C:$C) -> 0 | J65: 0 | L65: =D65 -> 0 | N65: =M65*D65 -> 0 | Q65: =O65*M65 -> 0 | R65: Мешки хорошие, но индивидуальная упаковка большая. Приходится складыватьупаковка
A66: https://detail.1688.com/offer/604516467901.html | C66: Мешок для стирки мелкое отверстие 40*50 | D66: =_xlfn.XLOOKUP(H66,[1]Сводный!$C:$C,[1]Сводный!$CE:$CE,0) -> 0 | E66: 2.4 | F66: =E66*D66 -> 0 | H66: =_xlfn.XLOOKUP(I66,[2]Юнит!$A:$A,[2]Юнит!$C:$C) -> 0 | J66: 0 | L66: =D66 -> 0 | N66: =M66*D66 -> 0 | Q66: =O66*M66 -> 0 | R66: Мешки хорошие, но индивидуальная упаковка большая. Приходится складыватьупаковка
A67: https://detail.1688.com/offer/604516467901.html | C67: Мешок для стирки тонкое отверстие 50*60 | D67: =_xlfn.XLOOKUP(H67,[1]Сводный!$C:$C,[1]Сводный!$CE:$CE,0) -> 0 | E67: 2.8 | F67: =E67*D67 -> 0 | H67: =_xlfn.XLOOKUP(I67,[2]Юнит!$A:$A,[2]Юнит!$C:$C) -> 0 | J67: 0 | L67: =D67 -> 0 | N67: =M67*D67 -> 0 | Q67: =O67*M67 -> 0 | R67: Мешки хорошие, но индивидуальная упаковка большая. Приходится складыватьупаковка
A68: https://detail.1688.com/offer/604516467901.html | C68: Мешок для стирки тонкое отверстие 60*80 | D68: =_xlfn.XLOOKUP(H68,[1]Сводный!$C:$C,[1]Сводный!$CE:$CE,0) -> 130 | E68: 3.6 | F68: =E68*D68 -> 468 | H68: =_xlfn.XLOOKUP(I68,[2]Юнит!$A:$A,[2]Юнит!$C:$C) -> AHMA1BW111WH | I68: 236929188 | J68: 236929188 | K68: =_xlfn.XLOOKUP(H68,[2]Юнит!$C:$C,[2]Юнит!$E:$E) -> 2040335648124 | L68: =D68 -> 130 | M68: 0.1 | N68: =M68*D68 -> 13 | Q68: =O68*M68 -> 0 | R68: Мешки хорошие, но индивидуальная упаковка большая.
A69: https://detail.1688.com/offer/604516467901.html | C69: Мешок для стирки толстое отверстие 30*40 | D69: =_xlfn.XLOOKUP(H69,[1]Сводный!$C:$C,[1]Сводный!$CE:$CE,0) -> 0 | E69: 1.9 | F69: =E69*D69 -> 0 | H69: =_xlfn.XLOOKUP(I69,[2]Юнит!$A:$A,[2]Юнит!$C:$C) -> 0 | J69: 0 | L69: =D69 -> 0 | N69: =M69*D69 -> 0 | Q69: =O69*M69 -> 0 | R69: Мешки хорошие, но индивидуальная упаковка большая. Приходится складыватьупаковка
A70: https://detail.1688.com/offer/604516467901.html | C70: Мешок для стирки толстое отверстие 40*50 | D70: =_xlfn.XLOOKUP(H70,[1]Сводный!$C:$C,[1]Сводный!$CE:$CE,0) -> 0 | E70: 2.4 | F70: =E70*D70 -> 0 | H70: =_xlfn.XLOOKUP(I70,[2]Юнит!$A:$A,[2]Юнит!$C:$C) -> 0 | J70: 0 | L70: =D70 -> 0 | N70: =M70*D70 -> 0 | Q70: =O70*M70 -> 0 | R70: Мешки хорошие, но индивидуальная упаковка большая. Приходится складыватьупаковка
A71: https://detail.1688.com/offer/604516467901.html | C71: Мешок для стирки толстое отверстие 50*60 | D71: =_xlfn.XLOOKUP(H71,[1]Сводный!$C:$C,[1]Сводный!$CE:$CE,0) -> 0 | E71: 2.8 | F71: =E71*D71 -> 0 | H71: =_xlfn.XLOOKUP(I71,[2]Юнит!$A:$A,[2]Юнит!$C:$C) -> 0 | J71: 0 | L71: =D71 -> 0 | N71: =M71*D71 -> 0 | Q71: =O71*M71 -> 0 | R71: Мешки хорошие, но индивидуальная упаковка большая. Приходится складыватьупаковка
A72: https://detail.1688.com/offer/604516467901.html | C72: Мешок для стирки толстое отверстие 60*80 | D72: =_xlfn.XLOOKUP(H72,[1]Сводный!$C:$C,[1]Сводный!$CE:$CE,0) -> 100 | E72: 3.6 | F72: =E72*D72 -> 360 | H72: =_xlfn.XLOOKUP(I72,[2]Юнит!$A:$A,[2]Юнит!$C:$C) -> AHMA1BW112WH | I72: 236929187 | J72: 236929187 | K72: =_xlfn.XLOOKUP(H72,[2]Юнит!$C:$C,[2]Юнит!$E:$E) -> 2040335626849 | L72: =D72 -> 100 | M72: 0.1 | N72: =M72*D72 -> 10 | Q72: =O72*M72 -> 0 | R72: Мешки хорошие, но индивидуальная упаковка большая.
D73: =_xlfn.XLOOKUP(H73,[1]Сводный!$C:$C,[1]Сводный!$CE:$CE,0) -> 0
A74: https://detail.1688.com/offer/593740894483.html | C74: Носки бежевые с вышивкой | D74: =_xlfn.XLOOKUP(H74,[1]Сводный!$C:$C,[1]Сводный!$CE:$CE,0) -> 0 | E74: 1.6 | F74: =E74*D74 -> 0 | H74: =_xlfn.XLOOKUP(I74,[2]Юнит!$A:$A,[2]Юнит!$C:$C) -> AHMA3BW101BG | I74: 177404837 | J74: 177404837/1 | K74: =_xlfn.XLOOKUP(H74,[2]Юнит!$C:$C,[2]Юнит!$E:$E) -> 2038627692689 | L74: =D74 -> 0 | M74: 0.02 | N74: =M74*D74 -> 0 | Q74: =O74*M74 -> 0
A75: https://detail.1688.com/offer/593740894483.html | C75: Мешок для стирки бежевый с вышивкой 30х40 | D75: =_xlfn.XLOOKUP(H75,[1]Сводный!$C:$C,[1]Сводный!$CE:$CE,0) -> 0 | E75: 2.86 | F75: =E75*D75 -> 0 | H75: =_xlfn.XLOOKUP(I75,[2]Юнит!$A:$A,[2]Юнит!$C:$C) -> AHMA3BW101BG | I75: 177404837 | J75: 177404837/2 | K75: =_xlfn.XLOOKUP(H75,[2]Юнит!$C:$C,[2]Юнит!$E:$E) -> 2038627692689 | L75: =D75 -> 0 | M75: 0.05 | N75: =M75*D75 -> 0 | Q75: =O75*M75 -> 0
A76: https://detail.1688.com/offer/593740894483.html | C76: Мешок для стирки бежевый с вышивкой 40х50 | D76: =_xlfn.XLOOKUP(H76,[1]Сводный!$C:$C,[1]Сводный!$CE:$CE,0) -> 0 | E76: 3.8 | F76: =E76*D76 -> 0 | H76: =_xlfn.XLOOKUP(I76,[2]Юнит!$A:$A,[2]Юнит!$C:$C) -> AHMA3BW101BG | I76: 177404837 | J76: 177404837/3 | K76: =_xlfn.XLOOKUP(H76,[2]Юнит!$C:$C,[2]Юнит!$E:$E) -> 2038627692689 | L76: =D76 -> 0 | M76: 0.07 | N76: =M76*D76 -> 0 | Q76: =O76*M76 -> 0
A77: https://detail.1688.com/offer/593740894483.html | C77: Цилиндр с вышивкой бежевый 20*30 | D77: =_xlfn.XLOOKUP(H77,[1]Сводный!$C:$C,[1]Сводный!$CE:$CE,0) -> 40 | E77: 3.2 | F77: =E77*D77 -> 128 | G77: 60 | H77: =_xlfn.XLOOKUP(I77,[2]Юнит!$A:$A,[2]Юнит!$C:$C) -> AHMA3BW102BG | I77: 177405495 | J77: 177405495/1 | K77: =_xlfn.XLOOKUP(H77,[2]Юнит!$C:$C,[2]Юнит!$E:$E) -> 2038627713902 | L77: =D77 -> 40 | M77: 0.06 | N77: =M77*D77 -> 2.4 | Q77: =O77*M77 -> 0
A78: https://detail.1688.com/offer/593740894483.html | C78: Бежевый бюстгальтер ракушка с вышивкой 18*16 | D78: =_xlfn.XLOOKUP(H78,[1]Сводный!$C:$C,[1]Сводный!$CE:$CE,0) -> 40 | E78: 2.5 | F78: =E78*D78 -> 100 | H78: =_xlfn.XLOOKUP(I78,[2]Юнит!$A:$A,[2]Юнит!$C:$C) -> AHMA3BW102BG | I78: 177405495 | J78: 177405495/2 | K78: =_xlfn.XLOOKUP(H78,[2]Юнит!$C:$C,[2]Юнит!$E:$E) -> 2038627713902 | L78: =D78 -> 40 | M78: 0.03 | N78: =M78*D78 -> 1.2 | Q78: =O78*M78 -> 0
A79: https://detail.1688.com/offer/593740894483.html | C79: Бежевые трусики с вышивкой (диаметр 20) | D79: =_xlfn.XLOOKUP(H79,[1]Сводный!$C:$C,[1]Сводный!$CE:$CE,0) -> 40 | E79: 2.5 | F79: =E79*D79 -> 100 | H79: =_xlfn.XLOOKUP(I79,[2]Юнит!$A:$A,[2]Юнит!$C:$C) -> AHMA3BW102BG | I79: 177405495 | J79: 177405495/3 | K79: =_xlfn.XLOOKUP(H79,[2]Юнит!$C:$C,[2]Юнит!$E:$E) -> 2038627713902 | L79: =D79 -> 40 | M79: 0.03 | N79: =M79*D79 -> 1.2 | Q79: =O79*M79 -> 0
A80: https://detail.1688.com/offer/593740894483.html | C80: Бежевая сумка для бюстгальтера-цилиндра с вышивкой 17*17 | D80: =_xlfn.XLOOKUP(H80,[1]Сводный!$C:$C,[1]Сводный!$CE:$CE,0) -> 20 | E80: 3.2 | F80: =E80*D80 -> 64 | H80: =_xlfn.XLOOKUP(I80,[2]Юнит!$A:$A,[2]Юнит!$C:$C) -> AHMA1BW101BG | I80: 176500218 | J80: 176500218 | K80: =_xlfn.XLOOKUP(H80,[2]Юнит!$C:$C,[2]Юнит!$E:$E) -> 2038597850744 | L80: =D80 -> 20 | M80: 0.06 | N80: =M80*D80 -> 1.2 | Q80: =O80*M80 -> 0
A81: https://detail.1688.com/offer/593740894483.html | C81: Комплект из 7 предметов бежевого цвета с вышивкой | D81: =_xlfn.XLOOKUP(H81,[1]Сводный!$C:$C,[1]Сводный!$CE:$CE,0) -> 20 | E81: 19.6 | F81: =E81*D81 -> 392 | H81: =_xlfn.XLOOKUP(I81,[2]Юнит!$A:$A,[2]Юнит!$C:$C) -> AHMA7BW101BG | I81: 172832355 | J81: 172832355 | K81: =_xlfn.XLOOKUP(H81,[2]Юнит!$C:$C,[2]Юнит!$E:$E) -> 2038337652454 | L81: =D81 -> 20 | M81: 0.315 | N81: =M81*D81 -> 6.3 | Q81: =O81*M81 -> 0
D82: =_xlfn.XLOOKUP(H82,[1]Сводный!$C:$C,[1]Сводный!$CE:$CE,0) -> 0
A83: https://detail.1688.com/offer/754724042065.html | C83: Таблетница темно-серая на 7 дней по 2 отделения | D83: =_xlfn.XLOOKUP(H83,[1]Сводный!$C:$C,[1]Сводный!$CE:$CE,0) -> 320 | E83: 5.9 | F83: =E83*D83 -> 1888 | G83: 120 | H83: =_xlfn.XLOOKUP(I83,[2]Юнит!$A:$A,[2]Юнит!$C:$C) -> ACRA7TB301GR | I83: 278515093 | J83: =I83 -> 278515093 | K83: =_xlfn.XLOOKUP(H83,[2]Юнит!$C:$C,[2]Юнит!$E:$E) -> 2041680530447 | L83: =D83 -> 320 | M83: 0.15 | N83: =M83*D83 -> 48 | O83: 80 | P83: 53*35*30 | Q83: =O83*M83 -> 12
A84: https://detail.1688.com/offer/754724042065.html | C84: Таблетница цветная/темносерый корпус на 7 дней по 2 отделения | D84: =_xlfn.XLOOKUP(H84,[1]Сводный!$C:$C,[1]Сводный!$CE:$CE,0) -> 40 | E84: 5.9 | F84: =E84*D84 -> 236 | H84: =_xlfn.XLOOKUP(I84,[2]Юнит!$A:$A,[2]Юнит!$C:$C) -> ACRA7TB301CL | I84: 345168494 | J84: =I84 -> 345168494 | K84: =_xlfn.XLOOKUP(H84,[2]Юнит!$C:$C,[2]Юнит!$E:$E) -> 2043048226719 | L84: =D84 -> 40 | M84: 0.15 | N84: =M84*D84 -> 6 | O84: 80 | P84: 53*35*30 | Q84: =O84*M84 -> 12
A85: https://detail.1688.com/offer/754724042065.html | C85: Таблетница цветная/белый корпус на 7 дней по 2 отделения | D85: =_xlfn.XLOOKUP(H85,[1]Сводный!$C:$C,[1]Сводный!$CE:$CE,0) -> 40 | E85: 5.9 | F85: =E85*D85 -> 236 | H85: =_xlfn.XLOOKUP(I85,[2]Юнит!$A:$A,[2]Юнит!$C:$C) -> ACRA7TB301WH | I85: 273516556 | J85: 273516556 | K85: =_xlfn.XLOOKUP(H85,[2]Юнит!$C:$C,[2]Юнит!$E:$E) -> 2041532808502 | L85: =D85 -> 40 | M85: 0.15 | N85: =M85*D85 -> 6 | O85: 90 | Q85: =O85*M85 -> 13.5
A86: https://detail.1688.com/offer/594209002591.html | C86: Таблетница черная на 7 дней по 2 отделения | D86: =_xlfn.XLOOKUP(H86,[1]Сводный!$C:$C,[1]Сводный!$CE:$CE,0) -> 0 | E86: 14.5 | F86: =E86*D86 -> 0 | H86: =_xlfn.XLOOKUP(I86,[2]Юнит!$A:$A,[2]Юнит!$C:$C) -> ACRA7TB101BC | I86: 186800214 | J86: =I86 -> 186800214 | K86: =_xlfn.XLOOKUP(H86,[2]Юнит!$C:$C,[2]Юнит!$E:$E) -> 2038890789598 | L86: =D86 -> 0 | M86: 0.165 | N86: =M86*D86 -> 0 | O86: 60 | P86: 40*30*30 | Q86: =O86*M86 -> 9.9
A87: https://detail.1688.com/offer/594209002591.html | C87: Таблетница цветная/черный корпус на 7 дней по 2 отделения | D87: =_xlfn.XLOOKUP(H87,[1]Сводный!$C:$C,[1]Сводный!$CE:$CE,0) -> 0 | E87: 14.5 | F87: =E87*D87 -> 0 | H87: =_xlfn.XLOOKUP(I87,[2]Юнит!$A:$A,[2]Юнит!$C:$C) -> ACRA7TB101CL | I87: 298193176 | J87: =I87 -> 298193176 | K87: =_xlfn.XLOOKUP(H87,[2]Юнит!$C:$C,[2]Юнит!$E:$E) -> 2042160422832 | L87: =D87 -> 0 | M87: 0.165 | N87: =M87*D87 -> 0 | O87: 60 | P87: 40*30*30 | Q87: =O87*M87 -> 9.9
D88: =_xlfn.XLOOKUP(H88,[1]Сводный!$C:$C,[1]Сводный!$CE:$CE,0) -> 0
A89: https://detail.1688.com/offer/677743729700.html | C89: Таблетница черная на 7 дней | D89: =_xlfn.XLOOKUP(H89,[1]Сводный!$C:$C,[1]Сводный!$CE:$CE,0) -> 72 | E89: 9.5 | F89: =E89*D89 -> 684 | H89: =_xlfn.XLOOKUP(I89,[2]Юнит!$A:$A,[2]Юнит!$C:$C) -> ACRA7TB201BC | I89: 186826338 | J89: =I89 -> 186826338 | K89: =_xlfn.XLOOKUP(H89,[2]Юнит!$C:$C,[2]Юнит!$E:$E) -> 2038891723249 | L89: =D89 -> 72 | M89: 0.16 | N89: =M89*D89 -> 11.52 | O89: 72 | P89: 57*42*30 | Q89: =O89*M89 -> 11.52 | R89: https://detail.1688.com/offer/714326615248.html
A90: https://detail.1688.com/offer/677743729700.html | C90: Таблетница черная/цветная на 7 дней | D90: =_xlfn.XLOOKUP(H90,[1]Сводный!$C:$C,[1]Сводный!$CE:$CE,0) -> 72 | E90: 9.5 | F90: =E90*D90 -> 684 | H90: =_xlfn.XLOOKUP(I90,[2]Юнит!$A:$A,[2]Юнит!$C:$C) -> ACRA7TB201CL | I90: 419130077 | J90: =I90 -> 419130077 | K90: =_xlfn.XLOOKUP(H90,[2]Юнит!$C:$C,[2]Юнит!$E:$E) -> 2044025155923 | L90: =D90 -> 72 | M90: 0.16 | N90: =M90*D90 -> 11.52 | O90: 72 | P90: 57*42*30 | Q90: =O90*M90 -> 11.52 | R90: https://detail.1688.com/offer/714326615248.html
A91: https://detail.1688.com/offer/677743729700.html | C91: Таблетница белая/цветная на 7 дней | D91: =_xlfn.XLOOKUP(H91,[1]Сводный!$C:$C,[1]Сводный!$CE:$CE,0) -> 72 | E91: 9.5 | F91: =E91*D91 -> 684 | H91: =_xlfn.XLOOKUP(I91,[2]Юнит!$A:$A,[2]Юнит!$C:$C) -> ACRA7TB201WH | I91: 448248943 | J91: =I91 -> 448248943 | K91: =_xlfn.XLOOKUP(H91,[2]Юнит!$C:$C,[2]Юнит!$E:$E) -> 2044516485386 | L91: =D91 -> 72 | M91: 0.16 | N91: =M91*D91 -> 11.52 | O91: 72 | P91: 57*42*30 | Q91: =O91*M91 -> 11.52 | R91: https://detail.1688.com/offer/714326615248.html
A92: https://detail.1688.com/offer/677743729700.html | C92: Таблетница фиолетовая/цветная на 7 дней | D92: =_xlfn.XLOOKUP(H92,[1]Сводный!$C:$C,[1]Сводный!$CE:$CE,0) -> 36 | E92: 9.5 | F92: =E92*D92 -> 342 | H92: =_xlfn.XLOOKUP(I92,[2]Юнит!$A:$A,[2]Юнит!$C:$C) -> ACRA7TB201LI | I92: 448254852 | J92: =I92 -> 448254852 | K92: =_xlfn.XLOOKUP(H92,[2]Юнит!$C:$C,[2]Юнит!$E:$E) -> 2044516498812 | L92: =D92 -> 36 | M92: 0.16 | N92: =M92*D92 -> 5.76 | O92: 72 | P92: 57*42*30 | Q92: =O92*M92 -> 11.52 | R92: https://detail.1688.com/offer/714326615248.html
D93: =_xlfn.XLOOKUP(H93,[1]Сводный!$C:$C,[1]Сводный!$CE:$CE,0) -> 0
A94: https://detail.1688.com/offer/710185542891.html | C94: Набор пробок нежн | D94: =_xlfn.XLOOKUP(H94,[1]Сводный!$C:$C,[1]Сводный!$CE:$CE,0) -> 90 | E94: 6.3 | F94: =E94*D94 -> 567 | G94: 32 | H94: =_xlfn.XLOOKUP(I94,[2]Юнит!$A:$A,[2]Юнит!$C:$C) -> AKTA4ST103CL | I94: 370594147 | J94: 370594147 | K94: =_xlfn.XLOOKUP(H94,[2]Юнит!$C:$C,[2]Юнит!$E:$E) -> 2043369755509 | L94: =D94 -> 90 | M94: 0.05 | N94: =M94*D94 -> 4.5 | O94: 72 | Q94: =O94*M94 -> 3.6
A95: https://detail.1688.com/offer/710185542891.html | C95: Набор пробок яркие | D95: =_xlfn.XLOOKUP(H95,[1]Сводный!$C:$C,[1]Сводный!$CE:$CE,0) -> 90 | E95: 6.3 | F95: =E95*D95 -> 567 | H95: =_xlfn.XLOOKUP(I95,[2]Юнит!$A:$A,[2]Юнит!$C:$C) -> AKTA4ST101CL | I95: 273556717 | J95: 273556717 | K95: =_xlfn.XLOOKUP(H95,[2]Юнит!$C:$C,[2]Юнит!$E:$E) -> 2041533648312 | L95: =D95 -> 90 | M95: 0.05 | N95: =M95*D95 -> 4.5 | O95: 100 | Q95: =O95*M95 -> 5
D96: =_xlfn.XLOOKUP(H96,[1]Сводный!$C:$C,[1]Сводный!$CE:$CE,0) -> 0
A97: https://detail.1688.com/offer/939136386467.html | C97: Нож скребок для теста в коробке желтый | D97: =_xlfn.XLOOKUP(H97,[1]Сводный!$C:$C,[1]Сводный!$CE:$CE,0) -> 0 | E97: 6.5 | F97: =E97*D97 -> 0 | H97: =_xlfn.XLOOKUP(I97,[2]Юнит!$A:$A,[2]Юнит!$C:$C) -> AKTA2KN101YL | I97: 273546535 | J97: 273546535 | K97: =_xlfn.XLOOKUP(H97,[2]Юнит!$C:$C,[2]Юнит!$E:$E) -> 2041533399818 | L97: 144 | M97: 0.2 | N97: =M97*D97 -> 0 | O97: 72 | Q97: =O97*M97 -> 14.4 | R97: https://detail.1688.com/offer/750768275538.html | S97: https://detail.1688.com/offer/939136386467.html
A98: https://detail.1688.com/offer/826958971014.html | C98: Нож скребок для теста (уточнить в какой упаковке) | D98: =_xlfn.XLOOKUP(H98,[1]Сводный!$C:$C,[1]Сводный!$CE:$CE,0) -> 0 | E98: 5.3 | F98: =E98*D98 -> 0 | H98: =_xlfn.XLOOKUP(I98,[2]Юнит!$A:$A,[2]Юнит!$C:$C) -> AKTA2KN101BL | I98: 273551028 | J98: 273551028 | K98: =_xlfn.XLOOKUP(H98,[2]Юнит!$C:$C,[2]Юнит!$E:$E) -> 2041533587000 | L98: =D98 -> 0 | M98: 0.2 | N98: =M98*D98 -> 0 | O98: 72 | Q98: =O98*M98 -> 14.4
D99: =_xlfn.XLOOKUP(H99,[1]Сводный!$C:$C,[1]Сводный!$CE:$CE,0) -> 0
A100: https://detail.1688.com/offer/642635465345.html | C100: нож для пиццы в коробке желтый | D100: =_xlfn.XLOOKUP(H100,[1]Сводный!$C:$C,[1]Сводный!$CE:$CE,0) -> 0 | E100: 3.9 | F100: =E100*D100 -> 0 | H100: =_xlfn.XLOOKUP(I100,[2]Юнит!$A:$A,[2]Юнит!$C:$C) -> AKTA2KN102YL | I100: 273527791 | J100: 273527791 | K100: =_xlfn.XLOOKUP(H100,[2]Юнит!$C:$C,[2]Юнит!$E:$E) -> 2041533038113 | L100: =D100 -> 0 | M100: 0.17 | N100: =M100*D100 -> 0 | O100: 72 | Q100: =O100*M100 -> 12.24
...

Sheet Лист1
A1: ссылка | B1: фото | C1: комментарий | D1: Кол-во, шт | E1: цена, юань | F1: сумма, юань | G1: доставка, юани
A2: https://detail.1688.com/offer/635893886704.html | C2: Бандаж для лица черный лайкра. Пакет OPP | D2: 40 | E2: 5.5 | F2: 220
A3: https://detail.1688.com/offer/693810563823.html | C3: Силиконовая маска для лица серая. Пакет OPP | D3: 40 | E3: 13.5 | F3: 540
A4: https://detail.1688.com/offer/731940202915.html | C4: Массажер для спины розовый | D4: 10 | E4: 6.3 | F4: 63
A5: https://detail.1688.com/offer/731940202915.html | C5: Массажер для спины голубой | D5: 60 | E5: 6.3 | F5: 378
A6: https://detail.1688.com/offer/731940202915.html | C6: Массажер для спины оранжевый | D6: 50 | E6: 6.3 | F6: 315
A7: https://detail.1688.com/offer/694897445577.html | C7: Мячик белый 6 см | D7: 125 | E7: 2.9 | F7: 362.5
A8: https://detail.1688.com/offer/694897445577.html | C8: Мячик розовый 6 см | D8: 300 | E8: 2.9 | F8: 870
A9: https://detail.1688.com/offer/694897445577.html | C9: Мячик голубой 6 см | D9: 120 | E9: 2.9 | F9: 348
A10: https://detail.1688.com/offer/694897445577.html | C10: Мячик оранжевый 6 см | D10: 20 | E10: 2.9 | F10: 58
A11: https://detail.1688.com/offer/650780571645.html | C11: Мячик черный 6 см | D11: 250 | E11: 1.9 | F11: 475
A12: https://detail.1688.com/offer/650780571645.html | C12: Мячик белый 7 см | D12: 300 | E12: 2.1 | F12: 630
A13: https://detail.1688.com/offer/650780571645.html | C13: Мячик розовый 7 см | D13: 60 | E13: 2.1 | F13: 126
... A52: https://detail.1688.com/offer/662009355667.html | C52: Пузырчатый пакет голубой 16,5*22 см | D52: 700 | E52: 0.19 | F52: 133
D53: =SUM(D2:D52) -> 4767 | F53: =SUM(F2:F52) -> 18728.1
