Workbook
Name discontinueDiscount: #REF!
Name formUrl: #REF!
Name g: #REF!
Name groupByArticles: #REF!
Name h: #REF!
Name instructionsUrl: #REF!
Name loadingPeriod: #REF!
Name loadsPerMonth: #REF!
Name logArticles: #REF!
Name logDeficiency: #REF!
Name logMovements: #REF!
Name logPredict: #REF!
Name logRemains: #REF!
Name logSells: #REF!
Name logStore: #REF!
Name logTransit: #REF!
Name logTurnover: #REF!
Name logWaiting: #REF!
Name minRemains: #REF!
Name packSize: #REF!
Name regionSellsPerMonth: #REF!
Name sellsPeriod: #REF!
Name t: #REF!
Name x: #REF!
Name y: #REF!

Sheet Сводный
A1: Артикул ВБ | B1: Артикул ОЗОН | C1: Артикул поставщика | D1: Наименование | E1: ШК | Q1: ЗАКАЗАНО ЗА | R1: 60 | S1: дн. | AH1: ОСТАТОК | AK1: Необходимо к поставке на -> дней (указать рядом сколько дней) | AY1: 60 | BL1: В период АКЦИЙ Необходимо к поставке на дней --> | BM1: 60 | BN1: 0.3 | BO1: Поставляется из Заказа | BP1: вставлены значения | BQ1: Остаток ФФ | BU1: ОТГРУЖАЮ НА СКЛАДЫ МП | CE1: ОТГРУЗКА НА МП ВСЕГО | CF1: Отгрузка на ФФ Всего | CG1: Останется на ФФ
A2: ВБ | B2: ОЗОН | F2: Электросталь | G2: Коледино | H2: Тула | I2: Рязань (Тюшевское) | J2: Краснодар | K2: Невинномысск | L2: Волгоград | M2: Самара (Новосемейкино) | N2: Казань | O2: Склад Шушары | P2: Екатеринбург - Перспективный 12 | Q2: Новосибирск | R2: ИТОГ ВБ | S2: ОЗОН | T2: ВСЕГО | U2: Электросталь | V2: Коледино | W2: Тула | X2: Рязань (Тюшевское) | Y2: Краснодар | Z2: Невинномысск | AA2: Волгоград | AB2: Самара (Новосемейкино) | AC2: Казань | AD2: СПБ Шушары | AE2: Екатеринбург - Перспективный 12 | AF2: Новосибирск | AG2: ИТОГ ВБ | AH2: Хватит , дней | AI2: ОЗОН | AJ2: ВСЕГО | AK2: Электросталь | AL2: Коледино | AM2: Тула | AN2: Рязань (Тюшевское) | AO2: Краснодар | AP2: Невинномысск | AQ2: Волгоград | AR2: Самара (Новосемейкино) | AS2: Казань | AT2: СПБ Шушары | AU2: Екатеринбург - Перспективный 12 | AV2: Новосибирск | AW2: ВСЕГО | AX2: ОЗОН | AY2: ВСЕГО на дней | AZ2: Электросталь | BA2: Коледино | BB2: Тула | BC2: Рязань (Тюшевское) | BD2: Краснодар | BE2: Невинномысск | BF2: Волгоград | BG2: Самара (Новосемейкино) | BH2: Казань | BI2: СПБ Шушары | BJ2: Екатеринбург - Перспективный 12 | BK2: Новосибирск | BL2: ВСЕГО | BM2: ОЗОН | BN2: ВСЕГО плюс % | BO2: Артикулов ВБ | BP2: Товары из Китая | BR2: Электросталь | BS2: Коледино | BT2: Тула | BU2: Рязань | BV2: Краснодар | BW2: Невинномысск | BX2: Волгоград | BY2: Самара (Новосемейкино) | BZ2: Казань | CA2: СПБ Шушары | CB2: Екатеринбург - Перспективный 12 | CC2: Новосибирск | CD2: OZON
A3: =[1]Юнит!A5 -> 169112569 | B3: =[1]Юнит!B5 -> 0 | C3: =[1]Юнит!C5 -> ACRF1BN101PN | D3: =[1]Юнит!D5 -> Бандаж для лица розовый | E3: =[1]Юнит!E5 -> 2038161736993 | F3: =ROUNDUP(SUMIFS('ВБ Отчет Продажи (за 60 дней)'!$L:$L,'ВБ Отчет Продажи (за 60 дней)'!$K:$K,"Электросталь",'ВБ Отчет Продажи (за 60 дней)'!$G:$G,$A3),0) -> 2 | G3: =ROUNDUP(SUMIFS('ВБ Отчет Продажи (за 60 дней)'!$L:$L,'ВБ Отчет Продажи (за 60 дней)'!$K:$K,"Коледино",'ВБ Отчет Продажи (за 60 дней)'!$G:$G,$A3),0) -> 3 | H3: =ROUNDUP(SUMIFS('ВБ Отчет Продажи (за 60 дней)'!$L:$L,'ВБ Отчет Продажи (за 60 дней)'!$K:$K,"Тула",'ВБ Отчет Продажи (за 60 дней)'!$G:$G,$A3),0) -> 1 | I3: =ROUNDUP(SUMIFS('ВБ Отчет Продажи (за 60 дней)'!$L:$L,'ВБ Отчет Продажи (за 60 дней)'!$K:$K,"Рязань (Тюшевское)",'ВБ Отчет Продажи (за 60 дней)'!$G:$G,$A3),0) -> 0 | J3: =ROUNDUP(SUMIFS('ВБ Отчет Продажи (за 60 дней)'!$L:$L,'ВБ Отчет Продажи (за 60 дней)'!$K:$K,"Краснодар",'ВБ Отчет Продажи (за 60 дней)'!$G:$G,$A3),0) -> 1 | K3: =ROUNDUP(SUMIFS('ВБ Отчет Продажи (за 60 дней)'!$L:$L,'ВБ Отчет Продажи (за 60 дней)'!$K:$K,"Невинномысск",'ВБ Отчет Продажи (за 60 дней)'!$G:$G,$A3),0) -> 0 | L3: =ROUNDUP(SUMIFS('ВБ Отчет Продажи (за 60 дней)'!$L:$L,'ВБ Отчет Продажи (за 60 дней)'!$K:$K,"Волгоград",'ВБ Отчет Продажи (за 60 дней)'!$G:$G,$A3),0) -> 0 | M3: =ROUNDUP(SUMIFS('ВБ Отчет Продажи (за 60 дней)'!$L:$L,'ВБ Отчет Продажи (за 60 дней)'!$K:$K,"Самара (Новосемейкино)",'ВБ Отчет Продажи (за 60 дней)'!$G:$G,$A3),0) -> 0 | N3: =ROUNDUP(SUMIFS('ВБ Отчет Продажи (за 60 дней)'!$L:$L,'ВБ Отчет Продажи (за 60 дней)'!$K:$K,"Казань",'ВБ Отчет Продажи (за 60 дней)'!$G:$G,$A3),0) -> 2 | O3: =ROUNDUP(SUMIFS('ВБ Отчет Продажи (за 60 дней)'!$L:$L,'ВБ Отчет Продажи (за 60 дней)'!$K:$K,"СПБ Шушары",'ВБ Отчет Продажи (за 60 дней)'!$G:$G,$A3),0) -> 0 | P3: =ROUNDUP(SUMIFS('ВБ Отчет Продажи (за 60 дней)'!$L:$L,'ВБ Отчет Продажи (за 60 дней)'!$K:$K,"Екатеринбург - Перспективный 12",'ВБ Отчет Продажи (за 60 дней)'!$G:$G,$A3),0) -> 0 | Q3: =ROUNDUP(SUMIFS('ВБ Отчет Продажи (за 60 дней)'!$L:$L,'ВБ Отчет Продажи (за 60 дней)'!$K:$K,"Новосибирск",'ВБ Отчет Продажи (за 60 дней)'!$G:$G,$A3),0) -> 0 | R3: =SUM(F3:Q3) -> 9 | S3: =SUMIFS('ОЗОН Оборот ведом (за 60 дней)'!I:I,'ОЗОН Оборот ведом (за 60 дней)'!A:A,B3) -> 0 | T3: =SUM(R3:S3) -> 9 | U3: =SUMIFS('ВБ Отчет Продажи (за 60 дней)'!$P:$P,'ВБ Отчет Продажи (за 60 дней)'!$K:$K,"Электросталь",'ВБ Отчет Продажи (за 60 дней)'!$G:$G,$A3) -> 75 | V3: =SUMIFS('ВБ Отчет Продажи (за 60 дней)'!$P:$P,'ВБ Отчет Продажи (за 60 дней)'!$K:$K,"Коледино",'ВБ Отчет Продажи (за 60 дней)'!$G:$G,$A3) -> 1 | W3: =SUMIFS('ВБ Отчет Продажи (за 60 дней)'!$P:$P,'ВБ Отчет Продажи (за 60 дней)'!$K:$K,"Тула",'ВБ Отчет Продажи (за 60 дней)'!$G:$G,$A3) -> 21 | X3: =SUMIFS('ВБ Отчет Продажи (за 60 дней)'!$P:$P,'ВБ Отчет Продажи (за 60 дней)'!$K:$K,"Рязань (Тюшевское)",'ВБ Отчет Продажи (за 60 дней)'!$G:$G,$A3) -> 0 | Y3: =SUMIFS('ВБ Отчет Продажи (за 60 дней)'!$P:$P,'ВБ Отчет Продажи (за 60 дней)'!$K:$K,"Краснодар",'ВБ Отчет Продажи (за 60 дней)'!$G:$G,$A3) -> 36 | Z3: =SUMIFS('ВБ Отчет Продажи (за 60 дней)'!$P:$P,'ВБ Отчет Продажи (за 60 дней)'!$K:$K,"Невинномысск",'ВБ Отчет Продажи (за 60 дней)'!$G:$G,$A3) -> 0 | AA3: =SUMIFS('ВБ Отчет Продажи (за 60 дней)'!$P:$P,'ВБ Отчет Продажи (за 60 дней)'!$K:$K,"Волгоград",'ВБ Отчет Продажи (за 60 дней)'!$G:$G,$A3) -> 0 | AB3: =SUMIFS('ВБ Отчет Продажи (за 60 дней)'!$P:$P,'ВБ Отчет Продажи (за 60 дней)'!$K:$K,"Самара (Новосемейкино)",'ВБ Отчет Продажи (за 60 дней)'!$G:$G,$A3) -> 1 | AC3: =SUMIFS('ВБ Отчет Продажи (за 60 дней)'!$P:$P,'ВБ Отчет Продажи (за 60 дней)'!$K:$K,"Казань",'ВБ Отчет Продажи (за 60 дней)'!$G:$G,$A3) -> 0 | AD3: =SUMIFS('ВБ Отчет Продажи (за 60 дней)'!$P:$P,'ВБ Отчет Продажи (за 60 дней)'!$K:$K,"СПБ Шушары",'ВБ Отчет Продажи (за 60 дней)'!$G:$G,$A3) -> 0 | AE3: =SUMIFS('ВБ Отчет Продажи (за 60 дней)'!$P:$P,'ВБ Отчет Продажи (за 60 дней)'!$K:$K,"Екатеринбург - Перспективный 12",'ВБ Отчет Продажи (за 60 дней)'!$G:$G,$A3) -> 0 | AF3: =SUMIFS('ВБ Отчет Продажи (за 60 дней)'!$P:$P,'ВБ Отчет Продажи (за 60 дней)'!$K:$K,"Новосибирск",'ВБ Отчет Продажи (за 60 дней)'!$G:$G,$A3) -> 0 | AG3: =SUM(U3:AF3) -> 134 | AH3: =IFERROR(AG3*$R$1/R3,0) -> 893.33333 | AI3: =SUMIFS('ОЗОН Оборот ведом (за 60 дней)'!J:J,'ОЗОН Оборот ведом (за 60 дней)'!A:A,B3) -> 0 | AJ3: =AG3+AI3 -> 134 | AK3: {=IFERROR(_xlfn.IFS((F3-U3)>0,F3/$R$1*$AY$1-U3,F3+U3=0,"нов"),0)} -> 0 | AL3: {=IFERROR(_xlfn.IFS((G3-V3)>0,G3/$R$1*$AY$1-V3,G3+V3=0,"нов"),0)} -> 2 | AM3: {=IFERROR(_xlfn.IFS((H3-W3)>0,H3/$R$1*$AY$1-W3,H3+W3=0,"нов"),0)} -> 0 | AN3: {=IFERROR(_xlfn.IFS((I3-X3)>0,I3/$R$1*$AY$1-X3,I3+X3=0,"нов"),0)} -> нов | AO3: {=IFERROR(_xlfn.IFS((J3-Y3)>0,J3/$R$1*$AY$1-Y3,J3+Y3=0,"нов"),0)} -> 0 | AP3: {=IFERROR(_xlfn.IFS((K3-Z3)>0,K3/$R$1*$AY$1-Z3,K3+Z3=0,"нов"),0)} -> нов | AQ3: {=IFERROR(_xlfn.IFS((L3-AA3)>0,L3/$R$1*$AY$1-AA3,L3+AA3=0,"нов"),0)} -> нов | AR3: {=IFERROR(_xlfn.IFS((M3-AB3)>0,M3/$R$1*$AY$1-AB3,M3+AB3=0,"нов"),0)} -> 0 | ... AV3: {=IFERROR(_xlfn.IFS((Q3-AF3)>0,Q3/$R$1*$AY$1-AF3,Q3+AF3=0,"нов"),0)} -> нов | AW3: =SUM(AK3:AV3) -> 4 | AX3: =SUMIF('ОЗОН Доступн товара'!D:D,_xlfn.XLOOKUP($B3,'ОЗОН Доступн товара'!$A:$A,'ОЗОН Доступн товара'!$D:$D,0)) -> 0 | AY3: =SUM(AW3:AX3) -> 4 | AZ3: =IF(AK3="нов","нов",ROUNDUP(AK3*1.3,0)) -> 0 | BA3: =IF(AL3="нов","нов",ROUNDUP(AL3*1.3,0)) -> 3 | BB3: =IF(AM3="нов","нов",ROUNDUP(AM3*1.3,0)) -> 0 | BC3: =IF(AN3="нов","нов",ROUNDUP(AN3*1.3,0)) -> нов | BD3: =IF(AO3="нов","нов",ROUNDUP(AO3*1.3,0)) -> 0 | BE3: =IF(AP3="нов","нов",ROUNDUP(AP3*1.3,0)) -> нов | BF3: =IF(AQ3="нов","нов",ROUNDUP(AQ3*1.3,0)) -> нов | BG3: =IF(AR3="нов","нов",ROUNDUP(AR3*1.3,0)) -> 0 | ... BK3: =IF(AV3="нов","нов",ROUNDUP(AV3*1.3,0)) -> нов | BL3: =SUM(AZ3:BK3) -> 6 | BM3: =AX3*1.3 -> 0 | BN3: =SUM(BL3:BM3) -> 6 | BO3: =IFERROR(_xlfn.XLOOKUP(A3,'[2] Расчет стоимости и веса'!$I:$I,'[2] Расчет стоимости и веса'!$D:$D),0) -> 0 | BP3: =BO3 -> 0 | CD3: =_xlfn.XLOOKUP(E3,[3]ТЗ_ФФ!$D:$D,[3]ТЗ_ФФ!$AS:$AS,0) -> 0 | CE3: =SUM(BR3:CD3) -> 0 | CF3: =MAX(BO3,CE3)-BQ3 -> 0 | CG3: =BO3+BQ3-CE3 -> 0
A4: =[1]Юнит!A6 -> 169153168 | B4: =[1]Юнит!B6 -> 2453533282 | C4: =[1]Юнит!C6 -> ACRF1BN101BC | D4: =[1]Юнит!D6 -> Бандаж для лица черный | E4: =[1]Юнит!E6 -> 2038162681926 | F4: =ROUNDUP(SUMIFS('ВБ Отчет Продажи (за 60 дней)'!$L:$L,'ВБ Отчет Продажи (за 60 дней)'!$K:$K,"Электросталь",'ВБ Отчет Продажи (за 60 дней)'!$G:$G,$A4),0) -> 4 | G4: =ROUNDUP(SUMIFS('ВБ Отчет Продажи (за 60 дней)'!$L:$L,'ВБ Отчет Продажи (за 60 дней)'!$K:$K,"Коледино",'ВБ Отчет Продажи (за 60 дней)'!$G:$G,$A4),0) -> 8 | H4: =ROUNDUP(SUMIFS('ВБ Отчет Продажи (за 60 дней)'!$L:$L,'ВБ Отчет Продажи (за 60 дней)'!$K:$K,"Тула",'ВБ Отчет Продажи (за 60 дней)'!$G:$G,$A4),0) -> 0 | I4: =ROUNDUP(SUMIFS('ВБ Отчет Продажи (за 60 дней)'!$L:$L,'ВБ Отчет Продажи (за 60 дней)'!$K:$K,"Рязань (Тюшевское)",'ВБ Отчет Продажи (за 60 дней)'!$G:$G,$A4),0) -> 0 | J4: =ROUNDUP(SUMIFS('ВБ Отчет Продажи (за 60 дней)'!$L:$L,'ВБ Отчет Продажи (за 60 дней)'!$K:$K,"Краснодар",'ВБ Отчет Продажи (за 60 дней)'!$G:$G,$A4),0) -> 7 | K4: =ROUNDUP(SUMIFS('ВБ Отчет Продажи (за 60 дней)'!$L:$L,'ВБ Отчет Продажи (за 60 дней)'!$K:$K,"Невинномысск",'ВБ Отчет Продажи (за 60 дней)'!$G:$G,$A4),0) -> 1 | L4: =ROUNDUP(SUMIFS('ВБ Отчет Продажи (за 60 дней)'!$L:$L,'ВБ Отчет Продажи (за 60 дней)'!$K:$K,"Волгоград",'ВБ Отчет Продажи (за 60 дней)'!$G:$G,$A4),0) -> 0 | M4: =ROUNDUP(SUMIFS('ВБ Отчет Продажи (за 60 дней)'!$L:$L,'ВБ Отчет Продажи (за 60 дней)'!$K:$K,"Самара (Новосемейкино)",'ВБ Отчет Продажи (за 60 дней)'!$G:$G,$A4),0) -> 3 | N4: =ROUNDUP(SUMIFS('ВБ Отчет Продажи (за 60 дней)'!$L:$L,'ВБ Отчет Продажи (за 60 дней)'!$K:$K,"Казань",'ВБ Отчет Продажи (за 60 дней)'!$G:$G,$A4),0) -> 4 | O4: =ROUNDUP(SUMIFS('ВБ Отчет Продажи (за 60 дней)'!$L:$L,'ВБ Отчет Продажи (за 60 дней)'!$K:$K,"СПБ Шушары",'ВБ Отчет Продажи (за 60 дней)'!$G:$G,$A4),0) -> 0 | P4: =ROUNDUP(SUMIFS('ВБ Отчет Продажи (за 60 дней)'!$L:$L,'ВБ Отчет Продажи (за 60 дней)'!$K:$K,"Екатеринбург - Перспективный 12",'ВБ Отчет Продажи (за 60 дней)'!$G:$G,$A4),0) -> 0 | Q4: =ROUNDUP(SUMIFS('ВБ Отчет Продажи (за 60 дней)'!$L:$L,'ВБ Отчет Продажи (за 60 дней)'!$K:$K,"Новосибирск",'ВБ Отчет Продажи (за 60 дней)'!$G:$G,$A4),0) -> 0 | R4: =SUM(F4:Q4) -> 27 | S4: =SUMIFS('ОЗОН Оборот ведом (за 60 дней)'!I:I,'ОЗОН Оборот ведом (за 60 дней)'!A:A,B4) -> 5 | T4: =SUM(R4:S4) -> 32 | U4: =SUMIFS('ВБ Отчет Продажи (за 60 дней)'!$P:$P,'ВБ Отчет Продажи (за 60 дней)'!$K:$K,"Электросталь",'ВБ Отчет Продажи (за 60 дней)'!$G:$G,$A4) -> 58 | V4: =SUMIFS('ВБ Отчет Продажи (за 60 дней)'!$P:$P,'ВБ Отчет Продажи (за 60 дней)'!$K:$K,"Коледино",'ВБ Отчет Продажи (за 60 дней)'!$G:$G,$A4) -> 8 | W4: =SUMIFS('ВБ Отчет Продажи (за 60 дней)'!$P:$P,'ВБ Отчет Продажи (за 60 дней)'!$K:$K,"Тула",'ВБ Отчет Продажи (за 60 дней)'!$G:$G,$A4) -> 0 | X4: =SUMIFS('ВБ Отчет Продажи (за 60 дней)'!$P:$P,'ВБ Отчет Продажи (за 60 дней)'!$K:$K,"Рязань (Тюшевское)",'ВБ Отчет Продажи (за 60 дней)'!$G:$G,$A4) -> 5 | Y4: =SUMIFS('ВБ Отчет Продажи (за 60 дней)'!$P:$P,'ВБ Отчет Продажи (за 60 дней)'!$K:$K,"Краснодар",'ВБ Отчет Продажи (за 60 дней)'!$G:$G,$A4) -> 23 | Z4: =SUMIFS('ВБ Отчет Продажи (за 60 дней)'!$P:$P,'ВБ Отчет Продажи (за 60 дней)'!$K:$K,"Невинномысск",'ВБ Отчет Продажи (за 60 дней)'!$G:$G,$A4) -> 13 | AA4: =SUMIFS('ВБ Отчет Продажи (за 60 дней)'!$P:$P,'ВБ Отчет Продажи (за 60 дней)'!$K:$K,"Волгоград",'ВБ Отчет Продажи (за 60 дней)'!$G:$G,$A4) -> 0 | AB4: =SUMIFS('ВБ Отчет Продажи (за 60 дней)'!$P:$P,'ВБ Отчет Продажи (за 60 дней)'!$K:$K,"Самара (Новосемейкино)",'ВБ Отчет Продажи (за 60 дней)'!$G:$G,$A4) -> 21 | AC4: =SUMIFS('ВБ Отчет Продажи (за 60 дней)'!$P:$P,'ВБ Отчет Продажи (за 60 дней)'!$K:$K,"Казань",'ВБ Отчет Продажи (за 60 дней)'!$G:$G,$A4) -> 44 | AD4: =SUMIFS('ВБ Отчет Продажи (за 60 дней)'!$P:$P,'ВБ Отчет Продажи (за 60 дней)'!$K:$K,"СПБ Шушары",'ВБ Отчет Продажи (за 60 дней)'!$G:$G,$A4) -> 0 | AE4: =SUMIFS('ВБ Отчет Продажи (за 60 дней)'!$P:$P,'ВБ Отчет Продажи (за 60 дней)'!$K:$K,"Екатеринбург - Перспективный 12",'ВБ Отчет Продажи (за 60 дней)'!$G:$G,$A4) -> 0 | AF4: =SUMIFS('ВБ Отчет Продажи (за 60 дней)'!$P:$P,'ВБ Отчет Продажи (за 60 дней)'!$K:$K,"Новосибирск",'ВБ Отчет Продажи (за 60 дней)'!$G:$G,$A4) -> 0 | AG4: =SUM(U4:AF4) -> 172 | AH4: =IFERROR(AG4*$R$1/R4,0) -> 382.22222 | AI4: =SUMIFS('ОЗОН Оборот ведом (за 60 дней)'!J:J,'ОЗОН Оборот ведом (за 60 дней)'!A:A,B4) -> 0 | AJ4: =AG4+AI4 -> 172 | AK4: {=IFERROR(_xlfn.IFS((F4-U4)>0,F4/$R$1*$AY$1-U4,F4+U4=0,"нов"),0)} -> 0 | AL4: {=IFERROR(_xlfn.IFS((G4-V4)>0,G4/$R$1*$AY$1-V4,G4+V4=0,"нов"),0)} -> 0 | AM4: {=IFERROR(_xlfn.IFS((H4-W4)>0,H4/$R$1*$AY$1-W4,H4+W4=0,"нов"),0)} -> нов | AN4: {=IFERROR(_xlfn.IFS((I4-X4)>0,I4/$R$1*$AY$1-X4,I4+X4=0,"нов"),0)} -> 0 | AO4: {=IFERROR(_xlfn.IFS((J4-Y4)>0,J4/$R$1*$AY$1-Y4,J4+Y4=0,"нов"),0)} -> 0 | AP4: {=IFERROR(_xlfn.IFS((K4-Z4)>0,K4/$R$1*$AY$1-Z4,K4+Z4=0,"нов"),0)} -> 0 | AQ4: {=IFERROR(_xlfn.IFS((L4-AA4)>0,L4/$R$1*$AY$1-AA4,L4+AA4=0,"нов"),0)} -> нов | AR4: {=IFERROR(_xlfn.IFS((M4-AB4)>0,M4/$R$1*$AY$1-AB4,M4+AB4=0,"нов"),0)} -> 0 | ... AV4: {=IFERROR(_xlfn.IFS((Q4-AF4)>0,Q4/$R$1*$AY$1-AF4,Q4+AF4=0,"нов"),0)} -> нов | AW4: =SUM(AK4:AV4) -> 0 | AX4: =SUMIF('ОЗОН Доступн товара'!D:D,_xlfn.XLOOKUP($B4,'ОЗОН Доступн товара'!$A:$A,'ОЗОН Доступн товара'!$D:$D,0)) -> 0 | AY4: =SUM(AW4:AX4) -> 0 | AZ4: =IF(AK4="нов","нов",ROUNDUP(AK4*1.3,0)) -> 0 | BA4: =IF(AL4="нов","нов",ROUNDUP(AL4*1.3,0)) -> 0 | BB4: =IF(AM4="нов","нов",ROUNDUP(AM4*1.3,0)) -> нов | BC4: =IF(AN4="нов","нов",ROUNDUP(AN4*1.3,0)) -> 0 | BD4: =IF(AO4="нов","нов",ROUNDUP(AO4*1.3,0)) -> 0 | BE4: =IF(AP4="нов","нов",ROUNDUP(AP4*1.3,0)) -> 0 | BF4: =IF(AQ4="нов","нов",ROUNDUP(AQ4*1.3,0)) -> нов | BG4: =IF(AR4="нов","нов",ROUNDUP(AR4*1.3,0)) -> 0 | ... BK4: =IF(AV4="нов","нов",ROUNDUP(AV4*1.3,0)) -> нов | BL4: =SUM(AZ4:BK4) -> 0 | BM4: =AX4*1.3 -> 0 | BN4: =SUM(BL4:BM4) -> 0 | BO4: =IFERROR(_xlfn.XLOOKUP(A4,'[2] Расчет стоимости и веса'!$I:$I,'[2] Расчет стоимости и веса'!$D:$D),0) -> 40 | BP4: =BO4 -> 40 | CA4: 20 | CB4: 20 | CE4: =SUM(BR4:CD4) -> 40 | CF4: =MAX(BO4,CE4)-BQ4 -> 40 | CG4: =BO4+BQ4-CE4 -> 0
A5: =[1]Юнит!A7 -> 169395410 | B5: =[1]Юнит!B7 -> 2419349210 | C5: =[1]Юнит!C7 -> ACRF1BN201GR | D5: =[1]Юнит!D7 -> Бандаж для лица серый | E5: =[1]Юнит!E7 -> 2038172050200 | F5: =ROUNDUP(SUMIFS('ВБ Отчет Продажи (за 60 дней)'!$L:$L,'ВБ Отчет Продажи (за 60 дней)'!$K:$K,"Электросталь",'ВБ Отчет Продажи (за 60 дней)'!$G:$G,$A5),0) -> 12 | G5: =ROUNDUP(SUMIFS('ВБ Отчет Продажи (за 60 дней)'!$L:$L,'ВБ Отчет Продажи (за 60 дней)'!$K:$K,"Коледино",'ВБ Отчет Продажи (за 60 дней)'!$G:$G,$A5),0) -> 6 | H5: =ROUNDUP(SUMIFS('ВБ Отчет Продажи (за 60 дней)'!$L:$L,'ВБ Отчет Продажи (за 60 дней)'!$K:$K,"Тула",'ВБ Отчет Продажи (за 60 дней)'!$G:$G,$A5),0) -> 2 | I5: =ROUNDUP(SUMIFS('ВБ Отчет Продажи (за 60 дней)'!$L:$L,'ВБ Отчет Продажи (за 60 дней)'!$K:$K,"Рязань (Тюшевское)",'ВБ Отчет Продажи (за 60 дней)'!$G:$G,$A5),0) -> 2 | J5: =ROUNDUP(SUMIFS('ВБ Отчет Продажи (за 60 дней)'!$L:$L,'ВБ Отчет Продажи (за 60 дней)'!$K:$K,"Краснодар",'ВБ Отчет Продажи (за 60 дней)'!$G:$G,$A5),0) -> 4 | K5: =ROUNDUP(SUMIFS('ВБ Отчет Продажи (за 60 дней)'!$L:$L,'ВБ Отчет Продажи (за 60 дней)'!$K:$K,"Невинномысск",'ВБ Отчет Продажи (за 60 дней)'!$G:$G,$A5),0) -> 2 | L5: =ROUNDUP(SUMIFS('ВБ Отчет Продажи (за 60 дней)'!$L:$L,'ВБ Отчет Продажи (за 60 дней)'!$K:$K,"Волгоград",'ВБ Отчет Продажи (за 60 дней)'!$G:$G,$A5),0) -> 0 | M5: =ROUNDUP(SUMIFS('ВБ Отчет Продажи (за 60 дней)'!$L:$L,'ВБ Отчет Продажи (за 60 дней)'!$K:$K,"Самара (Новосемейкино)",'ВБ Отчет Продажи (за 60 дней)'!$G:$G,$A5),0) -> 3 | N5: =ROUNDUP(SUMIFS('ВБ Отчет Продажи (за 60 дней)'!$L:$L,'ВБ Отчет Продажи (за 60 дней)'!$K:$K,"Казань",'ВБ Отчет Продажи (за 60 дней)'!$G:$G,$A5),0) -> 2 | O5: =ROUNDUP(SUMIFS('ВБ Отчет Продажи (за 60 дней)'!$L:$L,'ВБ Отчет Продажи (за 60 дней)'!$K:$K,"СПБ Шушары",'ВБ Отчет Продажи (за 60 дней)'!$G:$G,$A5),0) -> 0 | P5: =ROUNDUP(SUMIFS('ВБ Отчет Продажи (за 60 дней)'!$L:$L,'ВБ Отчет Продажи (за 60 дней)'!$K:$K,"Екатеринбург - Перспективный 12",'ВБ Отчет Продажи (за 60 дней)'!$G:$G,$A5),0) -> 0 | Q5: =ROUNDUP(SUMIFS('ВБ Отчет Продажи (за 60 дней)'!$L:$L,'ВБ Отчет Продажи (за 60 дней)'!$K:$K,"Новосибирск",'ВБ Отчет Продажи (за 60 дней)'!$G:$G,$A5),0) -> 0 | R5: =SUM(F5:Q5) -> 33 | S5: =SUMIFS('ОЗОН Оборот ведом (за 60 дней)'!I:I,'ОЗОН Оборот ведом (за 60 дней)'!A:A,B5) -> 28 | T5: =SUM(R5:S5) -> 61 | U5: =SUMIFS('ВБ Отчет Продажи (за 60 дней)'!$P:$P,'ВБ Отчет Продажи (за 60 дней)'!$K:$K,"Электросталь",'ВБ Отчет Продажи (за 60 дней)'!$G:$G,$A5) -> 26 | V5: =SUMIFS('ВБ Отчет Продажи (за 60 дней)'!$P:$P,'ВБ Отчет Продажи (за 60 дней)'!$K:$K,"Коледино",'ВБ Отчет Продажи (за 60 дней)'!$G:$G,$A5) -> 30 | W5: =SUMIFS('ВБ Отчет Продажи (за 60 дней)'!$P:$P,'ВБ Отчет Продажи (за 60 дней)'!$K:$K,"Тула",'ВБ Отчет Продажи (за 60 дней)'!$G:$G,$A5) -> 0 | X5: =SUMIFS('ВБ Отчет Продажи (за 60 дней)'!$P:$P,'ВБ Отчет Продажи (за 60 дней)'!$K:$K,"Рязань (Тюшевское)",'ВБ Отчет Продажи (за 60 дней)'!$G:$G,$A5) -> 15 | Y5: =SUMIFS('ВБ Отчет Продажи (за 60 дней)'!$P:$P,'ВБ Отчет Продажи (за 60 дней)'!$K:$K,"Краснодар",'ВБ Отчет Продажи (за 60 дней)'!$G:$G,$A5) -> 13 | Z5: =SUMIFS('ВБ Отчет Продажи (за 60 дней)'!$P:$P,'ВБ Отчет Продажи (за 60 дней)'!$K:$K,"Невинномысск",'ВБ Отчет Продажи (за 60 дней)'!$G:$G,$A5) -> 31 | AA5: =SUMIFS('ВБ Отчет Продажи (за 60 дней)'!$P:$P,'ВБ Отчет Продажи (за 60 дней)'!$K:$K,"Волгоград",'ВБ Отчет Продажи (за 60 дней)'!$G:$G,$A5) -> 0 | AB5: =SUMIFS('ВБ Отчет Продажи (за 60 дней)'!$P:$P,'ВБ Отчет Продажи (за 60 дней)'!$K:$K,"Самара (Новосемейкино)",'ВБ Отчет Продажи (за 60 дней)'!$G:$G,$A5) -> 31 | AC5: =SUMIFS('ВБ Отчет Продажи (за 60 дней)'!$P:$P,'ВБ Отчет Продажи (за 60 дней)'!$K:$K,"Казань",'ВБ Отчет Продажи (за 60 дней)'!$G:$G,$A5) -> 17 | AD5: =SUMIFS('ВБ Отчет Продажи (за 60 дней)'!$P:$P,'ВБ Отчет Продажи (за 60 дней)'!$K:$K,"СПБ Шушары",'ВБ Отчет Продажи (за 60 дней)'!$G:$G,$A5) -> 0 | AE5: =SUMIFS('ВБ Отчет Продажи (за 60 дней)'!$P:$P,'ВБ Отчет Продажи (за 60 дней)'!$K:$K,"Екатеринбург - Перспективный 12",'ВБ Отчет Продажи (за 60 дней)'!$G:$G,$A5) -> 0 | AF5: =SUMIFS('ВБ Отчет Продажи (за 60 дней)'!$P:$P,'ВБ Отчет Продажи (за 60 дней)'!$K:$K,"Новосибирск",'ВБ Отчет Продажи (за 60 дней)'!$G:$G,$A5) -> 0 | AG5: =SUM(U5:AF5) -> 163 | AH5: =IFERROR(AG5*$R$1/R5,0) -> 296.36364 | AI5: =SUMIFS('ОЗОН Оборот ведом (за 60 дней)'!J:J,'ОЗОН Оборот ведом (за 60 дней)'!A:A,B5) -> 1 | AJ5: =AG5+AI5 -> 164 | AK5: {=IFERROR(_xlfn.IFS((F5-U5)>0,F5/$R$1*$AY$1-U5,F5+U5=0,"нов"),0)} -> 0 | AL5: {=IFERROR(_xlfn.IFS((G5-V5)>0,G5/$R$1*$AY$1-V5,G5+V5=0,"нов"),0)} -> 0 | AM5: {=IFERROR(_xlfn.IFS((H5-W5)>0,H5/$R$1*$AY$1-W5,H5+W5=0,"нов"),0)} -> 2 | AN5: {=IFERROR(_xlfn.IFS((I5-X5)>0,I5/$R$1*$AY$1-X5,I5+X5=0,"нов"),0)} -> 0 | AO5: {=IFERROR(_xlfn.IFS((J5-Y5)>0,J5/$R$1*$AY$1-Y5,J5+Y5=0,"нов"),0)} -> 0 | AP5: {=IFERROR(_xlfn.IFS((K5-Z5)>0,K5/$R$1*$AY$1-Z5,K5+Z5=0,"нов"),0)} -> 0 | AQ5: {=IFERROR(_xlfn.IFS((L5-AA5)>0,L5/$R$1*$AY$1-AA5,L5+AA5=0,"нов"),0)} -> нов | AR5: {=IFERROR(_xlfn.IFS((M5-AB5)>0,M5/$R$1*$AY$1-AB5,M5+AB5=0,"нов"),0)} -> 0 | ... AV5: {=IFERROR(_xlfn.IFS((Q5-AF5)>0,Q5/$R$1*$AY$1-AF5,Q5+AF5=0,"нов"),0)} -> нов | AW5: =SUM(AK5:AV5) -> 2 | AX5: =SUMIF('ОЗОН Доступн товара'!D:D,_xlfn.XLOOKUP($B5,'ОЗОН Доступн товара'!$A:$A,'ОЗОН Доступн товара'!$D:$D,0)) -> 24 | AY5: =SUM(AW5:AX5) -> 26 | AZ5: =IF(AK5="нов","нов",ROUNDUP(AK5*1.3,0)) -> 0 | BA5: =IF(AL5="нов","нов",ROUNDUP(AL5*1.3,0)) -> 0 | BB5: =IF(AM5="нов","нов",ROUNDUP(AM5*1.3,0)) -> 3 | BC5: =IF(AN5="нов","нов",ROUNDUP(AN5*1.3,0)) -> 0 | BD5: =IF(AO5="нов","нов",ROUNDUP(AO5*1.3,0)) -> 0 | BE5: =IF(AP5="нов","нов",ROUNDUP(AP5*1.3,0)) -> 0 | BF5: =IF(AQ5="нов","нов",ROUNDUP(AQ5*1.3,0)) -> нов | BG5: =IF(AR5="нов","нов",ROUNDUP(AR5*1.3,0)) -> 0 | ... BK5: =IF(AV5="нов","нов",ROUNDUP(AV5*1.3,0)) -> нов | BL5: =SUM(AZ5:BK5) -> 3 | BM5: =AX5*1.3 -> 31.2 | BN5: =SUM(BL5:BM5) -> 34.2 | BO5: =IFERROR(_xlfn.XLOOKUP(A5,'[2] Расчет стоимости и веса'!$I:$I,'[2] Расчет стоимости и веса'!$D:$D),0) -> 40 | BP5: =BO5 -> 40 | CA5: 20 | CB5: 20 | CE5: =SUM(BR5:CD5) -> 40 | CF5: =MAX(BO5,CE5)-BQ5 -> 40 | CG5: =BO5+BQ5-CE5 -> 0
A6: =[1]Юнит!A8 -> 172832355 | B6: =[1]Юнит!B8 -> 2419349460 | C6: =[1]Юнит!C8 -> AHMA7BW101BG | D6: =[1]Юнит!D8 -> Мешки 7 шт. | E6: =[1]Юнит!E8 -> 2038337652454 | F6: =ROUNDUP(SUMIFS('ВБ Отчет Продажи (за 60 дней)'!$L:$L,'ВБ Отчет Продажи (за 60 дней)'!$K:$K,"Электросталь",'ВБ Отчет Продажи (за 60 дней)'!$G:$G,$A6),0) -> 3 | G6: =ROUNDUP(SUMIFS('ВБ Отчет Продажи (за 60 дней)'!$L:$L,'ВБ Отчет Продажи (за 60 дней)'!$K:$K,"Коледино",'ВБ Отчет Продажи (за 60 дней)'!$G:$G,$A6),0) -> 2 | H6: =ROUNDUP(SUMIFS('ВБ Отчет Продажи (за 60 дней)'!$L:$L,'ВБ Отчет Продажи (за 60 дней)'!$K:$K,"Тула",'ВБ Отчет Продажи (за 60 дней)'!$G:$G,$A6),0) -> 0 | I6: =ROUNDUP(SUMIFS('ВБ Отчет Продажи (за 60 дней)'!$L:$L,'ВБ Отчет Продажи (за 60 дней)'!$K:$K,"Рязань (Тюшевское)",'ВБ Отчет Продажи (за 60 дней)'!$G:$G,$A6),0) -> 2 | J6: =ROUNDUP(SUMIFS('ВБ Отчет Продажи (за 60 дней)'!$L:$L,'ВБ Отчет Продажи (за 60 дней)'!$K:$K,"Краснодар",'ВБ Отчет Продажи (за 60 дней)'!$G:$G,$A6),0) -> 1 | K6: =ROUNDUP(SUMIFS('ВБ Отчет Продажи (за 60 дней)'!$L:$L,'ВБ Отчет Продажи (за 60 дней)'!$K:$K,"Невинномысск",'ВБ Отчет Продажи (за 60 дней)'!$G:$G,$A6),0) -> 0 | L6: =ROUNDUP(SUMIFS('ВБ Отчет Продажи (за 60 дней)'!$L:$L,'ВБ Отчет Продажи (за 60 дней)'!$K:$K,"Волгоград",'ВБ Отчет Продажи (за 60 дней)'!$G:$G,$A6),0) -> 0 | M6: =ROUNDUP(SUMIFS('ВБ Отчет Продажи (за 60 дней)'!$L:$L,'ВБ Отчет Продажи (за 60 дней)'!$K:$K,"Самара (Новосемейкино)",'ВБ Отчет Продажи (за 60 дней)'!$G:$G,$A6),0) -> 1 | N6: =ROUNDUP(SUMIFS('ВБ Отчет Продажи (за 60 дней)'!$L:$L,'ВБ Отчет Продажи (за 60 дней)'!$K:$K,"Казань",'ВБ Отчет Продажи (за 60 дней)'!$G:$G,$A6),0) -> 0 | O6: =ROUNDUP(SUMIFS('ВБ Отчет Продажи (за 60 дней)'!$L:$L,'ВБ Отчет Продажи (за 60 дней)'!$K:$K,"СПБ Шушары",'ВБ Отчет Продажи (за 60 дней)'!$G:$G,$A6),0) -> 2 | P6: =ROUNDUP(SUMIFS('ВБ Отчет Продажи (за 60 дней)'!$L:$L,'ВБ Отчет Продажи (за 60 дней)'!$K:$K,"Екатеринбург - Перспективный 12",'ВБ Отчет Продажи (за 60 дней)'!$G:$G,$A6),0) -> 0 | Q6: =ROUNDUP(SUMIFS('ВБ Отчет Продажи (за 60 дней)'!$L:$L,'ВБ Отчет Продажи (за 60 дней)'!$K:$K,"Новосибирск",'ВБ Отчет Продажи (за 60 дней)'!$G:$G,$A6),0) -> 0 | R6: =SUM(F6:Q6) -> 11 | S6: =SUMIFS('ОЗОН Оборот ведом (за 60 дней)'!I:I,'ОЗОН Оборот ведом (за 60 дней)'!A:A,B6) -> 19 | T6: =SUM(R6:S6) -> 30 | U6: =SUMIFS('ВБ Отчет Продажи (за 60 дней)'!$P:$P,'ВБ Отчет Продажи (за 60 дней)'!$K:$K,"Электросталь",'ВБ Отчет Продажи (за 60 дней)'!$G:$G,$A6) -> 38 | V6: =SUMIFS('ВБ Отчет Продажи (за 60 дней)'!$P:$P,'ВБ Отчет Продажи (за 60 дней)'!$K:$K,"Коледино",'ВБ Отчет Продажи (за 60 дней)'!$G:$G,$A6) -> 9 | W6: =SUMIFS('ВБ Отчет Продажи (за 60 дней)'!$P:$P,'ВБ Отчет Продажи (за 60 дней)'!$K:$K,"Тула",'ВБ Отчет Продажи (за 60 дней)'!$G:$G,$A6) -> 0 | X6: =SUMIFS('ВБ Отчет Продажи (за 60 дней)'!$P:$P,'ВБ Отчет Продажи (за 60 дней)'!$K:$K,"Рязань (Тюшевское)",'ВБ Отчет Продажи (за 60 дней)'!$G:$G,$A6) -> 0 | Y6: =SUMIFS('ВБ Отчет Продажи (за 60 дней)'!$P:$P,'ВБ Отчет Продажи (за 60 дней)'!$K:$K,"Краснодар",'ВБ Отчет Продажи (за 60 дней)'!$G:$G,$A6) -> 2 | Z6: =SUMIFS('ВБ Отчет Продажи (за 60 дней)'!$P:$P,'ВБ Отчет Продажи (за 60 дней)'!$K:$K,"Невинномысск",'ВБ Отчет Продажи (за 60 дней)'!$G:$G,$A6) -> 26 | AA6: =SUMIFS('ВБ Отчет Продажи (за 60 дней)'!$P:$P,'ВБ Отчет Продажи (за 60 дней)'!$K:$K,"Волгоград",'ВБ Отчет Продажи (за 60 дней)'!$G:$G,$A6) -> 0 | AB6: =SUMIFS('ВБ Отчет Продажи (за 60 дней)'!$P:$P,'ВБ Отчет Продажи (за 60 дней)'!$K:$K,"Самара (Новосемейкино)",'ВБ Отчет Продажи (за 60 дней)'!$G:$G,$A6) -> 29 | AC6: =SUMIFS('ВБ Отчет Продажи (за 60 дней)'!$P:$P,'ВБ Отчет Продажи (за 60 дней)'!$K:$K,"Казань",'ВБ Отчет Продажи (за 60 дней)'!$G:$G,$A6) -> 0 | AD6: =SUMIFS('ВБ Отчет Продажи (за 60 дней)'!$P:$P,'ВБ Отчет Продажи (за 60 дней)'!$K:$K,"СПБ Шушары",'ВБ Отчет Продажи (за 60 дней)'!$G:$G,$A6) -> 8 | AE6: =SUMIFS('ВБ Отчет Продажи (за 60 дней)'!$P:$P,'ВБ Отчет Продажи (за 60 дней)'!$K:$K,"Екатеринбург - Перспективный 12",'ВБ Отчет Продажи (за 60 дней)'!$G:$G,$A6) -> 0 | AF6: =SUMIFS('ВБ Отчет Продажи (за 60 дней)'!$P:$P,'ВБ Отчет Продажи (за 60 дней)'!$K:$K,"Новосибирск",'ВБ Отчет Продажи (за 60 дней)'!$G:$G,$A6) -> 0 | AG6: =SUM(U6:AF6) -> 112 | AH6: =IFERROR(AG6*$R$1/R6,0) -> 610.90909 | AI6: =SUMIFS('ОЗОН Оборот ведом (за 60 дней)'!J:J,'ОЗОН Оборот ведом (за 60 дней)'!A:A,B6) -> 0 | AJ6: =AG6+AI6 -> 112 | AK6: {=IFERROR(_xlfn.IFS((F6-U6)>0,F6/$R$1*$AY$1-U6,F6+U6=0,"нов"),0)} -> 0 | AL6: {=IFERROR(_xlfn.IFS((G6-V6)>0,G6/$R$1*$AY$1-V6,G6+V6=0,"нов"),0)} -> 0 | AM6: {=IFERROR(_xlfn.IFS((H6-W6)>0,H6/$R$1*$AY$1-W6,H6+W6=0,"нов"),0)} -> нов | AN6: {=IFERROR(_xlfn.IFS((I6-X6)>0,I6/$R$1*$AY$1-X6,I6+X6=0,"нов"),0)} -> 2 | AO6: {=IFERROR(_xlfn.IFS((J6-Y6)>0,J6/$R$1*$AY$1-Y6,J6+Y6=0,"нов"),0)} -> 0 | AP6: {=IFERROR(_xlfn.IFS((K6-Z6)>0,K6/$R$1*$AY$1-Z6,K6+Z6=0,"нов"),0)} -> 0 | AQ6: {=IFERROR(_xlfn.IFS((L6-AA6)>0,L6/$R$1*$AY$1-AA6,L6+AA6=0,"нов"),0)} -> нов | AR6: {=IFERROR(_xlfn.IFS((M6-AB6)>0,M6/$R$1*$AY$1-AB6,M6+AB6=0,"нов"),0)} -> 0 | ... AV6: {=IFERROR(_xlfn.IFS((Q6-AF6)>0,Q6/$R$1*$AY$1-AF6,Q6+AF6=0,"нов"),0)} -> нов | AW6: =SUM(AK6:AV6) -> 2 | AX6: =SUMIF('ОЗОН Доступн товара'!D:D,_xlfn.XLOOKUP($B6,'ОЗОН Доступн товара'!$A:$A,'ОЗОН Доступн товара'!$D:$D,0)) -> 0 | AY6: =SUM(AW6:AX6) -> 2 | AZ6: =IF(AK6="нов","нов",ROUNDUP(AK6*1.3,0)) -> 0 | BA6: =IF(AL6="нов","нов",ROUNDUP(AL6*1.3,0)) -> 0 | BB6: =IF(AM6="нов","нов",ROUNDUP(AM6*1.3,0)) -> нов | BC6: =IF(AN6="нов","нов",ROUNDUP(AN6*1.3,0)) -> 3 | BD6: =IF(AO6="нов","нов",ROUNDUP(AO6*1.3,0)) -> 0 | BE6: =IF(AP6="нов","нов",ROUNDUP(AP6*1.3,0)) -> 0 | BF6: =IF(AQ6="нов","нов",ROUNDUP(AQ6*1.3,0)) -> нов | BG6: =IF(AR6="нов","нов",ROUNDUP(AR6*1.3,0)) -> 0 | ... BK6: =IF(AV6="нов","нов",ROUNDUP(AV6*1.3,0)) -> нов | BL6: =SUM(AZ6:BK6) -> 3 | BM6: =AX6*1.3 -> 0 | BN6: =SUM(BL6:BM6) -> 3 | BO6: =IFERROR(_xlfn.XLOOKUP(A6,'[2] Расчет стоимости и веса'!$I:$I,'[2] Расчет стоимости и веса'!$D:$D),0) -> 20 | BP6: =BO6 -> 20 | CB6: 20 | CE6: =SUM(BR6:CD6) -> 20 | CF6: =MAX(BO6,CE6)-BQ6 -> 20 | CG6: =BO6+BQ6-CE6 -> 0
A7: =[1]Юнит!A9 -> 176500218 | B7: =[1]Юнит!B9 -> 2138709303 | C7: =[1]Юнит!C9 -> AHMA1BW101BG | D7: =[1]Юнит!D9 -> Мешок для бюстгалтеров | E7: =[1]Юнит!E9 -> 2038597850744 | F7: =ROUNDUP(SUMIFS('ВБ Отчет Продажи (за 60 дней)'!$L:$L,'ВБ Отчет Продажи (за 60 дней)'!$K:$K,"Электросталь",'ВБ Отчет Продажи (за 60 дней)'!$G:$G,$A7),0) -> 8 | G7: =ROUNDUP(SUMIFS('ВБ Отчет Продажи (за 60 дней)'!$L:$L,'ВБ Отчет Продажи (за 60 дней)'!$K:$K,"Коледино",'ВБ Отчет Продажи (за 60 дней)'!$G:$G,$A7),0) -> 7 | H7: =ROUNDUP(SUMIFS('ВБ Отчет Продажи (за 60 дней)'!$L:$L,'ВБ Отчет Продажи (за 60 дней)'!$K:$K,"Тула",'ВБ Отчет Продажи (за 60 дней)'!$G:$G,$A7),0) -> 7 | I7: =ROUNDUP(SUMIFS('ВБ Отчет Продажи (за 60 дней)'!$L:$L,'ВБ Отчет Продажи (за 60 дней)'!$K:$K,"Рязань (Тюшевское)",'ВБ Отчет Продажи (за 60 дней)'!$G:$G,$A7),0) -> 0 | J7: =ROUNDUP(SUMIFS('ВБ Отчет Продажи (за 60 дней)'!$L:$L,'ВБ Отчет Продажи (за 60 дней)'!$K:$K,"Краснодар",'ВБ Отчет Продажи (за 60 дней)'!$G:$G,$A7),0) -> 0 | K7: =ROUNDUP(SUMIFS('ВБ Отчет Продажи (за 60 дней)'!$L:$L,'ВБ Отчет Продажи (за 60 дней)'!$K:$K,"Невинномысск",'ВБ Отчет Продажи (за 60 дней)'!$G:$G,$A7),0) -> 3 | L7: =ROUNDUP(SUMIFS('ВБ Отчет Продажи (за 60 дней)'!$L:$L,'ВБ Отчет Продажи (за 60 дней)'!$K:$K,"Волгоград",'ВБ Отчет Продажи (за 60 дней)'!$G:$G,$A7),0) -> 0 | M7: =ROUNDUP(SUMIFS('ВБ Отчет Продажи (за 60 дней)'!$L:$L,'ВБ Отчет Продажи (за 60 дней)'!$K:$K,"Самара (Новосемейкино)",'ВБ Отчет Продажи (за 60 дней)'!$G:$G,$A7),0) -> 4 | N7: =ROUNDUP(SUMIFS('ВБ Отчет Продажи (за 60 дней)'!$L:$L,'ВБ Отчет Продажи (за 60 дней)'!$K:$K,"Казань",'ВБ Отчет Продажи (за 60 дней)'!$G:$G,$A7),0) -> 0 | O7: =ROUNDUP(SUMIFS('ВБ Отчет Продажи (за 60 дней)'!$L:$L,'ВБ Отчет Продажи (за 60 дней)'!$K:$K,"СПБ Шушары",'ВБ Отчет Продажи (за 60 дней)'!$G:$G,$A7),0) -> 1 | P7: =ROUNDUP(SUMIFS('ВБ Отчет Продажи (за 60 дней)'!$L:$L,'ВБ Отчет Продажи (за 60 дней)'!$K:$K,"Екатеринбург - Перспективный 12",'ВБ Отчет Продажи (за 60 дней)'!$G:$G,$A7),0) -> 0 | Q7: =ROUNDUP(SUMIFS('ВБ Отчет Продажи (за 60 дней)'!$L:$L,'ВБ Отчет Продажи (за 60 дней)'!$K:$K,"Новосибирск",'ВБ Отчет Продажи (за 60 дней)'!$G:$G,$A7),0) -> 0 | R7: =SUM(F7:Q7) -> 30 | S7: =SUMIFS('ОЗОН Оборот ведом (за 60 дней)'!I:I,'ОЗОН Оборот ведом (за 60 дней)'!A:A,B7) -> 11 | T7: =SUM(R7:S7) -> 41 | U7: =SUMIFS('ВБ Отчет Продажи (за 60 дней)'!$P:$P,'ВБ Отчет Продажи (за 60 дней)'!$K:$K,"Электросталь",'ВБ Отчет Продажи (за 60 дней)'!$G:$G,$A7) -> 170 | V7: =SUMIFS('ВБ Отчет Продажи (за 60 дней)'!$P:$P,'ВБ Отчет Продажи (за 60 дней)'!$K:$K,"Коледино",'ВБ Отчет Продажи (за 60 дней)'!$G:$G,$A7) -> 11 | W7: =SUMIFS('ВБ Отчет Продажи (за 60 дней)'!$P:$P,'ВБ Отчет Продажи (за 60 дней)'!$K:$K,"Тула",'ВБ Отчет Продажи (за 60 дней)'!$G:$G,$A7) -> 20 | X7: =SUMIFS('ВБ Отчет Продажи (за 60 дней)'!$P:$P,'ВБ Отчет Продажи (за 60 дней)'!$K:$K,"Рязань (Тюшевское)",'ВБ Отчет Продажи (за 60 дней)'!$G:$G,$A7) -> 0 | Y7: =SUMIFS('ВБ Отчет Продажи (за 60 дней)'!$P:$P,'ВБ Отчет Продажи (за 60 дней)'!$K:$K,"Краснодар",'ВБ Отчет Продажи (за 60 дней)'!$G:$G,$A7) -> 0 | Z7: =SUMIFS('ВБ Отчет Продажи (за 60 дней)'!$P:$P,'ВБ Отчет Продажи (за 60 дней)'!$K:$K,"Невинномысск",'ВБ Отчет Продажи (за 60 дней)'!$G:$G,$A7) -> 50 | AA7: =SUMIFS('ВБ Отчет Продажи (за 60 дней)'!$P:$P,'ВБ Отчет Продажи (за 60 дней)'!$K:$K,"Волгоград",'ВБ Отчет Продажи (за 60 дней)'!$G:$G,$A7) -> 0 | AB7: =SUMIFS('ВБ Отчет Продажи (за 60 дней)'!$P:$P,'ВБ Отчет Продажи (за 60 дней)'!$K:$K,"Самара (Новосемейкино)",'ВБ Отчет Продажи (за 60 дней)'!$G:$G,$A7) -> 51 | AC7: =SUMIFS('ВБ Отчет Продажи (за 60 дней)'!$P:$P,'ВБ Отчет Продажи (за 60 дней)'!$K:$K,"Казань",'ВБ Отчет Продажи (за 60 дней)'!$G:$G,$A7) -> 0 | AD7: =SUMIFS('ВБ Отчет Продажи (за 60 дней)'!$P:$P,'ВБ Отчет Продажи (за 60 дней)'!$K:$K,"СПБ Шушары",'ВБ Отчет Продажи (за 60 дней)'!$G:$G,$A7) -> 11 | AE7: =SUMIFS('ВБ Отчет Продажи (за 60 дней)'!$P:$P,'ВБ Отчет Продажи (за 60 дней)'!$K:$K,"Екатеринбург - Перспективный 12",'ВБ Отчет Продажи (за 60 дней)'!$G:$G,$A7) -> 0 | AF7: =SUMIFS('ВБ Отчет Продажи (за 60 дней)'!$P:$P,'ВБ Отчет Продажи (за 60 дней)'!$K:$K,"Новосибирск",'ВБ Отчет Продажи (за 60 дней)'!$G:$G,$A7) -> 0 | AG7: =SUM(U7:AF7) -> 313 | AH7: =IFERROR(AG7*$R$1/R7,0) -> 626 | AI7: =SUMIFS('ОЗОН Оборот ведом (за 60 дней)'!J:J,'ОЗОН Оборот ведом (за 60 дней)'!A:A,B7) -> 3 | AJ7: =AG7+AI7 -> 316 | AK7: {=IFERROR(_xlfn.IFS((F7-U7)>0,F7/$R$1*$AY$1-U7,F7+U7=0,"нов"),0)} -> 0 | AL7: {=IFERROR(_xlfn.IFS((G7-V7)>0,G7/$R$1*$AY$1-V7,G7+V7=0,"нов"),0)} -> 0 | AM7: {=IFERROR(_xlfn.IFS((H7-W7)>0,H7/$R$1*$AY$1-W7,H7+W7=0,"нов"),0)} -> 0 | AN7: {=IFERROR(_xlfn.IFS((I7-X7)>0,I7/$R$1*$AY$1-X7,I7+X7=0,"нов"),0)} -> нов | AO7: {=IFERROR(_xlfn.IFS((J7-Y7)>0,J7/$R$1*$AY$1-Y7,J7+Y7=0,"нов"),0)} -> нов | AP7: {=IFERROR(_xlfn.IFS((K7-Z7)>0,K7/$R$1*$AY$1-Z7,K7+Z7=0,"нов"),0)} -> 0 | AQ7: {=IFERROR(_xlfn.IFS((L7-AA7)>0,L7/$R$1*$AY$1-AA7,L7+AA7=0,"нов"),0)} -> нов | AR7: {=IFERROR(_xlfn.IFS((M7-AB7)>0,M7/$R$1*$AY$1-AB7,M7+AB7=0,"нов"),0)} -> 0 | ... AV7: {=IFERROR(_xlfn.IFS((Q7-AF7)>0,Q7/$R$1*$AY$1-AF7,Q7+AF7=0,"нов"),0)} -> нов | AW7: =SUM(AK7:AV7) -> 0 | AX7: =SUMIF('ОЗОН Доступн товара'!D:D,_xlfn.XLOOKUP($B7,'ОЗОН Доступн товара'!$A:$A,'ОЗОН Доступн товара'!$D:$D,0)) -> 62 | AY7: =SUM(AW7:AX7) -> 62 | AZ7: =IF(AK7="нов","нов",ROUNDUP(AK7*1.3,0)) -> 0 | BA7: =IF(AL7="нов","нов",ROUNDUP(AL7*1.3,0)) -> 0 | BB7: =IF(AM7="нов","нов",ROUNDUP(AM7*1.3,0)) -> 0 | BC7: =IF(AN7="нов","нов",ROUNDUP(AN7*1.3,0)) -> нов | BD7: =IF(AO7="нов","нов",ROUNDUP(AO7*1.3,0)) -> нов | BE7: =IF(AP7="нов","нов",ROUNDUP(AP7*1.3,0)) -> 0 | BF7: =IF(AQ7="нов","нов",ROUNDUP(AQ7*1.3,0)) -> нов | BG7: =IF(AR7="нов","нов",ROUNDUP(AR7*1.3,0)) -> 0 | ... BK7: =IF(AV7="нов","нов",ROUNDUP(AV7*1.3,0)) -> нов | BL7: =SUM(AZ7:BK7) -> 0 | BM7: =AX7*1.3 -> 80.6 | BN7: =SUM(BL7:BM7) -> 80.6 | BO7: =IFERROR(_xlfn.XLOOKUP(A7,'[2] Расчет стоимости и веса'!$I:$I,'[2] Расчет стоимости и веса'!$D:$D),0) -> 20 | BP7: =BO7 -> 20 | CB7: 20 | CE7: =SUM(BR7:CD7) -> 20 | CF7: =MAX(BO7,CE7)-BQ7 -> 20 | CG7: =BO7+BQ7-CE7 -> 0
A8: =[1]Юнит!A10 -> 177404837 | B8: =[1]Юнит!B10 -> 2419349262 | C8: =[1]Юнит!C10 -> AHMA3BW101BG | D8: =[1]Юнит!D10 -> Мешки 3 шт. | E8: =[1]Юнит!E10 -> 2038627692689 | F8: =ROUNDUP(SUMIFS('ВБ Отчет Продажи (за 60 дней)'!$L:$L,'ВБ Отчет Продажи (за 60 дней)'!$K:$K,"Электросталь",'ВБ Отчет Продажи (за 60 дней)'!$G:$G,$A8),0) -> 1 | G8: =ROUNDUP(SUMIFS('ВБ Отчет Продажи (за 60 дней)'!$L:$L,'ВБ Отчет Продажи (за 60 дней)'!$K:$K,"Коледино",'ВБ Отчет Продажи (за 60 дней)'!$G:$G,$A8),0) -> 1 | H8: =ROUNDUP(SUMIFS('ВБ Отчет Продажи (за 60 дней)'!$L:$L,'ВБ Отчет Продажи (за 60 дней)'!$K:$K,"Тула",'ВБ Отчет Продажи (за 60 дней)'!$G:$G,$A8),0) -> 1 | I8: =ROUNDUP(SUMIFS('ВБ Отчет Продажи (за 60 дней)'!$L:$L,'ВБ Отчет Продажи (за 60 дней)'!$K:$K,"Рязань (Тюшевское)",'ВБ Отчет Продажи (за 60 дней)'!$G:$G,$A8),0) -> 0 | J8: =ROUNDUP(SUMIFS('ВБ Отчет Продажи (за 60 дней)'!$L:$L,'ВБ Отчет Продажи (за 60 дней)'!$K:$K,"Краснодар",'ВБ Отчет Продажи (за 60 дней)'!$G:$G,$A8),0) -> 1 | K8: =ROUNDUP(SUMIFS('ВБ Отчет Продажи (за 60 дней)'!$L:$L,'ВБ Отчет Продажи (за 60 дней)'!$K:$K,"Невинномысск",'ВБ Отчет Продажи (за 60 дней)'!$G:$G,$A8),0) -> 0 | L8: =ROUNDUP(SUMIFS('ВБ Отчет Продажи (за 60 дней)'!$L:$L,'ВБ Отчет Продажи (за 60 дней)'!$K:$K,"Волгоград",'ВБ Отчет Продажи (за 60 дней)'!$G:$G,$A8),0) -> 1 | M8: =ROUNDUP(SUMIFS('ВБ Отчет Продажи (за 60 дней)'!$L:$L,'ВБ Отчет Продажи (за 60 дней)'!$K:$K,"Самара (Новосемейкино)",'ВБ Отчет Продажи (за 60 дней)'!$G:$G,$A8),0) -> 1 | N8: =ROUNDUP(SUMIFS('ВБ Отчет Продажи (за 60 дней)'!$L:$L,'ВБ Отчет Продажи (за 60 дней)'!$K:$K,"Казань",'ВБ Отчет Продажи (за 60 дней)'!$G:$G,$A8),0) -> 2 | O8: =ROUNDUP(SUMIFS('ВБ Отчет Продажи (за 60 дней)'!$L:$L,'ВБ Отчет Продажи (за 60 дней)'!$K:$K,"СПБ Шушары",'ВБ Отчет Продажи (за 60 дней)'!$G:$G,$A8),0) -> 0 | P8: =ROUNDUP(SUMIFS('ВБ Отчет Продажи (за 60 дней)'!$L:$L,'ВБ Отчет Продажи (за 60 дней)'!$K:$K,"Екатеринбург - Перспективный 12",'ВБ Отчет Продажи (за 60 дней)'!$G:$G,$A8),0) -> 0 | Q8: =ROUNDUP(SUMIFS('ВБ Отчет Продажи (за 60 дней)'!$L:$L,'ВБ Отчет Продажи (за 60 дней)'!$K:$K,"Новосибирск",'ВБ Отчет Продажи (за 60 дней)'!$G:$G,$A8),0) -> 0 | R8: =SUM(F8:Q8) -> 8 | S8: =SUMIFS('ОЗОН Оборот ведом (за 60 дней)'!I:I,'ОЗОН Оборот ведом (за 60 дней)'!A:A,B8) -> 20 | T8: =SUM(R8:S8) -> 28 | U8: =SUMIFS('ВБ Отчет Продажи (за 60 дней)'!$P:$P,'ВБ Отчет Продажи (за 60 дней)'!$K:$K,"Электросталь",'ВБ Отчет Продажи (за 60 дней)'!$G:$G,$A8) -> 29 | V8: =SUMIFS('ВБ Отчет Продажи (за 60 дней)'!$P:$P,'ВБ Отчет Продажи (за 60 дней)'!$K:$K,"Коледино",'ВБ Отчет Продажи (за 60 дней)'!$G:$G,$A8) -> 10 | W8: =SUMIFS('ВБ Отчет Продажи (за 60 дней)'!$P:$P,'ВБ Отчет Продажи (за 60 дней)'!$K:$K,"Тула",'ВБ Отчет Продажи (за 60 дней)'!$G:$G,$A8) -> 6 | X8: =SUMIFS('ВБ Отчет Продажи (за 60 дней)'!$P:$P,'ВБ Отчет Продажи (за 60 дней)'!$K:$K,"Рязань (Тюшевское)",'ВБ Отчет Продажи (за 60 дней)'!$G:$G,$A8) -> 15 | Y8: =SUMIFS('ВБ Отчет Продажи (за 60 дней)'!$P:$P,'ВБ Отчет Продажи (за 60 дней)'!$K:$K,"Краснодар",'ВБ Отчет Продажи (за 60 дней)'!$G:$G,$A8) -> 3 | Z8: =SUMIFS('ВБ Отчет Продажи (за 60 дней)'!$P:$P,'ВБ Отчет Продажи (за 60 дней)'!$K:$K,"Невинномысск",'ВБ Отчет Продажи (за 60 дней)'!$G:$G,$A8) -> 43 | AA8: =SUMIFS('ВБ Отчет Продажи (за 60 дней)'!$P:$P,'ВБ Отчет Продажи (за 60 дней)'!$K:$K,"Волгоград",'ВБ Отчет Продажи (за 60 дней)'!$G:$G,$A8) -> 0 | AB8: =SUMIFS('ВБ Отчет Продажи (за 60 дней)'!$P:$P,'ВБ Отчет Продажи (за 60 дней)'!$K:$K,"Самара (Новосемейкино)",'ВБ Отчет Продажи (за 60 дней)'!$G:$G,$A8) -> 44 | AC8: =SUMIFS('ВБ Отчет Продажи (за 60 дней)'!$P:$P,'ВБ Отчет Продажи (за 60 дней)'!$K:$K,"Казань",'ВБ Отчет Продажи (за 60 дней)'!$G:$G,$A8) -> 1 | AD8: =SUMIFS('ВБ Отчет Продажи (за 60 дней)'!$P:$P,'ВБ Отчет Продажи (за 60 дней)'!$K:$K,"СПБ Шушары",'ВБ Отчет Продажи (за 60 дней)'!$G:$G,$A8) -> 0 | AE8: =SUMIFS('ВБ Отчет Продажи (за 60 дней)'!$P:$P,'ВБ Отчет Продажи (за 60 дней)'!$K:$K,"Екатеринбург - Перспективный 12",'ВБ Отчет Продажи (за 60 дней)'!$G:$G,$A8) -> 0 | AF8: =SUMIFS('ВБ Отчет Продажи (за 60 дней)'!$P:$P,'ВБ Отчет Продажи (за 60 дней)'!$K:$K,"Новосибирск",'ВБ Отчет Продажи (за 60 дней)'!$G:$G,$A8) -> 0 | AG8: =SUM(U8:AF8) -> 151 | AH8: =IFERROR(AG8*$R$1/R8,0) -> 1132.5 | AI8: =SUMIFS('ОЗОН Оборот ведом (за 60 дней)'!J:J,'ОЗОН Оборот ведом (за 60 дней)'!A:A,B8) -> 4 | AJ8: =AG8+AI8 -> 155 | AK8: {=IFERROR(_xlfn.IFS((F8-U8)>0,F8/$R$1*$AY$1-U8,F8+U8=0,"нов"),0)} -> 0 | AL8: {=IFERROR(_xlfn.IFS((G8-V8)>0,G8/$R$1*$AY$1-V8,G8+V8=0,"нов"),0)} -> 0 | AM8: {=IFERROR(_xlfn.IFS((H8-W8)>0,H8/$R$1*$AY$1-W8,H8+W8=0,"нов"),0)} -> 0 | AN8: {=IFERROR(_xlfn.IFS((I8-X8)>0,I8/$R$1*$AY$1-X8,I8+X8=0,"нов"),0)} -> 0 | AO8: {=IFERROR(_xlfn.IFS((J8-Y8)>0,J8/$R$1*$AY$1-Y8,J8+Y8=0,"нов"),0)} -> 0 | AP8: {=IFERROR(_xlfn.IFS((K8-Z8)>0,K8/$R$1*$AY$1-Z8,K8+Z8=0,"нов"),0)} -> 0 | AQ8: {=IFERROR(_xlfn.IFS((L8-AA8)>0,L8/$R$1*$AY$1-AA8,L8+AA8=0,"нов"),0)} -> 1 | AR8: {=IFERROR(_xlfn.IFS((M8-AB8)>0,M8/$R$1*$AY$1-AB8,M8+AB8=0,"нов"),0)} -> 0 | ... AV8: {=IFERROR(_xlfn.IFS((Q8-AF8)>0,Q8/$R$1*$AY$1-AF8,Q8+AF8=0,"нов"),0)} -> нов | AW8: =SUM(AK8:AV8) -> 2 | AX8: =SUMIF('ОЗОН Доступн товара'!D:D,_xlfn.XLOOKUP($B8,'ОЗОН Доступн товара'!$A:$A,'ОЗОН Доступн товара'!$D:$D,0)) -> 62 | AY8: =SUM(AW8:AX8) -> 64 | AZ8: =IF(AK8="нов","нов",ROUNDUP(AK8*1.3,0)) -> 0 | BA8: =IF(AL8="нов","нов",ROUNDUP(AL8*1.3,0)) -> 0 | BB8: =IF(AM8="нов","нов",ROUNDUP(AM8*1.3,0)) -> 0 | BC8: =IF(AN8="нов","нов",ROUNDUP(AN8*1.3,0)) -> 0 | BD8: =IF(AO8="нов","нов",ROUNDUP(AO8*1.3,0)) -> 0 | BE8: =IF(AP8="нов","нов",ROUNDUP(AP8*1.3,0)) -> 0 | BF8: =IF(AQ8="нов","нов",ROUNDUP(AQ8*1.3,0)) -> 2 | BG8: =IF(AR8="нов","нов",ROUNDUP(AR8*1.3,0)) -> 0 | ... BK8: =IF(AV8="нов","нов",ROUNDUP(AV8*1.3,0)) -> нов | BL8: =SUM(AZ8:BK8) -> 4 | BM8: =AX8*1.3 -> 80.6 | BN8: =SUM(BL8:BM8) -> 84.6 | BO8: =IFERROR(_xlfn.XLOOKUP(A8,'[2] Расчет стоимости и веса'!$I:$I,'[2] Расчет стоимости и веса'!$D:$D),0) -> 0 | BP8: =BO8*3 -> 0 | CE8: =SUM(BR8:CD8) -> 0 | CF8: =MAX(BO8,CE8)-BQ8 -> 0 | CG8: =BO8+BQ8-CE8 -> 0
A9: =[1]Юнит!A11 -> 177405495 | B9: =[1]Юнит!B11 -> 2576041357 | C9: =[1]Юнит!C11 -> AHMA3BW102BG | D9: =[1]Юнит!D11 -> Мешки/деликат 3 шт. | E9: =[1]Юнит!E11 -> 2038627713902 | F9: =ROUNDUP(SUMIFS('ВБ Отчет Продажи (за 60 дней)'!$L:$L,'ВБ Отчет Продажи (за 60 дней)'!$K:$K,"Электросталь",'ВБ Отчет Продажи (за 60 дней)'!$G:$G,$A9),0) -> 2 | G9: =ROUNDUP(SUMIFS('ВБ Отчет Продажи (за 60 дней)'!$L:$L,'ВБ Отчет Продажи (за 60 дней)'!$K:$K,"Коледино",'ВБ Отчет Продажи (за 60 дней)'!$G:$G,$A9),0) -> 2 | H9: =ROUNDUP(SUMIFS('ВБ Отчет Продажи (за 60 дней)'!$L:$L,'ВБ Отчет Продажи (за 60 дней)'!$K:$K,"Тула",'ВБ Отчет Продажи (за 60 дней)'!$G:$G,$A9),0) -> 0 | I9: =ROUNDUP(SUMIFS('ВБ Отчет Продажи (за 60 дней)'!$L:$L,'ВБ Отчет Продажи (за 60 дней)'!$K:$K,"Рязань (Тюшевское)",'ВБ Отчет Продажи (за 60 дней)'!$G:$G,$A9),0) -> 0 | J9: =ROUNDUP(SUMIFS('ВБ Отчет Продажи (за 60 дней)'!$L:$L,'ВБ Отчет Продажи (за 60 дней)'!$K:$K,"Краснодар",'ВБ Отчет Продажи (за 60 дней)'!$G:$G,$A9),0) -> 0 | K9: =ROUNDUP(SUMIFS('ВБ Отчет Продажи (за 60 дней)'!$L:$L,'ВБ Отчет Продажи (за 60 дней)'!$K:$K,"Невинномысск",'ВБ Отчет Продажи (за 60 дней)'!$G:$G,$A9),0) -> 0 | L9: =ROUNDUP(SUMIFS('ВБ Отчет Продажи (за 60 дней)'!$L:$L,'ВБ Отчет Продажи (за 60 дней)'!$K:$K,"Волгоград",'ВБ Отчет Продажи (за 60 дней)'!$G:$G,$A9),0) -> 0 | M9: =ROUNDUP(SUMIFS('ВБ Отчет Продажи (за 60 дней)'!$L:$L,'ВБ Отчет Продажи (за 60 дней)'!$K:$K,"Самара (Новосемейкино)",'ВБ Отчет Продажи (за 60 дней)'!$G:$G,$A9),0) -> 1 | N9: =ROUNDUP(SUMIFS('ВБ Отчет Продажи (за 60 дней)'!$L:$L,'ВБ Отчет Продажи (за 60 дней)'!$K:$K,"Казань",'ВБ Отчет Продажи (за 60 дней)'!$G:$G,$A9),0) -> 0 | O9: =ROUNDUP(SUMIFS('ВБ Отчет Продажи (за 60 дней)'!$L:$L,'ВБ Отчет Продажи (за 60 дней)'!$K:$K,"СПБ Шушары",'ВБ Отчет Продажи (за 60 дней)'!$G:$G,$A9),0) -> 0 | P9: =ROUNDUP(SUMIFS('ВБ Отчет Продажи (за 60 дней)'!$L:$L,'ВБ Отчет Продажи (за 60 дней)'!$K:$K,"Екатеринбург - Перспективный 12",'ВБ Отчет Продажи (за 60 дней)'!$G:$G,$A9),0) -> 0 | Q9: =ROUNDUP(SUMIFS('ВБ Отчет Продажи (за 60 дней)'!$L:$L,'ВБ Отчет Продажи (за 60 дней)'!$K:$K,"Новосибирск",'ВБ Отчет Продажи (за 60 дней)'!$G:$G,$A9),0) -> 0 | R9: =SUM(F9:Q9) -> 5 | S9: =SUMIFS('ОЗОН Оборот ведом (за 60 дней)'!I:I,'ОЗОН Оборот ведом (за 60 дней)'!A:A,B9) -> 1 | T9: =SUM(R9:S9) -> 6 | U9: =SUMIFS('ВБ Отчет Продажи (за 60 дней)'!$P:$P,'ВБ Отчет Продажи (за 60 дней)'!$K:$K,"Электросталь",'ВБ Отчет Продажи (за 60 дней)'!$G:$G,$A9) -> 62 | V9: =SUMIFS('ВБ Отчет Продажи (за 60 дней)'!$P:$P,'ВБ Отчет Продажи (за 60 дней)'!$K:$K,"Коледино",'ВБ Отчет Продажи (за 60 дней)'!$G:$G,$A9) -> 18 | W9: =SUMIFS('ВБ Отчет Продажи (за 60 дней)'!$P:$P,'ВБ Отчет Продажи (за 60 дней)'!$K:$K,"Тула",'ВБ Отчет Продажи (за 60 дней)'!$G:$G,$A9) -> 0 | X9: =SUMIFS('ВБ Отчет Продажи (за 60 дней)'!$P:$P,'ВБ Отчет Продажи (за 60 дней)'!$K:$K,"Рязань (Тюшевское)",'ВБ Отчет Продажи (за 60 дней)'!$G:$G,$A9) -> 9 | Y9: =SUMIFS('ВБ Отчет Продажи (за 60 дней)'!$P:$P,'ВБ Отчет Продажи (за 60 дней)'!$K:$K,"Краснодар",'ВБ Отчет Продажи (за 60 дней)'!$G:$G,$A9) -> 14 | Z9: =SUMIFS('ВБ Отчет Продажи (за 60 дней)'!$P:$P,'ВБ Отчет Продажи (за 60 дней)'!$K:$K,"Невинномысск",'ВБ Отчет Продажи (за 60 дней)'!$G:$G,$A9) -> 45 | AA9: =SUMIFS('ВБ Отчет Продажи (за 60 дней)'!$P:$P,'ВБ Отчет Продажи (за 60 дней)'!$K:$K,"Волгоград",'ВБ Отчет Продажи (за 60 дней)'!$G:$G,$A9) -> 0 | AB9: =SUMIFS('ВБ Отчет Продажи (за 60 дней)'!$P:$P,'ВБ Отчет Продажи (за 60 дней)'!$K:$K,"Самара (Новосемейкино)",'ВБ Отчет Продажи (за 60 дней)'!$G:$G,$A9) -> 52 | AC9: =SUMIFS('ВБ Отчет Продажи (за 60 дней)'!$P:$P,'ВБ Отчет Продажи (за 60 дней)'!$K:$K,"Казань",'ВБ Отчет Продажи (за 60 дней)'!$G:$G,$A9) -> 0 | AD9: =SUMIFS('ВБ Отчет Продажи (за 60 дней)'!$P:$P,'ВБ Отчет Продажи (за 60 дней)'!$K:$K,"СПБ Шушары",'ВБ Отчет Продажи (за 60 дней)'!$G:$G,$A9) -> 0 | AE9: =SUMIFS('ВБ Отчет Продажи (за 60 дней)'!$P:$P,'ВБ Отчет Продажи (за 60 дней)'!$K:$K,"Екатеринбург - Перспективный 12",'ВБ Отчет Продажи (за 60 дней)'!$G:$G,$A9) -> 0 | AF9: =SUMIFS('ВБ Отчет Продажи (за 60 дней)'!$P:$P,'ВБ Отчет Продажи (за 60 дней)'!$K:$K,"Новосибирск",'ВБ Отчет Продажи (за 60 дней)'!$G:$G,$A9) -> 0 | AG9: =SUM(U9:AF9) -> 200 | AH9: =IFERROR(AG9*$R$1/R9,0) -> 2400 | AI9: =SUMIFS('ОЗОН Оборот ведом (за 60 дней)'!J:J,'ОЗОН Оборот ведом (за 60 дней)'!A:A,B9) -> 0 | AJ9: =AG9+AI9 -> 200 | AK9: {=IFERROR(_xlfn.IFS((F9-U9)>0,F9/$R$1*$AY$1-U9,F9+U9=0,"нов"),0)} -> 0 | AL9: {=IFERROR(_xlfn.IFS((G9-V9)>0,G9/$R$1*$AY$1-V9,G9+V9=0,"нов"),0)} -> 0 | AM9: {=IFERROR(_xlfn.IFS((H9-W9)>0,H9/$R$1*$AY$1-W9,H9+W9=0,"нов"),0)} -> нов | AN9: {=IFERROR(_xlfn.IFS((I9-X9)>0,I9/$R$1*$AY$1-X9,I9+X9=0,"нов"),0)} -> 0 | AO9: {=IFERROR(_xlfn.IFS((J9-Y9)>0,J9/$R$1*$AY$1-Y9,J9+Y9=0,"нов"),0)} -> 0 | AP9: {=IFERROR(_xlfn.IFS((K9-Z9)>0,K9/$R$1*$AY$1-Z9,K9+Z9=0,"нов"),0)} -> 0 | AQ9: {=IFERROR(_xlfn.IFS((L9-AA9)>0,L9/$R$1*$AY$1-AA9,L9+AA9=0,"нов"),0)} -> нов | AR9: {=IFERROR(_xlfn.IFS((M9-AB9)>0,M9/$R$1*$AY$1-AB9,M9+AB9=0,"нов"),0)} -> 0 | ... AV9: {=IFERROR(_xlfn.IFS((Q9-AF9)>0,Q9/$R$1*$AY$1-AF9,Q9+AF9=0,"нов"),0)} -> нов | AW9: =SUM(AK9:AV9) -> 0 | AX9: =SUMIF('ОЗОН Доступн товара'!D:D,_xlfn.XLOOKUP($B9,'ОЗОН Доступн товара'!$A:$A,'ОЗОН Доступн товара'!$D:$D,0)) -> 0 | AY9: =SUM(AW9:AX9) -> 0 | AZ9: =IF(AK9="нов","нов",ROUNDUP(AK9*1.3,0)) -> 0 | BA9: =IF(AL9="нов","нов",ROUNDUP(AL9*1.3,0)) -> 0 | BB9: =IF(AM9="нов","нов",ROUNDUP(AM9*1.3,0)) -> нов | BC9: =IF(AN9="нов","нов",ROUNDUP(AN9*1.3,0)) -> 0 | BD9: =IF(AO9="нов","нов",ROUNDUP(AO9*1.3,0)) -> 0 | BE9: =IF(AP9="нов","нов",ROUNDUP(AP9*1.3,0)) -> 0 | BF9: =IF(AQ9="нов","нов",ROUNDUP(AQ9*1.3,0)) -> нов | BG9: =IF(AR9="нов","нов",ROUNDUP(AR9*1.3,0)) -> 0 | ... BK9: =IF(AV9="нов","нов",ROUNDUP(AV9*1.3,0)) -> нов | BL9: =SUM(AZ9:BK9) -> 0 | BM9: =AX9*1.3 -> 0 | BN9: =SUM(BL9:BM9) -> 0 | BO9: =IFERROR(_xlfn.XLOOKUP(A9,'[2] Расчет стоимости и веса'!$I:$I,'[2] Расчет стоимости и веса'!$D:$D),0) -> 40 | BP9: =BO9*3 -> 120 | CA9: 20 | CB9: 20 | CE9: =SUM(BR9:CD9) -> 40 | CF9: =MAX(BO9,CE9)-BQ9 -> 40 | CG9: =BO9+BQ9-CE9 -> 0
A10: =[1]Юнит!A12 -> 176721350 | B10: =[1]Юнит!B12 -> 2419349585 | C10: =[1]Юнит!C12 -> AHMA3BW201WH | D10: =[1]Юнит!D12 -> Мешки/шнурок мелк 3 шт. | E10: =[1]Юнит!E12 -> 2038606201642 | F10: =ROUNDUP(SUMIFS('ВБ Отчет Продажи (за 60 дней)'!$L:$L,'ВБ Отчет Продажи (за 60 дней)'!$K:$K,"Электросталь",'ВБ Отчет Продажи (за 60 дней)'!$G:$G,$A10),0) -> 6 | G10: =ROUNDUP(SUMIFS('ВБ Отчет Продажи (за 60 дней)'!$L:$L,'ВБ Отчет Продажи (за 60 дней)'!$K:$K,"Коледино",'ВБ Отчет Продажи (за 60 дней)'!$G:$G,$A10),0) -> 7 | H10: =ROUNDUP(SUMIFS('ВБ Отчет Продажи (за 60 дней)'!$L:$L,'ВБ Отчет Продажи (за 60 дней)'!$K:$K,"Тула",'ВБ Отчет Продажи (за 60 дней)'!$G:$G,$A10),0) -> 0 | I10: =ROUNDUP(SUMIFS('ВБ Отчет Продажи (за 60 дней)'!$L:$L,'ВБ Отчет Продажи (за 60 дней)'!$K:$K,"Рязань (Тюшевское)",'ВБ Отчет Продажи (за 60 дней)'!$G:$G,$A10),0) -> 1 | J10: =ROUNDUP(SUMIFS('ВБ Отчет Продажи (за 60 дней)'!$L:$L,'ВБ Отчет Продажи (за 60 дней)'!$K:$K,"Краснодар",'ВБ Отчет Продажи (за 60 дней)'!$G:$G,$A10),0) -> 2 | K10: =ROUNDUP(SUMIFS('ВБ Отчет Продажи (за 60 дней)'!$L:$L,'ВБ Отчет Продажи (за 60 дней)'!$K:$K,"Невинномысск",'ВБ Отчет Продажи (за 60 дней)'!$G:$G,$A10),0) -> 0 | L10: =ROUNDUP(SUMIFS('ВБ Отчет Продажи (за 60 дней)'!$L:$L,'ВБ Отчет Продажи (за 60 дней)'!$K:$K,"Волгоград",'ВБ Отчет Продажи (за 60 дней)'!$G:$G,$A10),0) -> 0 | M10: =ROUNDUP(SUMIFS('ВБ Отчет Продажи (за 60 дней)'!$L:$L,'ВБ Отчет Продажи (за 60 дней)'!$K:$K,"Самара (Новосемейкино)",'ВБ Отчет Продажи (за 60 дней)'!$G:$G,$A10),0) -> 0 | N10: =ROUNDUP(SUMIFS('ВБ Отчет Продажи (за 60 дней)'!$L:$L,'ВБ Отчет Продажи (за 60 дней)'!$K:$K,"Казань",'ВБ Отчет Продажи (за 60 дней)'!$G:$G,$A10),0) -> 0 | O10: =ROUNDUP(SUMIFS('ВБ Отчет Продажи (за 60 дней)'!$L:$L,'ВБ Отчет Продажи (за 60 дней)'!$K:$K,"СПБ Шушары",'ВБ Отчет Продажи (за 60 дней)'!$G:$G,$A10),0) -> 0 | P10: =ROUNDUP(SUMIFS('ВБ Отчет Продажи (за 60 дней)'!$L:$L,'ВБ Отчет Продажи (за 60 дней)'!$K:$K,"Екатеринбург - Перспективный 12",'ВБ Отчет Продажи (за 60 дней)'!$G:$G,$A10),0) -> 0 | Q10: =ROUNDUP(SUMIFS('ВБ Отчет Продажи (за 60 дней)'!$L:$L,'ВБ Отчет Продажи (за 60 дней)'!$K:$K,"Новосибирск",'ВБ Отчет Продажи (за 60 дней)'!$G:$G,$A10),0) -> 0 | R10: =SUM(F10:Q10) -> 16 | S10: =SUMIFS('ОЗОН Оборот ведом (за 60 дней)'!I:I,'ОЗОН Оборот ведом (за 60 дней)'!A:A,B10) -> 6 | T10: =SUM(R10:S10) -> 22 | U10: =SUMIFS('ВБ Отчет Продажи (за 60 дней)'!$P:$P,'ВБ Отчет Продажи (за 60 дней)'!$K:$K,"Электросталь",'ВБ Отчет Продажи (за 60 дней)'!$G:$G,$A10) -> 85 | V10: =SUMIFS('ВБ Отчет Продажи (за 60 дней)'!$P:$P,'ВБ Отчет Продажи (за 60 дней)'!$K:$K,"Коледино",'ВБ Отчет Продажи (за 60 дней)'!$G:$G,$A10) -> 49 | W10: =SUMIFS('ВБ Отчет Продажи (за 60 дней)'!$P:$P,'ВБ Отчет Продажи (за 60 дней)'!$K:$K,"Тула",'ВБ Отчет Продажи (за 60 дней)'!$G:$G,$A10) -> 0 | X10: =SUMIFS('ВБ Отчет Продажи (за 60 дней)'!$P:$P,'ВБ Отчет Продажи (за 60 дней)'!$K:$K,"Рязань (Тюшевское)",'ВБ Отчет Продажи (за 60 дней)'!$G:$G,$A10) -> 0 | Y10: =SUMIFS('ВБ Отчет Продажи (за 60 дней)'!$P:$P,'ВБ Отчет Продажи (за 60 дней)'!$K:$K,"Краснодар",'ВБ Отчет Продажи (за 60 дней)'!$G:$G,$A10) -> 7 | Z10: =SUMIFS('ВБ Отчет Продажи (за 60 дней)'!$P:$P,'ВБ Отчет Продажи (за 60 дней)'!$K:$K,"Невинномысск",'ВБ Отчет Продажи (за 60 дней)'!$G:$G,$A10) -> 27 | AA10: =SUMIFS('ВБ Отчет Продажи (за 60 дней)'!$P:$P,'ВБ Отчет Продажи (за 60 дней)'!$K:$K,"Волгоград",'ВБ Отчет Продажи (за 60 дней)'!$G:$G,$A10) -> 0 | AB10: =SUMIFS('ВБ Отчет Продажи (за 60 дней)'!$P:$P,'ВБ Отчет Продажи (за 60 дней)'!$K:$K,"Самара (Новосемейкино)",'ВБ Отчет Продажи (за 60 дней)'!$G:$G,$A10) -> 48 | AC10: =SUMIFS('ВБ Отчет Продажи (за 60 дней)'!$P:$P,'ВБ Отчет Продажи (за 60 дней)'!$K:$K,"Казань",'ВБ Отчет Продажи (за 60 дней)'!$G:$G,$A10) -> 0 | AD10: =SUMIFS('ВБ Отчет Продажи (за 60 дней)'!$P:$P,'ВБ Отчет Продажи (за 60 дней)'!$K:$K,"СПБ Шушары",'ВБ Отчет Продажи (за 60 дней)'!$G:$G,$A10) -> 0 | AE10: =SUMIFS('ВБ Отчет Продажи (за 60 дней)'!$P:$P,'ВБ Отчет Продажи (за 60 дней)'!$K:$K,"Екатеринбург - Перспективный 12",'ВБ Отчет Продажи (за 60 дней)'!$G:$G,$A10) -> 0 | AF10: =SUMIFS('ВБ Отчет Продажи (за 60 дней)'!$P:$P,'ВБ Отчет Продажи (за 60 дней)'!$K:$K,"Новосибирск",'ВБ Отчет Продажи (за 60 дней)'!$G:$G,$A10) -> 0 | AG10: =SUM(U10:AF10) -> 216 | AH10: =IFERROR(AG10*$R$1/R10,0) -> 810 | AI10: =SUMIFS('ОЗОН Оборот ведом (за 60 дней)'!J:J,'ОЗОН Оборот ведом (за 60 дней)'!A:A,B10) -> 18 | AJ10: =AG10+AI10 -> 234 | AK10: {=IFERROR(_xlfn.IFS((F10-U10)>0,F10/$R$1*$AY$1-U10,F10+U10=0,"нов"),0)} -> 0 | AL10: {=IFERROR(_xlfn.IFS((G10-V10)>0,G10/$R$1*$AY$1-V10,G10+V10=0,"нов"),0)} -> 0 | AM10: {=IFERROR(_xlfn.IFS((H10-W10)>0,H10/$R$1*$AY$1-W10,H10+W10=0,"нов"),0)} -> нов | AN10: {=IFERROR(_xlfn.IFS((I10-X10)>0,I10/$R$1*$AY$1-X10,I10+X10=0,"нов"),0)} -> 1 | AO10: {=IFERROR(_xlfn.IFS((J10-Y10)>0,J10/$R$1*$AY$1-Y10,J10+Y10=0,"нов"),0)} -> 0 | AP10: {=IFERROR(_xlfn.IFS((K10-Z10)>0,K10/$R$1*$AY$1-Z10,K10+Z10=0,"нов"),0)} -> 0 | AQ10: {=IFERROR(_xlfn.IFS((L10-AA10)>0,L10/$R$1*$AY$1-AA10,L10+AA10=0,"нов"),0)} -> нов | AR10: {=IFERROR(_xlfn.IFS((M10-AB10)>0,M10/$R$1*$AY$1-AB10,M10+AB10=0,"нов"),0)} -> 0 | ... AV10: {=IFERROR(_xlfn.IFS((Q10-AF10)>0,Q10/$R$1*$AY$1-AF10,Q10+AF10=0,"нов"),0)} -> нов | AW10: =SUM(AK10:AV10) -> 1 | AX10: =SUMIF('ОЗОН Доступн товара'!D:D,_xlfn.XLOOKUP($B10,'ОЗОН Доступн товара'!$A:$A,'ОЗОН Доступн товара'!$D:$D,0)) -> 0 | AY10: =SUM(AW10:AX10) -> 1 | AZ10: =IF(AK10="нов","нов",ROUNDUP(AK10*1.3,0)) -> 0 | BA10: =IF(AL10="нов","нов",ROUNDUP(AL10*1.3,0)) -> 0 | BB10: =IF(AM10="нов","нов",ROUNDUP(AM10*1.3,0)) -> нов | BC10: =IF(AN10="нов","нов",ROUNDUP(AN10*1.3,0)) -> 2 | BD10: =IF(AO10="нов","нов",ROUNDUP(AO10*1.3,0)) -> 0 | BE10: =IF(AP10="нов","нов",ROUNDUP(AP10*1.3,0)) -> 0 | BF10: =IF(AQ10="нов","нов",ROUNDUP(AQ10*1.3,0)) -> нов | BG10: =IF(AR10="нов","нов",ROUNDUP(AR10*1.3,0)) -> 0 | ... BK10: =IF(AV10="нов","нов",ROUNDUP(AV10*1.3,0)) -> нов | BL10: =SUM(AZ10:BK10) -> 2 | BM10: =AX10*1.3 -> 0 | BN10: =SUM(BL10:BM10) -> 2 | BO10: =IFERROR(_xlfn.XLOOKUP(A10,'[2] Расчет стоимости и веса'!$I:$I,'[2] Расчет стоимости и веса'!$D:$D),0) -> 40 | BP10: =BO10*3 -> 120 | CA10: 20 | CB10: 20 | CE10: =SUM(BR10:CD10) -> 40 | CF10: =MAX(BO10,CE10)-BQ10 -> 40 | CG10: =BO10+BQ10-CE10 -> 0
A11: =[1]Юнит!A13 -> 176723275 | B11: =[1]Юнит!B13 -> 2419349501 | C11: =[1]Юнит!C13 -> AHMA3BW202WH | D11: =[1]Юнит!D13 -> Мешки/шнурок крупн 3 шт. | E11: =[1]Юнит!E13 -> 2038606256161 | F11: =ROUNDUP(SUMIFS('ВБ Отчет Продажи (за 60 дней)'!$L:$L,'ВБ Отчет Продажи (за 60 дней)'!$K:$K,"Электросталь",'ВБ Отчет Продажи (за 60 дней)'!$G:$G,$A11),0) -> 31 | G11: =ROUNDUP(SUMIFS('ВБ Отчет Продажи (за 60 дней)'!$L:$L,'ВБ Отчет Продажи (за 60 дней)'!$K:$K,"Коледино",'ВБ Отчет Продажи (за 60 дней)'!$G:$G,$A11),0) -> 0 | H11: =ROUNDUP(SUMIFS('ВБ Отчет Продажи (за 60 дней)'!$L:$L,'ВБ Отчет Продажи (за 60 дней)'!$K:$K,"Тула",'ВБ Отчет Продажи (за 60 дней)'!$G:$G,$A11),0) -> 1 | I11: =ROUNDUP(SUMIFS('ВБ Отчет Продажи (за 60 дней)'!$L:$L,'ВБ Отчет Продажи (за 60 дней)'!$K:$K,"Рязань (Тюшевское)",'ВБ Отчет Продажи (за 60 дней)'!$G:$G,$A11),0) -> 1 | J11: =ROUNDUP(SUMIFS('ВБ Отчет Продажи (за 60 дней)'!$L:$L,'ВБ Отчет Продажи (за 60 дней)'!$K:$K,"Краснодар",'ВБ Отчет Продажи (за 60 дней)'!$G:$G,$A11),0) -> 0 | K11: =ROUNDUP(SUMIFS('ВБ Отчет Продажи (за 60 дней)'!$L:$L,'ВБ Отчет Продажи (за 60 дней)'!$K:$K,"Невинномысск",'ВБ Отчет Продажи (за 60 дней)'!$G:$G,$A11),0) -> 11 | L11: =ROUNDUP(SUMIFS('ВБ Отчет Продажи (за 60 дней)'!$L:$L,'ВБ Отчет Продажи (за 60 дней)'!$K:$K,"Волгоград",'ВБ Отчет Продажи (за 60 дней)'!$G:$G,$A11),0) -> 0 | M11: =ROUNDUP(SUMIFS('ВБ Отчет Продажи (за 60 дней)'!$L:$L,'ВБ Отчет Продажи (за 60 дней)'!$K:$K,"Самара (Новосемейкино)",'ВБ Отчет Продажи (за 60 дней)'!$G:$G,$A11),0) -> 16 | N11: =ROUNDUP(SUMIFS('ВБ Отчет Продажи (за 60 дней)'!$L:$L,'ВБ Отчет Продажи (за 60 дней)'!$K:$K,"Казань",'ВБ Отчет Продажи (за 60 дней)'!$G:$G,$A11),0) -> 0 | O11: =ROUNDUP(SUMIFS('ВБ Отчет Продажи (за 60 дней)'!$L:$L,'ВБ Отчет Продажи (за 60 дней)'!$K:$K,"СПБ Шушары",'ВБ Отчет Продажи (за 60 дней)'!$G:$G,$A11),0) -> 0 | P11: =ROUNDUP(SUMIFS('ВБ Отчет Продажи (за 60 дней)'!$L:$L,'ВБ Отчет Продажи (за 60 дней)'!$K:$K,"Екатеринбург - Перспективный 12",'ВБ Отчет Продажи (за 60 дней)'!$G:$G,$A11),0) -> 0 | Q11: =ROUNDUP(SUMIFS('ВБ Отчет Продажи (за 60 дней)'!$L:$L,'ВБ Отчет Продажи (за 60 дней)'!$K:$K,"Новосибирск",'ВБ Отчет Продажи (за 60 дней)'!$G:$G,$A11),0) -> 0 | R11: =SUM(F11:Q11) -> 60 | S11: =SUMIFS('ОЗОН Оборот ведом (за 60 дней)'!I:I,'ОЗОН Оборот ведом (за 60 дней)'!A:A,B11) -> 9 | T11: =SUM(R11:S11) -> 69 | U11: =SUMIFS('ВБ Отчет Продажи (за 60 дней)'!$P:$P,'ВБ Отчет Продажи (за 60 дней)'!$K:$K,"Электросталь",'ВБ Отчет Продажи (за 60 дней)'!$G:$G,$A11) -> 4 | V11: =SUMIFS('ВБ Отчет Продажи (за 60 дней)'!$P:$P,'ВБ Отчет Продажи (за 60 дней)'!$K:$K,"Коледино",'ВБ Отчет Продажи (за 60 дней)'!$G:$G,$A11) -> 0 | W11: =SUMIFS('ВБ Отчет Продажи (за 60 дней)'!$P:$P,'ВБ Отчет Продажи (за 60 дней)'!$K:$K,"Тула",'ВБ Отчет Продажи (за 60 дней)'!$G:$G,$A11) -> 0 | X11: =SUMIFS('ВБ Отчет Продажи (за 60 дней)'!$P:$P,'ВБ Отчет Продажи (за 60 дней)'!$K:$K,"Рязань (Тюшевское)",'ВБ Отчет Продажи (за 60 дней)'!$G:$G,$A11) -> 0 | Y11: =SUMIFS('ВБ Отчет Продажи (за 60 дней)'!$P:$P,'ВБ Отчет Продажи (за 60 дней)'!$K:$K,"Краснодар",'ВБ Отчет Продажи (за 60 дней)'!$G:$G,$A11) -> 0 | Z11: =SUMIFS('ВБ Отчет Продажи (за 60 дней)'!$P:$P,'ВБ Отчет Продажи (за 60 дней)'!$K:$K,"Невинномысск",'ВБ Отчет Продажи (за 60 дней)'!$G:$G,$A11) -> 15 | AA11: =SUMIFS('ВБ Отчет Продажи (за 60 дней)'!$P:$P,'ВБ Отчет Продажи (за 60 дней)'!$K:$K,"Волгоград",'ВБ Отчет Продажи (за 60 дней)'!$G:$G,$A11) -> 0 | AB11: =SUMIFS('ВБ Отчет Продажи (за 60 дней)'!$P:$P,'ВБ Отчет Продажи (за 60 дней)'!$K:$K,"Самара (Новосемейкино)",'ВБ Отчет Продажи (за 60 дней)'!$G:$G,$A11) -> 14 | AC11: =SUMIFS('ВБ Отчет Продажи (за 60 дней)'!$P:$P,'ВБ Отчет Продажи (за 60 дней)'!$K:$K,"Казань",'ВБ Отчет Продажи (за 60 дней)'!$G:$G,$A11) -> 0 | AD11: =SUMIFS('ВБ Отчет Продажи (за 60 дней)'!$P:$P,'ВБ Отчет Продажи (за 60 дней)'!$K:$K,"СПБ Шушары",'ВБ Отчет Продажи (за 60 дней)'!$G:$G,$A11) -> 0 | AE11: =SUMIFS('ВБ Отчет Продажи (за 60 дней)'!$P:$P,'ВБ Отчет Продажи (за 60 дней)'!$K:$K,"Екатеринбург - Перспективный 12",'ВБ Отчет Продажи (за 60 дней)'!$G:$G,$A11) -> 0 | AF11: =SUMIFS('ВБ Отчет Продажи (за 60 дней)'!$P:$P,'ВБ Отчет Продажи (за 60 дней)'!$K:$K,"Новосибирск",'ВБ Отчет Продажи (за 60 дней)'!$G:$G,$A11) -> 0 | AG11: =SUM(U11:AF11) -> 33 | AH11: =IFERROR(AG11*$R$1/R11,0) -> 33 | AI11: =SUMIFS('ОЗОН Оборот ведом (за 60 дней)'!J:J,'ОЗОН Оборот ведом (за 60 дней)'!A:A,B11) -> 8 | AJ11: =AG11+AI11 -> 41 | AK11: {=IFERROR(_xlfn.IFS((F11-U11)>0,F11/$R$1*$AY$1-U11,F11+U11=0,"нов"),0)} -> 27 | AL11: {=IFERROR(_xlfn.IFS((G11-V11)>0,G11/$R$1*$AY$1-V11,G11+V11=0,"нов"),0)} -> нов | AM11: {=IFERROR(_xlfn.IFS((H11-W11)>0,H11/$R$1*$AY$1-W11,H11+W11=0,"нов"),0)} -> 1 | AN11: {=IFERROR(_xlfn.IFS((I11-X11)>0,I11/$R$1*$AY$1-X11,I11+X11=0,"нов"),0)} -> 1 | AO11: {=IFERROR(_xlfn.IFS((J11-Y11)>0,J11/$R$1*$AY$1-Y11,J11+Y11=0,"нов"),0)} -> нов | AP11: {=IFERROR(_xlfn.IFS((K11-Z11)>0,K11/$R$1*$AY$1-Z11,K11+Z11=0,"нов"),0)} -> 0 | AQ11: {=IFERROR(_xlfn.IFS((L11-AA11)>0,L11/$R$1*$AY$1-AA11,L11+AA11=0,"нов"),0)} -> нов | AR11: {=IFERROR(_xlfn.IFS((M11-AB11)>0,M11/$R$1*$AY$1-AB11,M11+AB11=0,"нов"),0)} -> 2 | ... AV11: {=IFERROR(_xlfn.IFS((Q11-AF11)>0,Q11/$R$1*$AY$1-AF11,Q11+AF11=0,"нов"),0)} -> нов | AW11: =SUM(AK11:AV11) -> 31 | AX11: =SUMIF('ОЗОН Доступн товара'!D:D,_xlfn.XLOOKUP($B11,'ОЗОН Доступн товара'!$A:$A,'ОЗОН Доступн товара'!$D:$D,0)) -> 24 | AY11: =SUM(AW11:AX11) -> 55 | AZ11: =IF(AK11="нов","нов",ROUNDUP(AK11*1.3,0)) -> 36 | BA11: =IF(AL11="нов","нов",ROUNDUP(AL11*1.3,0)) -> нов | BB11: =IF(AM11="нов","нов",ROUNDUP(AM11*1.3,0)) -> 2 | BC11: =IF(AN11="нов","нов",ROUNDUP(AN11*1.3,0)) -> 2 | BD11: =IF(AO11="нов","нов",ROUNDUP(AO11*1.3,0)) -> нов | BE11: =IF(AP11="нов","нов",ROUNDUP(AP11*1.3,0)) -> 0 | BF11: =IF(AQ11="нов","нов",ROUNDUP(AQ11*1.3,0)) -> нов | BG11: =IF(AR11="нов","нов",ROUNDUP(AR11*1.3,0)) -> 3 | ... BK11: =IF(AV11="нов","нов",ROUNDUP(AV11*1.3,0)) -> нов | BL11: =SUM(AZ11:BK11) -> 43 | BM11: =AX11*1.3 -> 31.2 | BN11: =SUM(BL11:BM11) -> 74.2 | BO11: =IFERROR(_xlfn.XLOOKUP(A11,'[2] Расчет стоимости и веса'!$I:$I,'[2] Расчет стоимости и веса'!$D:$D),0) -> 80 | BP11: =BO11*3 -> 240 | BR11: 40 | CA11: 20 | CB11: 20 | CE11: =SUM(BR11:CD11) -> 80 | CF11: =MAX(BO11,CE11)-BQ11 -> 80 | CG11: =BO11+BQ11-CE11 -> 0
A12: =[1]Юнит!A14 -> 204615141 | B12: =[1]Юнит!B14 -> 2419349453 | C12: =[1]Юнит!C14 -> AHMA2BW201WH | D12: =[1]Юнит!D14 -> Мешки 2 шт. серый | E12: =[1]Юнит!E14 -> 2039404446068 | F12: =ROUNDUP(SUMIFS('ВБ Отчет Продажи (за 60 дней)'!$L:$L,'ВБ Отчет Продажи (за 60 дней)'!$K:$K,"Электросталь",'ВБ Отчет Продажи (за 60 дней)'!$G:$G,$A12),0) -> 11 | G12: =ROUNDUP(SUMIFS('ВБ Отчет Продажи (за 60 дней)'!$L:$L,'ВБ Отчет Продажи (за 60 дней)'!$K:$K,"Коледино",'ВБ Отчет Продажи (за 60 дней)'!$G:$G,$A12),0) -> 5 | H12: =ROUNDUP(SUMIFS('ВБ Отчет Продажи (за 60 дней)'!$L:$L,'ВБ Отчет Продажи (за 60 дней)'!$K:$K,"Тула",'ВБ Отчет Продажи (за 60 дней)'!$G:$G,$A12),0) -> 0 | I12: =ROUNDUP(SUMIFS('ВБ Отчет Продажи (за 60 дней)'!$L:$L,'ВБ Отчет Продажи (за 60 дней)'!$K:$K,"Рязань (Тюшевское)",'ВБ Отчет Продажи (за 60 дней)'!$G:$G,$A12),0) -> 0 | J12: =ROUNDUP(SUMIFS('ВБ Отчет Продажи (за 60 дней)'!$L:$L,'ВБ Отчет Продажи (за 60 дней)'!$K:$K,"Краснодар",'ВБ Отчет Продажи (за 60 дней)'!$G:$G,$A12),0) -> 3 | K12: =ROUNDUP(SUMIFS('ВБ Отчет Продажи (за 60 дней)'!$L:$L,'ВБ Отчет Продажи (за 60 дней)'!$K:$K,"Невинномысск",'ВБ Отчет Продажи (за 60 дней)'!$G:$G,$A12),0) -> 1 | L12: =ROUNDUP(SUMIFS('ВБ Отчет Продажи (за 60 дней)'!$L:$L,'ВБ Отчет Продажи (за 60 дней)'!$K:$K,"Волгоград",'ВБ Отчет Продажи (за 60 дней)'!$G:$G,$A12),0) -> 0 | M12: =ROUNDUP(SUMIFS('ВБ Отчет Продажи (за 60 дней)'!$L:$L,'ВБ Отчет Продажи (за 60 дней)'!$K:$K,"Самара (Новосемейкино)",'ВБ Отчет Продажи (за 60 дней)'!$G:$G,$A12),0) -> 8 | N12: =ROUNDUP(SUMIFS('ВБ Отчет Продажи (за 60 дней)'!$L:$L,'ВБ Отчет Продажи (за 60 дней)'!$K:$K,"Казань",'ВБ Отчет Продажи (за 60 дней)'!$G:$G,$A12),0) -> 0 | O12: =ROUNDUP(SUMIFS('ВБ Отчет Продажи (за 60 дней)'!$L:$L,'ВБ Отчет Продажи (за 60 дней)'!$K:$K,"СПБ Шушары",'ВБ Отчет Продажи (за 60 дней)'!$G:$G,$A12),0) -> 0 | P12: =ROUNDUP(SUMIFS('ВБ Отчет Продажи (за 60 дней)'!$L:$L,'ВБ Отчет Продажи (за 60 дней)'!$K:$K,"Екатеринбург - Перспективный 12",'ВБ Отчет Продажи (за 60 дней)'!$G:$G,$A12),0) -> 0 | Q12: =ROUNDUP(SUMIFS('ВБ Отчет Продажи (за 60 дней)'!$L:$L,'ВБ Отчет Продажи (за 60 дней)'!$K:$K,"Новосибирск",'ВБ Отчет Продажи (за 60 дней)'!$G:$G,$A12),0) -> 0 | R12: =SUM(F12:Q12) -> 28 | S12: =SUMIFS('ОЗОН Оборот ведом (за 60 дней)'!I:I,'ОЗОН Оборот ведом (за 60 дней)'!A:A,B12) -> 16 | T12: =SUM(R12:S12) -> 44 | U12: =SUMIFS('ВБ Отчет Продажи (за 60 дней)'!$P:$P,'ВБ Отчет Продажи (за 60 дней)'!$K:$K,"Электросталь",'ВБ Отчет Продажи (за 60 дней)'!$G:$G,$A12) -> 66 | V12: =SUMIFS('ВБ Отчет Продажи (за 60 дней)'!$P:$P,'ВБ Отчет Продажи (за 60 дней)'!$K:$K,"Коледино",'ВБ Отчет Продажи (за 60 дней)'!$G:$G,$A12) -> 27 | W12: =SUMIFS('ВБ Отчет Продажи (за 60 дней)'!$P:$P,'ВБ Отчет Продажи (за 60 дней)'!$K:$K,"Тула",'ВБ Отчет Продажи (за 60 дней)'!$G:$G,$A12) -> 0 | X12: =SUMIFS('ВБ Отчет Продажи (за 60 дней)'!$P:$P,'ВБ Отчет Продажи (за 60 дней)'!$K:$K,"Рязань (Тюшевское)",'ВБ Отчет Продажи (за 60 дней)'!$G:$G,$A12) -> 0 | Y12: =SUMIFS('ВБ Отчет Продажи (за 60 дней)'!$P:$P,'ВБ Отчет Продажи (за 60 дней)'!$K:$K,"Краснодар",'ВБ Отчет Продажи (за 60 дней)'!$G:$G,$A12) -> 4 | Z12: =SUMIFS('ВБ Отчет Продажи (за 60 дней)'!$P:$P,'ВБ Отчет Продажи (за 60 дней)'!$K:$K,"Невинномысск",'ВБ Отчет Продажи (за 60 дней)'!$G:$G,$A12) -> 52 | AA12: =SUMIFS('ВБ Отчет Продажи (за 60 дней)'!$P:$P,'ВБ Отчет Продажи (за 60 дней)'!$K:$K,"Волгоград",'ВБ Отчет Продажи (за 60 дней)'!$G:$G,$A12) -> 0 | AB12: =SUMIFS('ВБ Отчет Продажи (за 60 дней)'!$P:$P,'ВБ Отчет Продажи (за 60 дней)'!$K:$K,"Самара (Новосемейкино)",'ВБ Отчет Продажи (за 60 дней)'!$G:$G,$A12) -> 45 | AC12: =SUMIFS('ВБ Отчет Продажи (за 60 дней)'!$P:$P,'ВБ Отчет Продажи (за 60 дней)'!$K:$K,"Казань",'ВБ Отчет Продажи (за 60 дней)'!$G:$G,$A12) -> 0 | AD12: =SUMIFS('ВБ Отчет Продажи (за 60 дней)'!$P:$P,'ВБ Отчет Продажи (за 60 дней)'!$K:$K,"СПБ Шушары",'ВБ Отчет Продажи (за 60 дней)'!$G:$G,$A12) -> 0 | AE12: =SUMIFS('ВБ Отчет Продажи (за 60 дней)'!$P:$P,'ВБ Отчет Продажи (за 60 дней)'!$K:$K,"Екатеринбург - Перспективный 12",'ВБ Отчет Продажи (за 60 дней)'!$G:$G,$A12) -> 0 | AF12: =SUMIFS('ВБ Отчет Продажи (за 60 дней)'!$P:$P,'ВБ Отчет Продажи (за 60 дней)'!$K:$K,"Новосибирск",'ВБ Отчет Продажи (за 60 дней)'!$G:$G,$A12) -> 0 | AG12: =SUM(U12:AF12) -> 194 | AH12: =IFERROR(AG12*$R$1/R12,0) -> 415.71429 | AI12: =SUMIFS('ОЗОН Оборот ведом (за 60 дней)'!J:J,'ОЗОН Оборот ведом (за 60 дней)'!A:A,B12) -> 17 | AJ12: =AG12+AI12 -> 211 | AK12: {=IFERROR(_xlfn.IFS((F12-U12)>0,F12/$R$1*$AY$1-U12,F12+U12=0,"нов"),0)} -> 0 | AL12: {=IFERROR(_xlfn.IFS((G12-V12)>0,G12/$R$1*$AY$1-V12,G12+V12=0,"нов"),0)} -> 0 | AM12: {=IFERROR(_xlfn.IFS((H12-W12)>0,H12/$R$1*$AY$1-W12,H12+W12=0,"нов"),0)} -> нов | AN12: {=IFERROR(_xlfn.IFS((I12-X12)>0,I12/$R$1*$AY$1-X12,I12+X12=0,"нов"),0)} -> нов | AO12: {=IFERROR(_xlfn.IFS((J12-Y12)>0,J12/$R$1*$AY$1-Y12,J12+Y12=0,"нов"),0)} -> 0 | AP12: {=IFERROR(_xlfn.IFS((K12-Z12)>0,K12/$R$1*$AY$1-Z12,K12+Z12=0,"нов"),0)} -> 0 | AQ12: {=IFERROR(_xlfn.IFS((L12-AA12)>0,L12/$R$1*$AY$1-AA12,L12+AA12=0,"нов"),0)} -> нов | AR12: {=IFERROR(_xlfn.IFS((M12-AB12)>0,M12/$R$1*$AY$1-AB12,M12+AB12=0,"нов"),0)} -> 0 | ... AV12: {=IFERROR(_xlfn.IFS((Q12-AF12)>0,Q12/$R$1*$AY$1-AF12,Q12+AF12=0,"нов"),0)} -> нов | AW12: =SUM(AK12:AV12) -> 0 | AX12: =SUMIF('ОЗОН Доступн товара'!D:D,_xlfn.XLOOKUP($B12,'ОЗОН Доступн товара'!$A:$A,'ОЗОН Доступн товара'!$D:$D,0)) -> 27 | AY12: =SUM(AW12:AX12) -> 27 | AZ12: =IF(AK12="нов","нов",ROUNDUP(AK12*1.3,0)) -> 0 | BA12: =IF(AL12="нов","нов",ROUNDUP(AL12*1.3,0)) -> 0 | BB12: =IF(AM12="нов","нов",ROUNDUP(AM12*1.3,0)) -> нов | BC12: =IF(AN12="нов","нов",ROUNDUP(AN12*1.3,0)) -> нов | BD12: =IF(AO12="нов","нов",ROUNDUP(AO12*1.3,0)) -> 0 | BE12: =IF(AP12="нов","нов",ROUNDUP(AP12*1.3,0)) -> 0 | BF12: =IF(AQ12="нов","нов",ROUNDUP(AQ12*1.3,0)) -> нов | BG12: =IF(AR12="нов","нов",ROUNDUP(AR12*1.3,0)) -> 0 | ... BK12: =IF(AV12="нов","нов",ROUNDUP(AV12*1.3,0)) -> нов | BL12: =SUM(AZ12:BK12) -> 0 | BM12: =AX12*1.3 -> 35.1 | BN12: =SUM(BL12:BM12) -> 35.1 | BO12: =IFERROR(_xlfn.XLOOKUP(A12,'[2] Расчет стоимости и веса'!$I:$I,'[2] Расчет стоимости и веса'!$D:$D),0) -> 40 | BP12: =BO12*2 -> 80 | CA12: 20 | CB12: 20 | CE12: =SUM(BR12:CD12) -> 40 | CF12: =MAX(BO12,CE12)-BQ12 -> 40 | CG12: =BO12+BQ12-CE12 -> 0
A13: =[1]Юнит!A15 -> 236074677 | B13: =[1]Юнит!B15 -> 0 | C13: =[1]Юнит!C15 -> AHMA2BW202WH | D13: =[1]Юнит!D15 -> Мешки 2 шт. розовый | E13: =[1]Юнит!E15 -> 2040278862540 | F13: =ROUNDUP(SUMIFS('ВБ Отчет Продажи (за 60 дней)'!$L:$L,'ВБ Отчет Продажи (за 60 дней)'!$K:$K,"Электросталь",'ВБ Отчет Продажи (за 60 дней)'!$G:$G,$A13),0) -> 5 | G13: =ROUNDUP(SUMIFS('ВБ Отчет Продажи (за 60 дней)'!$L:$L,'ВБ Отчет Продажи (за 60 дней)'!$K:$K,"Коледино",'ВБ Отчет Продажи (за 60 дней)'!$G:$G,$A13),0) -> 1 | H13: =ROUNDUP(SUMIFS('ВБ Отчет Продажи (за 60 дней)'!$L:$L,'ВБ Отчет Продажи (за 60 дней)'!$K:$K,"Тула",'ВБ Отчет Продажи (за 60 дней)'!$G:$G,$A13),0) -> 0 | I13: =ROUNDUP(SUMIFS('ВБ Отчет Продажи (за 60 дней)'!$L:$L,'ВБ Отчет Продажи (за 60 дней)'!$K:$K,"Рязань (Тюшевское)",'ВБ Отчет Продажи (за 60 дней)'!$G:$G,$A13),0) -> 0 | J13: =ROUNDUP(SUMIFS('ВБ Отчет Продажи (за 60 дней)'!$L:$L,'ВБ Отчет Продажи (за 60 дней)'!$K:$K,"Краснодар",'ВБ Отчет Продажи (за 60 дней)'!$G:$G,$A13),0) -> 0 | K13: =ROUNDUP(SUMIFS('ВБ Отчет Продажи (за 60 дней)'!$L:$L,'ВБ Отчет Продажи (за 60 дней)'!$K:$K,"Невинномысск",'ВБ Отчет Продажи (за 60 дней)'!$G:$G,$A13),0) -> 0 | L13: =ROUNDUP(SUMIFS('ВБ Отчет Продажи (за 60 дней)'!$L:$L,'ВБ Отчет Продажи (за 60 дней)'!$K:$K,"Волгоград",'ВБ Отчет Продажи (за 60 дней)'!$G:$G,$A13),0) -> 0 | M13: =ROUNDUP(SUMIFS('ВБ Отчет Продажи (за 60 дней)'!$L:$L,'ВБ Отчет Продажи (за 60 дней)'!$K:$K,"Самара (Новосемейкино)",'ВБ Отчет Продажи (за 60 дней)'!$G:$G,$A13),0) -> 0 | N13: =ROUNDUP(SUMIFS('ВБ Отчет Продажи (за 60 дней)'!$L:$L,'ВБ Отчет Продажи (за 60 дней)'!$K:$K,"Казань",'ВБ Отчет Продажи (за 60 дней)'!$G:$G,$A13),0) -> 0 | O13: =ROUNDUP(SUMIFS('ВБ Отчет Продажи (за 60 дней)'!$L:$L,'ВБ Отчет Продажи (за 60 дней)'!$K:$K,"СПБ Шушары",'ВБ Отчет Продажи (за 60 дней)'!$G:$G,$A13),0) -> 0 | P13: =ROUNDUP(SUMIFS('ВБ Отчет Продажи (за 60 дней)'!$L:$L,'ВБ Отчет Продажи (за 60 дней)'!$K:$K,"Екатеринбург - Перспективный 12",'ВБ Отчет Продажи (за 60 дней)'!$G:$G,$A13),0) -> 0 | Q13: =ROUNDUP(SUMIFS('ВБ Отчет Продажи (за 60 дней)'!$L:$L,'ВБ Отчет Продажи (за 60 дней)'!$K:$K,"Новосибирск",'ВБ Отчет Продажи (за 60 дней)'!$G:$G,$A13),0) -> 0 | R13: =SUM(F13:Q13) -> 6 | S13: =SUMIFS('ОЗОН Оборот ведом (за 60 дней)'!I:I,'ОЗОН Оборот ведом (за 60 дней)'!A:A,B13) -> 0 | T13: =SUM(R13:S13) -> 6 | U13: =SUMIFS('ВБ Отчет Продажи (за 60 дней)'!$P:$P,'ВБ Отчет Продажи (за 60 дней)'!$K:$K,"Электросталь",'ВБ Отчет Продажи (за 60 дней)'!$G:$G,$A13) -> 23 | V13: =SUMIFS('ВБ Отчет Продажи (за 60 дней)'!$P:$P,'ВБ Отчет Продажи (за 60 дней)'!$K:$K,"Коледино",'ВБ Отчет Продажи (за 60 дней)'!$G:$G,$A13) -> 0 | W13: =SUMIFS('ВБ Отчет Продажи (за 60 дней)'!$P:$P,'ВБ Отчет Продажи (за 60 дней)'!$K:$K,"Тула",'ВБ Отчет Продажи (за 60 дней)'!$G:$G,$A13) -> 0 | X13: =SUMIFS('ВБ Отчет Продажи (за 60 дней)'!$P:$P,'ВБ Отчет Продажи (за 60 дней)'!$K:$K,"Рязань (Тюшевское)",'ВБ Отчет Продажи (за 60 дней)'!$G:$G,$A13) -> 0 | Y13: =SUMIFS('ВБ Отчет Продажи (за 60 дней)'!$P:$P,'ВБ Отчет Продажи (за 60 дней)'!$K:$K,"Краснодар",'ВБ Отчет Продажи (за 60 дней)'!$G:$G,$A13) -> 0 | Z13: =SUMIFS('ВБ Отчет Продажи (за 60 дней)'!$P:$P,'ВБ Отчет Продажи (за 60 дней)'!$K:$K,"Невинномысск",'ВБ Отчет Продажи (за 60 дней)'!$G:$G,$A13) -> 0 | AA13: =SUMIFS('ВБ Отчет Продажи (за 60 дней)'!$P:$P,'ВБ Отчет Продажи (за 60 дней)'!$K:$K,"Волгоград",'ВБ Отчет Продажи (за 60 дней)'!$G:$G,$A13) -> 0 | AB13: =SUMIFS('ВБ Отчет Продажи (за 60 дней)'!$P:$P,'ВБ Отчет Продажи (за 60 дней)'!$K:$K,"Самара (Новосемейкино)",'ВБ Отчет Продажи (за 60 дней)'!$G:$G,$A13) -> 0 | AC13: =SUMIFS('ВБ Отчет Продажи (за 60 дней)'!$P:$P,'ВБ Отчет Продажи (за 60 дней)'!$K:$K,"Казань",'ВБ Отчет Продажи (за 60 дней)'!$G:$G,$A13) -> 0 | AD13: =SUMIFS('ВБ Отчет Продажи (за 60 дней)'!$P:$P,'ВБ Отчет Продажи (за 60 дней)'!$K:$K,"СПБ Шушары",'ВБ Отчет Продажи (за 60 дней)'!$G:$G,$A13) -> 0 | AE13: =SUMIFS('ВБ Отчет Продажи (за 60 дней)'!$P:$P,'ВБ Отчет Продажи (за 60 дней)'!$K:$K,"Екатеринбург - Перспективный 12",'ВБ Отчет Продажи (за 60 дней)'!$G:$G,$A13) -> 0 | AF13: =SUMIFS('ВБ Отчет Продажи (за 60 дней)'!$P:$P,'ВБ Отчет Продажи (за 60 дней)'!$K:$K,"Новосибирск",'ВБ Отчет Продажи (за 60 дней)'!$G:$G,$A13) -> 0 | AG13: =SUM(U13:AF13) -> 23 | AH13: =IFERROR(AG13*$R$1/R13,0) -> 230 | AI13: =SUMIFS('ОЗОН Оборот ведом (за 60 дней)'!J:J,'ОЗОН Оборот ведом (за 60 дней)'!A:A,B13) -> 0 | AJ13: =AG13+AI13 -> 23 | AK13: {=IFERROR(_xlfn.IFS((F13-U13)>0,F13/$R$1*$AY$1-U13,F13+U13=0,"нов"),0)} -> 0 | AL13: {=IFERROR(_xlfn.IFS((G13-V13)>0,G13/$R$1*$AY$1-V13,G13+V13=0,"нов"),0)} -> 1 | AM13: {=IFERROR(_xlfn.IFS((H13-W13)>0,H13/$R$1*$AY$1-W13,H13+W13=0,"нов"),0)} -> нов | AN13: {=IFERROR(_xlfn.IFS((I13-X13)>0,I13/$R$1*$AY$1-X13,I13+X13=0,"нов"),0)} -> нов | AO13: {=IFERROR(_xlfn.IFS((J13-Y13)>0,J13/$R$1*$AY$1-Y13,J13+Y13=0,"нов"),0)} -> нов | AP13: {=IFERROR(_xlfn.IFS((K13-Z13)>0,K13/$R$1*$AY$1-Z13,K13+Z13=0,"нов"),0)} -> нов | AQ13: {=IFERROR(_xlfn.IFS((L13-AA13)>0,L13/$R$1*$AY$1-AA13,L13+AA13=0,"нов"),0)} -> нов | AR13: {=IFERROR(_xlfn.IFS((M13-AB13)>0,M13/$R$1*$AY$1-AB13,M13+AB13=0,"нов"),0)} -> нов | ... AV13: {=IFERROR(_xlfn.IFS((Q13-AF13)>0,Q13/$R$1*$AY$1-AF13,Q13+AF13=0,"нов"),0)} -> нов | AW13: =SUM(AK13:AV13) -> 1 | AX13: =SUMIF('ОЗОН Доступн товара'!D:D,_xlfn.XLOOKUP($B13,'ОЗОН Доступн товара'!$A:$A,'ОЗОН Доступн товара'!$D:$D,0)) -> 0 | AY13: =SUM(AW13:AX13) -> 1 | AZ13: =IF(AK13="нов","нов",ROUNDUP(AK13*1.3,0)) -> 0 | BA13: =IF(AL13="нов","нов",ROUNDUP(AL13*1.3,0)) -> 2 | BB13: =IF(AM13="нов","нов",ROUNDUP(AM13*1.3,0)) -> нов | BC13: =IF(AN13="нов","нов",ROUNDUP(AN13*1.3,0)) -> нов | BD13: =IF(AO13="нов","нов",ROUNDUP(AO13*1.3,0)) -> нов | BE13: =IF(AP13="нов","нов",ROUNDUP(AP13*1.3,0)) -> нов | BF13: =IF(AQ13="нов","нов",ROUNDUP(AQ13*1.3,0)) -> нов | BG13: =IF(AR13="нов","нов",ROUNDUP(AR13*1.3,0)) -> нов | ... BK13: =IF(AV13="нов","нов",ROUNDUP(AV13*1.3,0)) -> нов | BL13: =SUM(AZ13:BK13) -> 2 | BM13: =AX13*1.3 -> 0 | BN13: =SUM(BL13:BM13) -> 2 | BO13: =IFERROR(_xlfn.XLOOKUP(A13,'[2] Расчет стоимости и веса'!$I:$I,'[2] Расчет стоимости и веса'!$D:$D),0) -> 0 | BP13: =BO13*2 -> 0 | CE13: =SUM(BR13:CD13) -> 0 | CF13: =MAX(BO13,CE13)-BQ13 -> 0 | CG13: =BO13+BQ13-CE13 -> 0
A14: =[1]Юнит!A16 -> 236929187 | B14: =[1]Юнит!B16 -> 2419349360 | C14: =[1]Юнит!C16 -> AHMA1BW112WH | D14: =[1]Юнит!D16 -> Мешок 60*80 крупн | E14: =[1]Юнит!E16 -> 2040335626849 | F14: =ROUNDUP(SUMIFS('ВБ Отчет Продажи (за 60 дней)'!$L:$L,'ВБ Отчет Продажи (за 60 дней)'!$K:$K,"Электросталь",'ВБ Отчет Продажи (за 60 дней)'!$G:$G,$A14),0) -> 22 | G14: =ROUNDUP(SUMIFS('ВБ Отчет Продажи (за 60 дней)'!$L:$L,'ВБ Отчет Продажи (за 60 дней)'!$K:$K,"Коледино",'ВБ Отчет Продажи (за 60 дней)'!$G:$G,$A14),0) -> 1 | H14: =ROUNDUP(SUMIFS('ВБ Отчет Продажи (за 60 дней)'!$L:$L,'ВБ Отчет Продажи (за 60 дней)'!$K:$K,"Тула",'ВБ Отчет Продажи (за 60 дней)'!$G:$G,$A14),0) -> 0 | I14: =ROUNDUP(SUMIFS('ВБ Отчет Продажи (за 60 дней)'!$L:$L,'ВБ Отчет Продажи (за 60 дней)'!$K:$K,"Рязань (Тюшевское)",'ВБ Отчет Продажи (за 60 дней)'!$G:$G,$A14),0) -> 6 | J14: =ROUNDUP(SUMIFS('ВБ Отчет Продажи (за 60 дней)'!$L:$L,'ВБ Отчет Продажи (за 60 дней)'!$K:$K,"Краснодар",'ВБ Отчет Продажи (за 60 дней)'!$G:$G,$A14),0) -> 1 | K14: =ROUNDUP(SUMIFS('ВБ Отчет Продажи (за 60 дней)'!$L:$L,'ВБ Отчет Продажи (за 60 дней)'!$K:$K,"Невинномысск",'ВБ Отчет Продажи (за 60 дней)'!$G:$G,$A14),0) -> 24 | L14: =ROUNDUP(SUMIFS('ВБ Отчет Продажи (за 60 дней)'!$L:$L,'ВБ Отчет Продажи (за 60 дней)'!$K:$K,"Волгоград",'ВБ Отчет Продажи (за 60 дней)'!$G:$G,$A14),0) -> 1 | M14: =ROUNDUP(SUMIFS('ВБ Отчет Продажи (за 60 дней)'!$L:$L,'ВБ Отчет Продажи (за 60 дней)'!$K:$K,"Самара (Новосемейкино)",'ВБ Отчет Продажи (за 60 дней)'!$G:$G,$A14),0) -> 9 | N14: =ROUNDUP(SUMIFS('ВБ Отчет Продажи (за 60 дней)'!$L:$L,'ВБ Отчет Продажи (за 60 дней)'!$K:$K,"Казань",'ВБ Отчет Продажи (за 60 дней)'!$G:$G,$A14),0) -> 0 | O14: =ROUNDUP(SUMIFS('ВБ Отчет Продажи (за 60 дней)'!$L:$L,'ВБ Отчет Продажи (за 60 дней)'!$K:$K,"СПБ Шушары",'ВБ Отчет Продажи (за 60 дней)'!$G:$G,$A14),0) -> 0 | P14: =ROUNDUP(SUMIFS('ВБ Отчет Продажи (за 60 дней)'!$L:$L,'ВБ Отчет Продажи (за 60 дней)'!$K:$K,"Екатеринбург - Перспективный 12",'ВБ Отчет Продажи (за 60 дней)'!$G:$G,$A14),0) -> 0 | Q14: =ROUNDUP(SUMIFS('ВБ Отчет Продажи (за 60 дней)'!$L:$L,'ВБ Отчет Продажи (за 60 дней)'!$K:$K,"Новосибирск",'ВБ Отчет Продажи (за 60 дней)'!$G:$G,$A14),0) -> 0 | R14: =SUM(F14:Q14) -> 64 | S14: =SUMIFS('ОЗОН Оборот ведом (за 60 дней)'!I:I,'ОЗОН Оборот ведом (за 60 дней)'!A:A,B14) -> 11 | T14: =SUM(R14:S14) -> 75 | U14: =SUMIFS('ВБ Отчет Продажи (за 60 дней)'!$P:$P,'ВБ Отчет Продажи (за 60 дней)'!$K:$K,"Электросталь",'ВБ Отчет Продажи (за 60 дней)'!$G:$G,$A14) -> 0 | V14: =SUMIFS('ВБ Отчет Продажи (за 60 дней)'!$P:$P,'ВБ Отчет Продажи (за 60 дней)'!$K:$K,"Коледино",'ВБ Отчет Продажи (за 60 дней)'!$G:$G,$A14) -> 0 | W14: =SUMIFS('ВБ Отчет Продажи (за 60 дней)'!$P:$P,'ВБ Отчет Продажи (за 60 дней)'!$K:$K,"Тула",'ВБ Отчет Продажи (за 60 дней)'!$G:$G,$A14) -> 0 | X14: =SUMIFS('ВБ Отчет Продажи (за 60 дней)'!$P:$P,'ВБ Отчет Продажи (за 60 дней)'!$K:$K,"Рязань (Тюшевское)",'ВБ Отчет Продажи (за 60 дней)'!$G:$G,$A14) -> 0 | Y14: =SUMIFS('ВБ Отчет Продажи (за 60 дней)'!$P:$P,'ВБ Отчет Продажи (за 60 дней)'!$K:$K,"Краснодар",'ВБ Отчет Продажи (за 60 дней)'!$G:$G,$A14) -> 0 | Z14: =SUMIFS('ВБ Отчет Продажи (за 60 дней)'!$P:$P,'ВБ Отчет Продажи (за 60 дней)'!$K:$K,"Невинномысск",'ВБ Отчет Продажи (за 60 дней)'!$G:$G,$A14) -> 9 | AA14: =SUMIFS('ВБ Отчет Продажи (за 60 дней)'!$P:$P,'ВБ Отчет Продажи (за 60 дней)'!$K:$K,"Волгоград",'ВБ Отчет Продажи (за 60 дней)'!$G:$G,$A14) -> 0 | AB14: =SUMIFS('ВБ Отчет Продажи (за 60 дней)'!$P:$P,'ВБ Отчет Продажи (за 60 дней)'!$K:$K,"Самара (Новосемейкино)",'ВБ Отчет Продажи (за 60 дней)'!$G:$G,$A14) -> 0 | AC14: =SUMIFS('ВБ Отчет Продажи (за 60 дней)'!$P:$P,'ВБ Отчет Продажи (за 60 дней)'!$K:$K,"Казань",'ВБ Отчет Продажи (за 60 дней)'!$G:$G,$A14) -> 0 | AD14: =SUMIFS('ВБ Отчет Продажи (за 60 дней)'!$P:$P,'ВБ Отчет Продажи (за 60 дней)'!$K:$K,"СПБ Шушары",'ВБ Отчет Продажи (за 60 дней)'!$G:$G,$A14) -> 0 | AE14: =SUMIFS('ВБ Отчет Продажи (за 60 дней)'!$P:$P,'ВБ Отчет Продажи (за 60 дней)'!$K:$K,"Екатеринбург - Перспективный 12",'ВБ Отчет Продажи (за 60 дней)'!$G:$G,$A14) -> 0 | AF14: =SUMIFS('ВБ Отчет Продажи (за 60 дней)'!$P:$P,'ВБ Отчет Продажи (за 60 дней)'!$K:$K,"Новосибирск",'ВБ Отчет Продажи (за 60 дней)'!$G:$G,$A14) -> 0 | AG14: =SUM(U14:AF14) -> 9 | AH14: =IFERROR(AG14*$R$1/R14,0) -> 8.4375 | AI14: =SUMIFS('ОЗОН Оборот ведом (за 60 дней)'!J:J,'ОЗОН Оборот ведом (за 60 дней)'!A:A,B14) -> 21 | AJ14: =AG14+AI14 -> 30 | AK14: {=IFERROR(_xlfn.IFS((F14-U14)>0,F14/$R$1*$AY$1-U14,F14+U14=0,"нов"),0)} -> 22 | AL14: {=IFERROR(_xlfn.IFS((G14-V14)>0,G14/$R$1*$AY$1-V14,G14+V14=0,"нов"),0)} -> 1 | AM14: {=IFERROR(_xlfn.IFS((H14-W14)>0,H14/$R$1*$AY$1-W14,H14+W14=0,"нов"),0)} -> нов | AN14: {=IFERROR(_xlfn.IFS((I14-X14)>0,I14/$R$1*$AY$1-X14,I14+X14=0,"нов"),0)} -> 6 | AO14: {=IFERROR(_xlfn.IFS((J14-Y14)>0,J14/$R$1*$AY$1-Y14,J14+Y14=0,"нов"),0)} -> 1 | AP14: {=IFERROR(_xlfn.IFS((K14-Z14)>0,K14/$R$1*$AY$1-Z14,K14+Z14=0,"нов"),0)} -> 15 | AQ14: {=IFERROR(_xlfn.IFS((L14-AA14)>0,L14/$R$1*$AY$1-AA14,L14+AA14=0,"нов"),0)} -> 1 | AR14: {=IFERROR(_xlfn.IFS((M14-AB14)>0,M14/$R$1*$AY$1-AB14,M14+AB14=0,"нов"),0)} -> 9 | ... AV14: {=IFERROR(_xlfn.IFS((Q14-AF14)>0,Q14/$R$1*$AY$1-AF14,Q14+AF14=0,"нов"),0)} -> нов | AW14: =SUM(AK14:AV14) -> 55 | AX14: =SUMIF('ОЗОН Доступн товара'!D:D,_xlfn.XLOOKUP($B14,'ОЗОН Доступн товара'!$A:$A,'ОЗОН Доступн товара'!$D:$D,0)) -> 0 | AY14: =SUM(AW14:AX14) -> 55 | AZ14: =IF(AK14="нов","нов",ROUNDUP(AK14*1.3,0)) -> 29 | BA14: =IF(AL14="нов","нов",ROUNDUP(AL14*1.3,0)) -> 2 | BB14: =IF(AM14="нов","нов",ROUNDUP(AM14*1.3,0)) -> нов | BC14: =IF(AN14="нов","нов",ROUNDUP(AN14*1.3,0)) -> 8 | BD14: =IF(AO14="нов","нов",ROUNDUP(AO14*1.3,0)) -> 2 | BE14: =IF(AP14="нов","нов",ROUNDUP(AP14*1.3,0)) -> 20 | BF14: =IF(AQ14="нов","нов",ROUNDUP(AQ14*1.3,0)) -> 2 | BG14: =IF(AR14="нов","нов",ROUNDUP(AR14*1.3,0)) -> 12 | ... BK14: =IF(AV14="нов","нов",ROUNDUP(AV14*1.3,0)) -> нов | BL14: =SUM(AZ14:BK14) -> 75 | BM14: =AX14*1.3 -> 0 | BN14: =SUM(BL14:BM14) -> 75 | BO14: =IFERROR(_xlfn.XLOOKUP(A14,'[2] Расчет стоимости и веса'!$I:$I,'[2] Расчет стоимости и веса'!$D:$D),0) -> 100 | BP14: =BO14 -> 100 | BR14: 30 | BW14: 10 | BY14: 20 | CA14: 20 | CB14: 20 | CE14: =SUM(BR14:CD14) -> 100 | CF14: =MAX(BO14,CE14)-BQ14 -> 100 | CG14: =BO14+BQ14-CE14 -> 0
A15: =[1]Юнит!A17 -> 236929188 | B15: =[1]Юнит!B17 -> 2419349422 | C15: =[1]Юнит!C17 -> AHMA1BW111WH | D15: =[1]Юнит!D17 -> Мешок 60*80 мелк | E15: =[1]Юнит!E17 -> 2040335648124 | F15: =ROUNDUP(SUMIFS('ВБ Отчет Продажи (за 60 дней)'!$L:$L,'ВБ Отчет Продажи (за 60 дней)'!$K:$K,"Электросталь",'ВБ Отчет Продажи (за 60 дней)'!$G:$G,$A15),0) -> 0 | G15: =ROUNDUP(SUMIFS('ВБ Отчет Продажи (за 60 дней)'!$L:$L,'ВБ Отчет Продажи (за 60 дней)'!$K:$K,"Коледино",'ВБ Отчет Продажи (за 60 дней)'!$G:$G,$A15),0) -> 0 | H15: =ROUNDUP(SUMIFS('ВБ Отчет Продажи (за 60 дней)'!$L:$L,'ВБ Отчет Продажи (за 60 дней)'!$K:$K,"Тула",'ВБ Отчет Продажи (за 60 дней)'!$G:$G,$A15),0) -> 1 | I15: =ROUNDUP(SUMIFS('ВБ Отчет Продажи (за 60 дней)'!$L:$L,'ВБ Отчет Продажи (за 60 дней)'!$K:$K,"Рязань (Тюшевское)",'ВБ Отчет Продажи (за 60 дней)'!$G:$G,$A15),0) -> 0 | J15: =ROUNDUP(SUMIFS('ВБ Отчет Продажи (за 60 дней)'!$L:$L,'ВБ Отчет Продажи (за 60 дней)'!$K:$K,"Краснодар",'ВБ Отчет Продажи (за 60 дней)'!$G:$G,$A15),0) -> 4 | K15: =ROUNDUP(SUMIFS('ВБ Отчет Продажи (за 60 дней)'!$L:$L,'ВБ Отчет Продажи (за 60 дней)'!$K:$K,"Невинномысск",'ВБ Отчет Продажи (за 60 дней)'!$G:$G,$A15),0) -> 34 | L15: =ROUNDUP(SUMIFS('ВБ Отчет Продажи (за 60 дней)'!$L:$L,'ВБ Отчет Продажи (за 60 дней)'!$K:$K,"Волгоград",'ВБ Отчет Продажи (за 60 дней)'!$G:$G,$A15),0) -> 0 | M15: =ROUNDUP(SUMIFS('ВБ Отчет Продажи (за 60 дней)'!$L:$L,'ВБ Отчет Продажи (за 60 дней)'!$K:$K,"Самара (Новосемейкино)",'ВБ Отчет Продажи (за 60 дней)'!$G:$G,$A15),0) -> 12 | N15: =ROUNDUP(SUMIFS('ВБ Отчет Продажи (за 60 дней)'!$L:$L,'ВБ Отчет Продажи (за 60 дней)'!$K:$K,"Казань",'ВБ Отчет Продажи (за 60 дней)'!$G:$G,$A15),0) -> 1 | O15: =ROUNDUP(SUMIFS('ВБ Отчет Продажи (за 60 дней)'!$L:$L,'ВБ Отчет Продажи (за 60 дней)'!$K:$K,"СПБ Шушары",'ВБ Отчет Продажи (за 60 дней)'!$G:$G,$A15),0) -> 0 | P15: =ROUNDUP(SUMIFS('ВБ Отчет Продажи (за 60 дней)'!$L:$L,'ВБ Отчет Продажи (за 60 дней)'!$K:$K,"Екатеринбург - Перспективный 12",'ВБ Отчет Продажи (за 60 дней)'!$G:$G,$A15),0) -> 0 | Q15: =ROUNDUP(SUMIFS('ВБ Отчет Продажи (за 60 дней)'!$L:$L,'ВБ Отчет Продажи (за 60 дней)'!$K:$K,"Новосибирск",'ВБ Отчет Продажи (за 60 дней)'!$G:$G,$A15),0) -> 0 | R15: =SUM(F15:Q15) -> 52 | S15: =SUMIFS('ОЗОН Оборот ведом (за 60 дней)'!I:I,'ОЗОН Оборот ведом (за 60 дней)'!A:A,B15) -> 19 | T15: =SUM(R15:S15) -> 71 | U15: =SUMIFS('ВБ Отчет Продажи (за 60 дней)'!$P:$P,'ВБ Отчет Продажи (за 60 дней)'!$K:$K,"Электросталь",'ВБ Отчет Продажи (за 60 дней)'!$G:$G,$A15) -> 0 | V15: =SUMIFS('ВБ Отчет Продажи (за 60 дней)'!$P:$P,'ВБ Отчет Продажи (за 60 дней)'!$K:$K,"Коледино",'ВБ Отчет Продажи (за 60 дней)'!$G:$G,$A15) -> 0 | W15: =SUMIFS('ВБ Отчет Продажи (за 60 дней)'!$P:$P,'ВБ Отчет Продажи (за 60 дней)'!$K:$K,"Тула",'ВБ Отчет Продажи (за 60 дней)'!$G:$G,$A15) -> 0 | X15: =SUMIFS('ВБ Отчет Продажи (за 60 дней)'!$P:$P,'ВБ Отчет Продажи (за 60 дней)'!$K:$K,"Рязань (Тюшевское)",'ВБ Отчет Продажи (за 60 дней)'!$G:$G,$A15) -> 0 | Y15: =SUMIFS('ВБ Отчет Продажи (за 60 дней)'!$P:$P,'ВБ Отчет Продажи (за 60 дней)'!$K:$K,"Краснодар",'ВБ Отчет Продажи (за 60 дней)'!$G:$G,$A15) -> 0 | Z15: =SUMIFS('ВБ Отчет Продажи (за 60 дней)'!$P:$P,'ВБ Отчет Продажи (за 60 дней)'!$K:$K,"Невинномысск",'ВБ Отчет Продажи (за 60 дней)'!$G:$G,$A15) -> 0 | AA15: =SUMIFS('ВБ Отчет Продажи (за 60 дней)'!$P:$P,'ВБ Отчет Продажи (за 60 дней)'!$K:$K,"Волгоград",'ВБ Отчет Продажи (за 60 дней)'!$G:$G,$A15) -> 0 | AB15: =SUMIFS('ВБ Отчет Продажи (за 60 дней)'!$P:$P,'ВБ Отчет Продажи (за 60 дней)'!$K:$K,"Самара (Новосемейкино)",'ВБ Отчет Продажи (за 60 дней)'!$G:$G,$A15) -> 0 | AC15: =SUMIFS('ВБ Отчет Продажи (за 60 дней)'!$P:$P,'ВБ Отчет Продажи (за 60 дней)'!$K:$K,"Казань",'ВБ Отчет Продажи (за 60 дней)'!$G:$G,$A15) -> 0 | AD15: =SUMIFS('ВБ Отчет Продажи (за 60 дней)'!$P:$P,'ВБ Отчет Продажи (за 60 дней)'!$K:$K,"СПБ Шушары",'ВБ Отчет Продажи (за 60 дней)'!$G:$G,$A15) -> 0 | AE15: =SUMIFS('ВБ Отчет Продажи (за 60 дней)'!$P:$P,'ВБ Отчет Продажи (за 60 дней)'!$K:$K,"Екатеринбург - Перспективный 12",'ВБ Отчет Продажи (за 60 дней)'!$G:$G,$A15) -> 0 | AF15: =SUMIFS('ВБ Отчет Продажи (за 60 дней)'!$P:$P,'ВБ Отчет Продажи (за 60 дней)'!$K:$K,"Новосибирск",'ВБ Отчет Продажи (за 60 дней)'!$G:$G,$A15) -> 0 | AG15: =SUM(U15:AF15) -> 0 | AH15: =IFERROR(AG15*$R$1/R15,0) -> 0 | AI15: =SUMIFS('ОЗОН Оборот ведом (за 60 дней)'!J:J,'ОЗОН Оборот ведом (за 60 дней)'!A:A,B15) -> 7 | AJ15: =AG15+AI15 -> 7 | AK15: {=IFERROR(_xlfn.IFS((F15-U15)>0,F15/$R$1*$AY$1-U15,F15+U15=0,"нов"),0)} -> нов | AL15: {=IFERROR(_xlfn.IFS((G15-V15)>0,G15/$R$1*$AY$1-V15,G15+V15=0,"нов"),0)} -> нов | AM15: {=IFERROR(_xlfn.IFS((H15-W15)>0,H15/$R$1*$AY$1-W15,H15+W15=0,"нов"),0)} -> 1 | AN15: {=IFERROR(_xlfn.IFS((I15-X15)>0,I15/$R$1*$AY$1-X15,I15+X15=0,"нов"),0)} -> нов | AO15: {=IFERROR(_xlfn.IFS((J15-Y15)>0,J15/$R$1*$AY$1-Y15,J15+Y15=0,"нов"),0)} -> 4 | AP15: {=IFERROR(_xlfn.IFS((K15-Z15)>0,K15/$R$1*$AY$1-Z15,K15+Z15=0,"нов"),0)} -> 34 | AQ15: {=IFERROR(_xlfn.IFS((L15-AA15)>0,L15/$R$1*$AY$1-AA15,L15+AA15=0,"нов"),0)} -> нов | AR15: {=IFERROR(_xlfn.IFS((M15-AB15)>0,M15/$R$1*$AY$1-AB15,M15+AB15=0,"нов"),0)} -> 12 | ... AV15: {=IFERROR(_xlfn.IFS((Q15-AF15)>0,Q15/$R$1*$AY$1-AF15,Q15+AF15=0,"нов"),0)} -> нов | AW15: =SUM(AK15:AV15) -> 52 | AX15: =SUMIF('ОЗОН Доступн товара'!D:D,_xlfn.XLOOKUP($B15,'ОЗОН Доступн товара'!$A:$A,'ОЗОН Доступн товара'!$D:$D,0)) -> 27 | AY15: =SUM(AW15:AX15) -> 79 | AZ15: =IF(AK15="нов","нов",ROUNDUP(AK15*1.3,0)) -> нов | BA15: =IF(AL15="нов","нов",ROUNDUP(AL15*1.3,0)) -> нов | BB15: =IF(AM15="нов","нов",ROUNDUP(AM15*1.3,0)) -> 2 | BC15: =IF(AN15="нов","нов",ROUNDUP(AN15*1.3,0)) -> нов | BD15: =IF(AO15="нов","нов",ROUNDUP(AO15*1.3,0)) -> 6 | BE15: =IF(AP15="нов","нов",ROUNDUP(AP15*1.3,0)) -> 45 | BF15: =IF(AQ15="нов","нов",ROUNDUP(AQ15*1.3,0)) -> нов | BG15: =IF(AR15="нов","нов",ROUNDUP(AR15*1.3,0)) -> 16 | ... BK15: =IF(AV15="нов","нов",ROUNDUP(AV15*1.3,0)) -> нов | BL15: =SUM(AZ15:BK15) -> 71 | BM15: =AX15*1.3 -> 35.1 | BN15: =SUM(BL15:BM15) -> 106.1 | BO15: =IFERROR(_xlfn.XLOOKUP(A15,'[2] Расчет стоимости и веса'!$I:$I,'[2] Расчет стоимости и веса'!$D:$D),0) -> 130 | BP15: =BO15 -> 130 | BR15: 30 | BW15: 30 | BY15: 30 | CA15: 20 | CB15: 20 | CE15: =SUM(BR15:CD15) -> 130 | CF15: =MAX(BO15,CE15)-BQ15 -> 130 | CG15: =BO15+BQ15-CE15 -> 0
A16: =[1]Юнит!A18 -> 239235150 | B16: =[1]Юнит!B18 -> 0 | C16: =[1]Юнит!C18 -> AHMA1BW301WH | D16: =[1]Юнит!D18 -> Мешок для обуви L - 30 см | E16: =[1]Юнит!E18 -> 2040478720961 | F16: =ROUNDUP(SUMIFS('ВБ Отчет Продажи (за 60 дней)'!$L:$L,'ВБ Отчет Продажи (за 60 дней)'!$K:$K,"Электросталь",'ВБ Отчет Продажи (за 60 дней)'!$G:$G,$A16),0) -> 9 | G16: =ROUNDUP(SUMIFS('ВБ Отчет Продажи (за 60 дней)'!$L:$L,'ВБ Отчет Продажи (за 60 дней)'!$K:$K,"Коледино",'ВБ Отчет Продажи (за 60 дней)'!$G:$G,$A16),0) -> 0 | H16: =ROUNDUP(SUMIFS('ВБ Отчет Продажи (за 60 дней)'!$L:$L,'ВБ Отчет Продажи (за 60 дней)'!$K:$K,"Тула",'ВБ Отчет Продажи (за 60 дней)'!$G:$G,$A16),0) -> 7 | I16: =ROUNDUP(SUMIFS('ВБ Отчет Продажи (за 60 дней)'!$L:$L,'ВБ Отчет Продажи (за 60 дней)'!$K:$K,"Рязань (Тюшевское)",'ВБ Отчет Продажи (за 60 дней)'!$G:$G,$A16),0) -> 0 | J16: =ROUNDUP(SUMIFS('ВБ Отчет Продажи (за 60 дней)'!$L:$L,'ВБ Отчет Продажи (за 60 дней)'!$K:$K,"Краснодар",'ВБ Отчет Продажи (за 60 дней)'!$G:$G,$A16),0) -> 0 | K16: =ROUNDUP(SUMIFS('ВБ Отчет Продажи (за 60 дней)'!$L:$L,'ВБ Отчет Продажи (за 60 дней)'!$K:$K,"Невинномысск",'ВБ Отчет Продажи (за 60 дней)'!$G:$G,$A16),0) -> 0 | L16: =ROUNDUP(SUMIFS('ВБ Отчет Продажи (за 60 дней)'!$L:$L,'ВБ Отчет Продажи (за 60 дней)'!$K:$K,"Волгоград",'ВБ Отчет Продажи (за 60 дней)'!$G:$G,$A16),0) -> 0 | M16: =ROUNDUP(SUMIFS('ВБ Отчет Продажи (за 60 дней)'!$L:$L,'ВБ Отчет Продажи (за 60 дней)'!$K:$K,"Самара (Новосемейкино)",'ВБ Отчет Продажи (за 60 дней)'!$G:$G,$A16),0) -> 0 | N16: =ROUNDUP(SUMIFS('ВБ Отчет Продажи (за 60 дней)'!$L:$L,'ВБ Отчет Продажи (за 60 дней)'!$K:$K,"Казань",'ВБ Отчет Продажи (за 60 дней)'!$G:$G,$A16),0) -> 11 | O16: =ROUNDUP(SUMIFS('ВБ Отчет Продажи (за 60 дней)'!$L:$L,'ВБ Отчет Продажи (за 60 дней)'!$K:$K,"СПБ Шушары",'ВБ Отчет Продажи (за 60 дней)'!$G:$G,$A16),0) -> 0 | P16: =ROUNDUP(SUMIFS('ВБ Отчет Продажи (за 60 дней)'!$L:$L,'ВБ Отчет Продажи (за 60 дней)'!$K:$K,"Екатеринбург - Перспективный 12",'ВБ Отчет Продажи (за 60 дней)'!$G:$G,$A16),0) -> 0 | Q16: =ROUNDUP(SUMIFS('ВБ Отчет Продажи (за 60 дней)'!$L:$L,'ВБ Отчет Продажи (за 60 дней)'!$K:$K,"Новосибирск",'ВБ Отчет Продажи (за 60 дней)'!$G:$G,$A16),0) -> 0 | R16: =SUM(F16:Q16) -> 27 | S16: =SUMIFS('ОЗОН Оборот ведом (за 60 дней)'!I:I,'ОЗОН Оборот ведом (за 60 дней)'!A:A,B16) -> 0 | T16: =SUM(R16:S16) -> 27 | U16: =SUMIFS('ВБ Отчет Продажи (за 60 дней)'!$P:$P,'ВБ Отчет Продажи (за 60 дней)'!$K:$K,"Электросталь",'ВБ Отчет Продажи (за 60 дней)'!$G:$G,$A16) -> 3 | V16: =SUMIFS('ВБ Отчет Продажи (за 60 дней)'!$P:$P,'ВБ Отчет Продажи (за 60 дней)'!$K:$K,"Коледино",'ВБ Отчет Продажи (за 60 дней)'!$G:$G,$A16) -> 0 | W16: =SUMIFS('ВБ Отчет Продажи (за 60 дней)'!$P:$P,'ВБ Отчет Продажи (за 60 дней)'!$K:$K,"Тула",'ВБ Отчет Продажи (за 60 дней)'!$G:$G,$A16) -> 6 | X16: =SUMIFS('ВБ Отчет Продажи (за 60 дней)'!$P:$P,'ВБ Отчет Продажи (за 60 дней)'!$K:$K,"Рязань (Тюшевское)",'ВБ Отчет Продажи (за 60 дней)'!$G:$G,$A16) -> 0 | Y16: =SUMIFS('ВБ Отчет Продажи (за 60 дней)'!$P:$P,'ВБ Отчет Продажи (за 60 дней)'!$K:$K,"Краснодар",'ВБ Отчет Продажи (за 60 дней)'!$G:$G,$A16) -> 0 | Z16: =SUMIFS('ВБ Отчет Продажи (за 60 дней)'!$P:$P,'ВБ Отчет Продажи (за 60 дней)'!$K:$K,"Невинномысск",'ВБ Отчет Продажи (за 60 дней)'!$G:$G,$A16) -> 0 | AA16: =SUMIFS('ВБ Отчет Продажи (за 60 дней)'!$P:$P,'ВБ Отчет Продажи (за 60 дней)'!$K:$K,"Волгоград",'ВБ Отчет Продажи (за 60 дней)'!$G:$G,$A16) -> 0 | AB16: =SUMIFS('ВБ Отчет Продажи (за 60 дней)'!$P:$P,'ВБ Отчет Продажи (за 60 дней)'!$K:$K,"Самара (Новосемейкино)",'ВБ Отчет Продажи (за 60 дней)'!$G:$G,$A16) -> 0 | AC16: =SUMIFS('ВБ Отчет Продажи (за 60 дней)'!$P:$P,'ВБ Отчет Продажи (за 60 дней)'!$K:$K,"Казань",'ВБ Отчет Продажи (за 60 дней)'!$G:$G,$A16) -> 14 | AD16: =SUMIFS('ВБ Отчет Продажи (за 60 дней)'!$P:$P,'ВБ Отчет Продажи (за 60 дней)'!$K:$K,"СПБ Шушары",'ВБ Отчет Продажи (за 60 дней)'!$G:$G,$A16) -> 0 | AE16: =SUMIFS('ВБ Отчет Продажи (за 60 дней)'!$P:$P,'ВБ Отчет Продажи (за 60 дней)'!$K:$K,"Екатеринбург - Перспективный 12",'ВБ Отчет Продажи (за 60 дней)'!$G:$G,$A16) -> 0 | AF16: =SUMIFS('ВБ Отчет Продажи (за 60 дней)'!$P:$P,'ВБ Отчет Продажи (за 60 дней)'!$K:$K,"Новосибирск",'ВБ Отчет Продажи (за 60 дней)'!$G:$G,$A16) -> 0 | AG16: =SUM(U16:AF16) -> 23 | AH16: =IFERROR(AG16*$R$1/R16,0) -> 51.111111 | AI16: =SUMIFS('ОЗОН Оборот ведом (за 60 дней)'!J:J,'ОЗОН Оборот ведом (за 60 дней)'!A:A,B16) -> 0 | AJ16: =AG16+AI16 -> 23 | AK16: {=IFERROR(_xlfn.IFS((F16-U16)>0,F16/$R$1*$AY$1-U16,F16+U16=0,"нов"),0)} -> 6 | AL16: {=IFERROR(_xlfn.IFS((G16-V16)>0,G16/$R$1*$AY$1-V16,G16+V16=0,"нов"),0)} -> нов | AM16: {=IFERROR(_xlfn.IFS((H16-W16)>0,H16/$R$1*$AY$1-W16,H16+W16=0,"нов"),0)} -> 1 | AN16: {=IFERROR(_xlfn.IFS((I16-X16)>0,I16/$R$1*$AY$1-X16,I16+X16=0,"нов"),0)} -> нов | AO16: {=IFERROR(_xlfn.IFS((J16-Y16)>0,J16/$R$1*$AY$1-Y16,J16+Y16=0,"нов"),0)} -> нов | AP16: {=IFERROR(_xlfn.IFS((K16-Z16)>0,K16/$R$1*$AY$1-Z16,K16+Z16=0,"нов"),0)} -> нов | AQ16: {=IFERROR(_xlfn.IFS((L16-AA16)>0,L16/$R$1*$AY$1-AA16,L16+AA16=0,"нов"),0)} -> нов | AR16: {=IFERROR(_xlfn.IFS((M16-AB16)>0,M16/$R$1*$AY$1-AB16,M16+AB16=0,"нов"),0)} -> нов | ... AV16: {=IFERROR(_xlfn.IFS((Q16-AF16)>0,Q16/$R$1*$AY$1-AF16,Q16+AF16=0,"нов"),0)} -> нов | AW16: =SUM(AK16:AV16) -> 7 | AX16: =SUMIF('ОЗОН Доступн товара'!D:D,_xlfn.XLOOKUP($B16,'ОЗОН Доступн товара'!$A:$A,'ОЗОН Доступн товара'!$D:$D,0)) -> 0 | AY16: =SUM(AW16:AX16) -> 7 | AZ16: =IF(AK16="нов","нов",ROUNDUP(AK16*1.3,0)) -> 8 | BA16: =IF(AL16="нов","нов",ROUNDUP(AL16*1.3,0)) -> нов | BB16: =IF(AM16="нов","нов",ROUNDUP(AM16*1.3,0)) -> 2 | BC16: =IF(AN16="нов","нов",ROUNDUP(AN16*1.3,0)) -> нов | BD16: =IF(AO16="нов","нов",ROUNDUP(AO16*1.3,0)) -> нов | BE16: =IF(AP16="нов","нов",ROUNDUP(AP16*1.3,0)) -> нов | BF16: =IF(AQ16="нов","нов",ROUNDUP(AQ16*1.3,0)) -> нов | BG16: =IF(AR16="нов","нов",ROUNDUP(AR16*1.3,0)) -> нов | ... BK16: =IF(AV16="нов","нов",ROUNDUP(AV16*1.3,0)) -> нов | BL16: =SUM(AZ16:BK16) -> 10 | BM16: =AX16*1.3 -> 0 | BN16: =SUM(BL16:BM16) -> 10 | BO16: =IFERROR(_xlfn.XLOOKUP(A16,'[2] Расчет стоимости и веса'!$I:$I,'[2] Расчет стоимости и веса'!$D:$D),0) -> 0 | BP16: =BO16 -> 0 | CE16: =SUM(BR16:CD16) -> 0 | CF16: =MAX(BO16,CE16)-BQ16 -> 0 | CG16: =BO16+BQ16-CE16 -> 0
A17: =[1]Юнит!A19 -> 239233529 | B17: =[1]Юнит!B19 -> 0 | C17: =[1]Юнит!C19 -> AHMA1BW302WH | D17: =[1]Юнит!D19 -> Мешок для обуви XL - 35 см | E17: =[1]Юнит!E19 -> 2040478696884 | F17: =ROUNDUP(SUMIFS('ВБ Отчет Продажи (за 60 дней)'!$L:$L,'ВБ Отчет Продажи (за 60 дней)'!$K:$K,"Электросталь",'ВБ Отчет Продажи (за 60 дней)'!$G:$G,$A17),0) -> 0 | G17: =ROUNDUP(SUMIFS('ВБ Отчет Продажи (за 60 дней)'!$L:$L,'ВБ Отчет Продажи (за 60 дней)'!$K:$K,"Коледино",'ВБ Отчет Продажи (за 60 дней)'!$G:$G,$A17),0) -> 0 | H17: =ROUNDUP(SUMIFS('ВБ Отчет Продажи (за 60 дней)'!$L:$L,'ВБ Отчет Продажи (за 60 дней)'!$K:$K,"Тула",'ВБ Отчет Продажи (за 60 дней)'!$G:$G,$A17),0) -> 8 | I17: =ROUNDUP(SUMIFS('ВБ Отчет Продажи (за 60 дней)'!$L:$L,'ВБ Отчет Продажи (за 60 дней)'!$K:$K,"Рязань (Тюшевское)",'ВБ Отчет Продажи (за 60 дней)'!$G:$G,$A17),0) -> 0 | J17: =ROUNDUP(SUMIFS('ВБ Отчет Продажи (за 60 дней)'!$L:$L,'ВБ Отчет Продажи (за 60 дней)'!$K:$K,"Краснодар",'ВБ Отчет Продажи (за 60 дней)'!$G:$G,$A17),0) -> 0 | K17: =ROUNDUP(SUMIFS('ВБ Отчет Продажи (за 60 дней)'!$L:$L,'ВБ Отчет Продажи (за 60 дней)'!$K:$K,"Невинномысск",'ВБ Отчет Продажи (за 60 дней)'!$G:$G,$A17),0) -> 0 | L17: =ROUNDUP(SUMIFS('ВБ Отчет Продажи (за 60 дней)'!$L:$L,'ВБ Отчет Продажи (за 60 дней)'!$K:$K,"Волгоград",'ВБ Отчет Продажи (за 60 дней)'!$G:$G,$A17),0) -> 0 | M17: =ROUNDUP(SUMIFS('ВБ Отчет Продажи (за 60 дней)'!$L:$L,'ВБ Отчет Продажи (за 60 дней)'!$K:$K,"Самара (Новосемейкино)",'ВБ Отчет Продажи (за 60 дней)'!$G:$G,$A17),0) -> 1 | N17: =ROUNDUP(SUMIFS('ВБ Отчет Продажи (за 60 дней)'!$L:$L,'ВБ Отчет Продажи (за 60 дней)'!$K:$K,"Казань",'ВБ Отчет Продажи (за 60 дней)'!$G:$G,$A17),0) -> 8 | O17: =ROUNDUP(SUMIFS('ВБ Отчет Продажи (за 60 дней)'!$L:$L,'ВБ Отчет Продажи (за 60 дней)'!$K:$K,"СПБ Шушары",'ВБ Отчет Продажи (за 60 дней)'!$G:$G,$A17),0) -> 0 | P17: =ROUNDUP(SUMIFS('ВБ Отчет Продажи (за 60 дней)'!$L:$L,'ВБ Отчет Продажи (за 60 дней)'!$K:$K,"Екатеринбург - Перспективный 12",'ВБ Отчет Продажи (за 60 дней)'!$G:$G,$A17),0) -> 0 | Q17: =ROUNDUP(SUMIFS('ВБ Отчет Продажи (за 60 дней)'!$L:$L,'ВБ Отчет Продажи (за 60 дней)'!$K:$K,"Новосибирск",'ВБ Отчет Продажи (за 60 дней)'!$G:$G,$A17),0) -> 0 | R17: =SUM(F17:Q17) -> 17 | S17: =SUMIFS('ОЗОН Оборот ведом (за 60 дней)'!I:I,'ОЗОН Оборот ведом (за 60 дней)'!A:A,B17) -> 0 | T17: =SUM(R17:S17) -> 17 | U17: =SUMIFS('ВБ Отчет Продажи (за 60 дней)'!$P:$P,'ВБ Отчет Продажи (за 60 дней)'!$K:$K,"Электросталь",'ВБ Отчет Продажи (за 60 дней)'!$G:$G,$A17) -> 25 | V17: =SUMIFS('ВБ Отчет Продажи (за 60 дней)'!$P:$P,'ВБ Отчет Продажи (за 60 дней)'!$K:$K,"Коледино",'ВБ Отчет Продажи (за 60 дней)'!$G:$G,$A17) -> 0 | W17: =SUMIFS('ВБ Отчет Продажи (за 60 дней)'!$P:$P,'ВБ Отчет Продажи (за 60 дней)'!$K:$K,"Тула",'ВБ Отчет Продажи (за 60 дней)'!$G:$G,$A17) -> 23 | X17: =SUMIFS('ВБ Отчет Продажи (за 60 дней)'!$P:$P,'ВБ Отчет Продажи (за 60 дней)'!$K:$K,"Рязань (Тюшевское)",'ВБ Отчет Продажи (за 60 дней)'!$G:$G,$A17) -> 0 | Y17: =SUMIFS('ВБ Отчет Продажи (за 60 дней)'!$P:$P,'ВБ Отчет Продажи (за 60 дней)'!$K:$K,"Краснодар",'ВБ Отчет Продажи (за 60 дней)'!$G:$G,$A17) -> 0 | Z17: =SUMIFS('ВБ Отчет Продажи (за 60 дней)'!$P:$P,'ВБ Отчет Продажи (за 60 дней)'!$K:$K,"Невинномысск",'ВБ Отчет Продажи (за 60 дней)'!$G:$G,$A17) -> 0 | AA17: =SUMIFS('ВБ Отчет Продажи (за 60 дней)'!$P:$P,'ВБ Отчет Продажи (за 60 дней)'!$K:$K,"Волгоград",'ВБ Отчет Продажи (за 60 дней)'!$G:$G,$A17) -> 0 | AB17: =SUMIFS('ВБ Отчет Продажи (за 60 дней)'!$P:$P,'ВБ Отчет Продажи (за 60 дней)'!$K:$K,"Самара (Новосемейкино)",'ВБ Отчет Продажи (за 60 дней)'!$G:$G,$A17) -> 0 | AC17: =SUMIFS('ВБ Отчет Продажи (за 60 дней)'!$P:$P,'ВБ Отчет Продажи (за 60 дней)'!$K:$K,"Казань",'ВБ Отчет Продажи (за 60 дней)'!$G:$G,$A17) -> 13 | AD17: =SUMIFS('ВБ Отчет Продажи (за 60 дней)'!$P:$P,'ВБ Отчет Продажи (за 60 дней)'!$K:$K,"СПБ Шушары",'ВБ Отчет Продажи (за 60 дней)'!$G:$G,$A17) -> 0 | AE17: =SUMIFS('ВБ Отчет Продажи (за 60 дней)'!$P:$P,'ВБ Отчет Продажи (за 60 дней)'!$K:$K,"Екатеринбург - Перспективный 12",'ВБ Отчет Продажи (за 60 дней)'!$G:$G,$A17) -> 0 | AF17: =SUMIFS('ВБ Отчет Продажи (за 60 дней)'!$P:$P,'ВБ Отчет Продажи (за 60 дней)'!$K:$K,"Новосибирск",'ВБ Отчет Продажи (за 60 дней)'!$G:$G,$A17) -> 0 | AG17: =SUM(U17:AF17) -> 61 | AH17: =IFERROR(AG17*$R$1/R17,0) -> 215.29412 | AI17: =SUMIFS('ОЗОН Оборот ведом (за 60 дней)'!J:J,'ОЗОН Оборот ведом (за 60 дней)'!A:A,B17) -> 0 | AJ17: =AG17+AI17 -> 61 | AK17: {=IFERROR(_xlfn.IFS((F17-U17)>0,F17/$R$1*$AY$1-U17,F17+U17=0,"нов"),0)} -> 0 | AL17: {=IFERROR(_xlfn.IFS((G17-V17)>0,G17/$R$1*$AY$1-V17,G17+V17=0,"нов"),0)} -> нов | AM17: {=IFERROR(_xlfn.IFS((H17-W17)>0,H17/$R$1*$AY$1-W17,H17+W17=0,"нов"),0)} -> 0 | AN17: {=IFERROR(_xlfn.IFS((I17-X17)>0,I17/$R$1*$AY$1-X17,I17+X17=0,"нов"),0)} -> нов | AO17: {=IFERROR(_xlfn.IFS((J17-Y17)>0,J17/$R$1*$AY$1-Y17,J17+Y17=0,"нов"),0)} -> нов | AP17: {=IFERROR(_xlfn.IFS((K17-Z17)>0,K17/$R$1*$AY$1-Z17,K17+Z17=0,"нов"),0)} -> нов | AQ17: {=IFERROR(_xlfn.IFS((L17-AA17)>0,L17/$R$1*$AY$1-AA17,L17+AA17=0,"нов"),0)} -> нов | AR17: {=IFERROR(_xlfn.IFS((M17-AB17)>0,M17/$R$1*$AY$1-AB17,M17+AB17=0,"нов"),0)} -> 1 | ... AV17: {=IFERROR(_xlfn.IFS((Q17-AF17)>0,Q17/$R$1*$AY$1-AF17,Q17+AF17=0,"нов"),0)} -> нов | AW17: =SUM(AK17:AV17) -> 1 | AX17: =SUMIF('ОЗОН Доступн товара'!D:D,_xlfn.XLOOKUP($B17,'ОЗОН Доступн товара'!$A:$A,'ОЗОН Доступн товара'!$D:$D,0)) -> 0 | AY17: =SUM(AW17:AX17) -> 1 | AZ17: =IF(AK17="нов","нов",ROUNDUP(AK17*1.3,0)) -> 0 | BA17: =IF(AL17="нов","нов",ROUNDUP(AL17*1.3,0)) -> нов | BB17: =IF(AM17="нов","нов",ROUNDUP(AM17*1.3,0)) -> 0 | BC17: =IF(AN17="нов","нов",ROUNDUP(AN17*1.3,0)) -> нов | BD17: =IF(AO17="нов","нов",ROUNDUP(AO17*1.3,0)) -> нов | BE17: =IF(AP17="нов","нов",ROUNDUP(AP17*1.3,0)) -> нов | BF17: =IF(AQ17="нов","нов",ROUNDUP(AQ17*1.3,0)) -> нов | BG17: =IF(AR17="нов","нов",ROUNDUP(AR17*1.3,0)) -> 2 | ... BK17: =IF(AV17="нов","нов",ROUNDUP(AV17*1.3,0)) -> нов | BL17: =SUM(AZ17:BK17) -> 2 | BM17: =AX17*1.3 -> 0 | BN17: =SUM(BL17:BM17) -> 2 | BO17: =IFERROR(_xlfn.XLOOKUP(A17,'[2] Расчет стоимости и веса'!$I:$I,'[2] Расчет стоимости и веса'!$D:$D),0) -> 0 | BP17: =BO17 -> 0 | CE17: =SUM(BR17:CD17) -> 0 | CF17: =MAX(BO17,CE17)-BQ17 -> 0 | CG17: =BO17+BQ17-CE17 -> 0
A18: =[1]Юнит!A20 -> 173605843 | B18: =[1]Юнит!B20 -> 1597441701 | C18: =[1]Юнит!C20 -> ACRH1MS101RJ | D18: =[1]Юнит!D20 -> Массажер для пальцев | E18: =[1]Юнит!E20 -> 2038430289250 | F18: =ROUNDUP(SUMIFS('ВБ Отчет Продажи (за 60 дней)'!$L:$L,'ВБ Отчет Продажи (за 60 дней)'!$K:$K,"Электросталь",'ВБ Отчет Продажи (за 60 дней)'!$G:$G,$A18),0) -> 0 | G18: =ROUNDUP(SUMIFS('ВБ Отчет Продажи (за 60 дней)'!$L:$L,'ВБ Отчет Продажи (за 60 дней)'!$K:$K,"Коледино",'ВБ Отчет Продажи (за 60 дней)'!$G:$G,$A18),0) -> 4 | H18: =ROUNDUP(SUMIFS('ВБ Отчет Продажи (за 60 дней)'!$L:$L,'ВБ Отчет Продажи (за 60 дней)'!$K:$K,"Тула",'ВБ Отчет Продажи (за 60 дней)'!$G:$G,$A18),0) -> 0 | I18: =ROUNDUP(SUMIFS('ВБ Отчет Продажи (за 60 дней)'!$L:$L,'ВБ Отчет Продажи (за 60 дней)'!$K:$K,"Рязань (Тюшевское)",'ВБ Отчет Продажи (за 60 дней)'!$G:$G,$A18),0) -> 0 | J18: =ROUNDUP(SUMIFS('ВБ Отчет Продажи (за 60 дней)'!$L:$L,'ВБ Отчет Продажи (за 60 дней)'!$K:$K,"Краснодар",'ВБ Отчет Продажи (за 60 дней)'!$G:$G,$A18),0) -> 1 | K18: =ROUNDUP(SUMIFS('ВБ Отчет Продажи (за 60 дней)'!$L:$L,'ВБ Отчет Продажи (за 60 дней)'!$K:$K,"Невинномысск",'ВБ Отчет Продажи (за 60 дней)'!$G:$G,$A18),0) -> 0 | L18: =ROUNDUP(SUMIFS('ВБ Отчет Продажи (за 60 дней)'!$L:$L,'ВБ Отчет Продажи (за 60 дней)'!$K:$K,"Волгоград",'ВБ Отчет Продажи (за 60 дней)'!$G:$G,$A18),0) -> 0 | M18: =ROUNDUP(SUMIFS('ВБ Отчет Продажи (за 60 дней)'!$L:$L,'ВБ Отчет Продажи (за 60 дней)'!$K:$K,"Самара (Новосемейкино)",'ВБ Отчет Продажи (за 60 дней)'!$G:$G,$A18),0) -> 0 | N18: =ROUNDUP(SUMIFS('ВБ Отчет Продажи (за 60 дней)'!$L:$L,'ВБ Отчет Продажи (за 60 дней)'!$K:$K,"Казань",'ВБ Отчет Продажи (за 60 дней)'!$G:$G,$A18),0) -> 0 | O18: =ROUNDUP(SUMIFS('ВБ Отчет Продажи (за 60 дней)'!$L:$L,'ВБ Отчет Продажи (за 60 дней)'!$K:$K,"СПБ Шушары",'ВБ Отчет Продажи (за 60 дней)'!$G:$G,$A18),0) -> 0 | P18: =ROUNDUP(SUMIFS('ВБ Отчет Продажи (за 60 дней)'!$L:$L,'ВБ Отчет Продажи (за 60 дней)'!$K:$K,"Екатеринбург - Перспективный 12",'ВБ Отчет Продажи (за 60 дней)'!$G:$G,$A18),0) -> 0 | Q18: =ROUNDUP(SUMIFS('ВБ Отчет Продажи (за 60 дней)'!$L:$L,'ВБ Отчет Продажи (за 60 дней)'!$K:$K,"Новосибирск",'ВБ Отчет Продажи (за 60 дней)'!$G:$G,$A18),0) -> 0 | R18: =SUM(F18:Q18) -> 5 | S18: =SUMIFS('ОЗОН Оборот ведом (за 60 дней)'!I:I,'ОЗОН Оборот ведом (за 60 дней)'!A:A,B18) -> 0 | T18: =SUM(R18:S18) -> 5 | U18: =SUMIFS('ВБ Отчет Продажи (за 60 дней)'!$P:$P,'ВБ Отчет Продажи (за 60 дней)'!$K:$K,"Электросталь",'ВБ Отчет Продажи (за 60 дней)'!$G:$G,$A18) -> 1 | V18: =SUMIFS('ВБ Отчет Продажи (за 60 дней)'!$P:$P,'ВБ Отчет Продажи (за 60 дней)'!$K:$K,"Коледино",'ВБ Отчет Продажи (за 60 дней)'!$G:$G,$A18) -> 62 | W18: =SUMIFS('ВБ Отчет Продажи (за 60 дней)'!$P:$P,'ВБ Отчет Продажи (за 60 дней)'!$K:$K,"Тула",'ВБ Отчет Продажи (за 60 дней)'!$G:$G,$A18) -> 162 | X18: =SUMIFS('ВБ Отчет Продажи (за 60 дней)'!$P:$P,'ВБ Отчет Продажи (за 60 дней)'!$K:$K,"Рязань (Тюшевское)",'ВБ Отчет Продажи (за 60 дней)'!$G:$G,$A18) -> 0 | Y18: =SUMIFS('ВБ Отчет Продажи (за 60 дней)'!$P:$P,'ВБ Отчет Продажи (за 60 дней)'!$K:$K,"Краснодар",'ВБ Отчет Продажи (за 60 дней)'!$G:$G,$A18) -> 46 | Z18: =SUMIFS('ВБ Отчет Продажи (за 60 дней)'!$P:$P,'ВБ Отчет Продажи (за 60 дней)'!$K:$K,"Невинномысск",'ВБ Отчет Продажи (за 60 дней)'!$G:$G,$A18) -> 82 | AA18: =SUMIFS('ВБ Отчет Продажи (за 60 дней)'!$P:$P,'ВБ Отчет Продажи (за 60 дней)'!$K:$K,"Волгоград",'ВБ Отчет Продажи (за 60 дней)'!$G:$G,$A18) -> 0 | AB18: =SUMIFS('ВБ Отчет Продажи (за 60 дней)'!$P:$P,'ВБ Отчет Продажи (за 60 дней)'!$K:$K,"Самара (Новосемейкино)",'ВБ Отчет Продажи (за 60 дней)'!$G:$G,$A18) -> 1 | AC18: =SUMIFS('ВБ Отчет Продажи (за 60 дней)'!$P:$P,'ВБ Отчет Продажи (за 60 дней)'!$K:$K,"Казань",'ВБ Отчет Продажи (за 60 дней)'!$G:$G,$A18) -> 142 | AD18: =SUMIFS('ВБ Отчет Продажи (за 60 дней)'!$P:$P,'ВБ Отчет Продажи (за 60 дней)'!$K:$K,"СПБ Шушары",'ВБ Отчет Продажи (за 60 дней)'!$G:$G,$A18) -> 0 | AE18: =SUMIFS('ВБ Отчет Продажи (за 60 дней)'!$P:$P,'ВБ Отчет Продажи (за 60 дней)'!$K:$K,"Екатеринбург - Перспективный 12",'ВБ Отчет Продажи (за 60 дней)'!$G:$G,$A18) -> 0 | AF18: =SUMIFS('ВБ Отчет Продажи (за 60 дней)'!$P:$P,'ВБ Отчет Продажи (за 60 дней)'!$K:$K,"Новосибирск",'ВБ Отчет Продажи (за 60 дней)'!$G:$G,$A18) -> 0 | AG18: =SUM(U18:AF18) -> 496 | AH18: =IFERROR(AG18*$R$1/R18,0) -> 5952 | AI18: =SUMIFS('ОЗОН Оборот ведом (за 60 дней)'!J:J,'ОЗОН Оборот ведом (за 60 дней)'!A:A,B18) -> 0 | AJ18: =AG18+AI18 -> 496 | AK18: {=IFERROR(_xlfn.IFS((F18-U18)>0,F18/$R$1*$AY$1-U18,F18+U18=0,"нов"),0)} -> 0 | AL18: {=IFERROR(_xlfn.IFS((G18-V18)>0,G18/$R$1*$AY$1-V18,G18+V18=0,"нов"),0)} -> 0 | AM18: {=IFERROR(_xlfn.IFS((H18-W18)>0,H18/$R$1*$AY$1-W18,H18+W18=0,"нов"),0)} -> 0 | AN18: {=IFERROR(_xlfn.IFS((I18-X18)>0,I18/$R$1*$AY$1-X18,I18+X18=0,"нов"),0)} -> нов | AO18: {=IFERROR(_xlfn.IFS((J18-Y18)>0,J18/$R$1*$AY$1-Y18,J18+Y18=0,"нов"),0)} -> 0 | AP18: {=IFERROR(_xlfn.IFS((K18-Z18)>0,K18/$R$1*$AY$1-Z18,K18+Z18=0,"нов"),0)} -> 0 | AQ18: {=IFERROR(_xlfn.IFS((L18-AA18)>0,L18/$R$1*$AY$1-AA18,L18+AA18=0,"нов"),0)} -> нов | AR18: {=IFERROR(_xlfn.IFS((M18-AB18)>0,M18/$R$1*$AY$1-AB18,M18+AB18=0,"нов"),0)} -> 0 | ... AV18: {=IFERROR(_xlfn.IFS((Q18-AF18)>0,Q18/$R$1*$AY$1-AF18,Q18+AF18=0,"нов"),0)} -> нов | AW18: =SUM(AK18:AV18) -> 0 | AX18: =SUMIF('ОЗОН Доступн товара'!D:D,_xlfn.XLOOKUP($B18,'ОЗОН Доступн товара'!$A:$A,'ОЗОН Доступн товара'!$D:$D,0)) -> 0 | AY18: =SUM(AW18:AX18) -> 0 | AZ18: =IF(AK18="нов","нов",ROUNDUP(AK18*1.3,0)) -> 0 | BA18: =IF(AL18="нов","нов",ROUNDUP(AL18*1.3,0)) -> 0 | BB18: =IF(AM18="нов","нов",ROUNDUP(AM18*1.3,0)) -> 0 | BC18: =IF(AN18="нов","нов",ROUNDUP(AN18*1.3,0)) -> нов | BD18: =IF(AO18="нов","нов",ROUNDUP(AO18*1.3,0)) -> 0 | BE18: =IF(AP18="нов","нов",ROUNDUP(AP18*1.3,0)) -> 0 | BF18: =IF(AQ18="нов","нов",ROUNDUP(AQ18*1.3,0)) -> нов | BG18: =IF(AR18="нов","нов",ROUNDUP(AR18*1.3,0)) -> 0 | ... BK18: =IF(AV18="нов","нов",ROUNDUP(AV18*1.3,0)) -> нов | BL18: =SUM(AZ18:BK18) -> 0 | BM18: =AX18*1.3 -> 0 | BN18: =SUM(BL18:BM18) -> 0 | BO18: =IFERROR(_xlfn.XLOOKUP(A18,'[2] Расчет стоимости и веса'!$I:$I,'[2] Расчет стоимости и веса'!$D:$D),0) -> 0 | BP18: =BO18 -> 0 | CE18: =SUM(BR18:CD18) -> 0 | CF18: =MAX(BO18,CE18)-BQ18 -> 0 | CG18: =BO18+BQ18-CE18 -> 0
A19: =[1]Юнит!A21 -> 223420736 | B19: =[1]Юнит!B21 -> 2415742732 | C19: =[1]Юнит!C21 -> ACRB1MS101RJ | D19: =[1]Юнит!D21 -> Массажер для тела оранжевый | E19: =[1]Юнит!E21 -> 2039813223373 | F19: =ROUNDUP(SUMIFS('ВБ Отчет Продажи (за 60 дней)'!$L:$L,'ВБ Отчет Продажи (за 60 дней)'!$K:$K,"Электросталь",'ВБ Отчет Продажи (за 60 дней)'!$G:$G,$A19),0) -> 0 | G19: =ROUNDUP(SUMIFS('ВБ Отчет Продажи (за 60 дней)'!$L:$L,'ВБ Отчет Продажи (за 60 дней)'!$K:$K,"Коледино",'ВБ Отчет Продажи (за 60 дней)'!$G:$G,$A19),0) -> 0 | H19: =ROUNDUP(SUMIFS('ВБ Отчет Продажи (за 60 дней)'!$L:$L,'ВБ Отчет Продажи (за 60 дней)'!$K:$K,"Тула",'ВБ Отчет Продажи (за 60 дней)'!$G:$G,$A19),0) -> 3 | I19: =ROUNDUP(SUMIFS('ВБ Отчет Продажи (за 60 дней)'!$L:$L,'ВБ Отчет Продажи (за 60 дней)'!$K:$K,"Рязань (Тюшевское)",'ВБ Отчет Продажи (за 60 дней)'!$G:$G,$A19),0) -> 0 | J19: =ROUNDUP(SUMIFS('ВБ Отчет Продажи (за 60 дней)'!$L:$L,'ВБ Отчет Продажи (за 60 дней)'!$K:$K,"Краснодар",'ВБ Отчет Продажи (за 60 дней)'!$G:$G,$A19),0) -> 0 | K19: =ROUNDUP(SUMIFS('ВБ Отчет Продажи (за 60 дней)'!$L:$L,'ВБ Отчет Продажи (за 60 дней)'!$K:$K,"Невинномысск",'ВБ Отчет Продажи (за 60 дней)'!$G:$G,$A19),0) -> 0 | L19: =ROUNDUP(SUMIFS('ВБ Отчет Продажи (за 60 дней)'!$L:$L,'ВБ Отчет Продажи (за 60 дней)'!$K:$K,"Волгоград",'ВБ Отчет Продажи (за 60 дней)'!$G:$G,$A19),0) -> 0 | M19: =ROUNDUP(SUMIFS('ВБ Отчет Продажи (за 60 дней)'!$L:$L,'ВБ Отчет Продажи (за 60 дней)'!$K:$K,"Самара (Новосемейкино)",'ВБ Отчет Продажи (за 60 дней)'!$G:$G,$A19),0) -> 0 | N19: =ROUNDUP(SUMIFS('ВБ Отчет Продажи (за 60 дней)'!$L:$L,'ВБ Отчет Продажи (за 60 дней)'!$K:$K,"Казань",'ВБ Отчет Продажи (за 60 дней)'!$G:$G,$A19),0) -> 0 | O19: =ROUNDUP(SUMIFS('ВБ Отчет Продажи (за 60 дней)'!$L:$L,'ВБ Отчет Продажи (за 60 дней)'!$K:$K,"СПБ Шушары",'ВБ Отчет Продажи (за 60 дней)'!$G:$G,$A19),0) -> 0 | P19: =ROUNDUP(SUMIFS('ВБ Отчет Продажи (за 60 дней)'!$L:$L,'ВБ Отчет Продажи (за 60 дней)'!$K:$K,"Екатеринбург - Перспективный 12",'ВБ Отчет Продажи (за 60 дней)'!$G:$G,$A19),0) -> 0 | Q19: =ROUNDUP(SUMIFS('ВБ Отчет Продажи (за 60 дней)'!$L:$L,'ВБ Отчет Продажи (за 60 дней)'!$K:$K,"Новосибирск",'ВБ Отчет Продажи (за 60 дней)'!$G:$G,$A19),0) -> 0 | R19: =SUM(F19:Q19) -> 3 | S19: =SUMIFS('ОЗОН Оборот ведом (за 60 дней)'!I:I,'ОЗОН Оборот ведом (за 60 дней)'!A:A,B19) -> 0 | T19: =SUM(R19:S19) -> 3 | U19: =SUMIFS('ВБ Отчет Продажи (за 60 дней)'!$P:$P,'ВБ Отчет Продажи (за 60 дней)'!$K:$K,"Электросталь",'ВБ Отчет Продажи (за 60 дней)'!$G:$G,$A19) -> 0 | V19: =SUMIFS('ВБ Отчет Продажи (за 60 дней)'!$P:$P,'ВБ Отчет Продажи (за 60 дней)'!$K:$K,"Коледино",'ВБ Отчет Продажи (за 60 дней)'!$G:$G,$A19) -> 0 | W19: =SUMIFS('ВБ Отчет Продажи (за 60 дней)'!$P:$P,'ВБ Отчет Продажи (за 60 дней)'!$K:$K,"Тула",'ВБ Отчет Продажи (за 60 дней)'!$G:$G,$A19) -> 0 | X19: =SUMIFS('ВБ Отчет Продажи (за 60 дней)'!$P:$P,'ВБ Отчет Продажи (за 60 дней)'!$K:$K,"Рязань (Тюшевское)",'ВБ Отчет Продажи (за 60 дней)'!$G:$G,$A19) -> 0 | Y19: =SUMIFS('ВБ Отчет Продажи (за 60 дней)'!$P:$P,'ВБ Отчет Продажи (за 60 дней)'!$K:$K,"Краснодар",'ВБ Отчет Продажи (за 60 дней)'!$G:$G,$A19) -> 0 | Z19: =SUMIFS('ВБ Отчет Продажи (за 60 дней)'!$P:$P,'ВБ Отчет Продажи (за 60 дней)'!$K:$K,"Невинномысск",'ВБ Отчет Продажи (за 60 дней)'!$G:$G,$A19) -> 0 | AA19: =SUMIFS('ВБ Отчет Продажи (за 60 дней)'!$P:$P,'ВБ Отчет Продажи (за 60 дней)'!$K:$K,"Волгоград",'ВБ Отчет Продажи (за 60 дней)'!$G:$G,$A19) -> 0 | AB19: =SUMIFS('ВБ Отчет Продажи (за 60 дней)'!$P:$P,'ВБ Отчет Продажи (за 60 дней)'!$K:$K,"Самара (Новосемейкино)",'ВБ Отчет Продажи (за 60 дней)'!$G:$G,$A19) -> 1 | AC19: =SUMIFS('ВБ Отчет Продажи (за 60 дней)'!$P:$P,'ВБ Отчет Продажи (за 60 дней)'!$K:$K,"Казань",'ВБ Отчет Продажи (за 60 дней)'!$G:$G,$A19) -> 0 | AD19: =SUMIFS('ВБ Отчет Продажи (за 60 дней)'!$P:$P,'ВБ Отчет Продажи (за 60 дней)'!$K:$K,"СПБ Шушары",'ВБ Отчет Продажи (за 60 дней)'!$G:$G,$A19) -> 7 | AE19: =SUMIFS('ВБ Отчет Продажи (за 60 дней)'!$P:$P,'ВБ Отчет Продажи (за 60 дней)'!$K:$K,"Екатеринбург - Перспективный 12",'ВБ Отчет Продажи (за 60 дней)'!$G:$G,$A19) -> 0 | AF19: =SUMIFS('ВБ Отчет Продажи (за 60 дней)'!$P:$P,'ВБ Отчет Продажи (за 60 дней)'!$K:$K,"Новосибирск",'ВБ Отчет Продажи (за 60 дней)'!$G:$G,$A19) -> 0 | AG19: =SUM(U19:AF19) -> 8 | AH19: =IFERROR(AG19*$R$1/R19,0) -> 160 | AI19: =SUMIFS('ОЗОН Оборот ведом (за 60 дней)'!J:J,'ОЗОН Оборот ведом (за 60 дней)'!A:A,B19) -> 0 | AJ19: =AG19+AI19 -> 8 | AK19: {=IFERROR(_xlfn.IFS((F19-U19)>0,F19/$R$1*$AY$1-U19,F19+U19=0,"нов"),0)} -> нов | AL19: {=IFERROR(_xlfn.IFS((G19-V19)>0,G19/$R$1*$AY$1-V19,G19+V19=0,"нов"),0)} -> нов | AM19: {=IFERROR(_xlfn.IFS((H19-W19)>0,H19/$R$1*$AY$1-W19,H19+W19=0,"нов"),0)} -> 3 | AN19: {=IFERROR(_xlfn.IFS((I19-X19)>0,I19/$R$1*$AY$1-X19,I19+X19=0,"нов"),0)} -> нов | AO19: {=IFERROR(_xlfn.IFS((J19-Y19)>0,J19/$R$1*$AY$1-Y19,J19+Y19=0,"нов"),0)} -> нов | AP19: {=IFERROR(_xlfn.IFS((K19-Z19)>0,K19/$R$1*$AY$1-Z19,K19+Z19=0,"нов"),0)} -> нов | AQ19: {=IFERROR(_xlfn.IFS((L19-AA19)>0,L19/$R$1*$AY$1-AA19,L19+AA19=0,"нов"),0)} -> нов | AR19: {=IFERROR(_xlfn.IFS((M19-AB19)>0,M19/$R$1*$AY$1-AB19,M19+AB19=0,"нов"),0)} -> 0 | ... AV19: {=IFERROR(_xlfn.IFS((Q19-AF19)>0,Q19/$R$1*$AY$1-AF19,Q19+AF19=0,"нов"),0)} -> нов | AW19: =SUM(AK19:AV19) -> 3 | AX19: =SUMIF('ОЗОН Доступн товара'!D:D,_xlfn.XLOOKUP($B19,'ОЗОН Доступн товара'!$A:$A,'ОЗОН Доступн товара'!$D:$D,0)) -> 0 | AY19: =SUM(AW19:AX19) -> 3 | AZ19: =IF(AK19="нов","нов",ROUNDUP(AK19*1.3,0)) -> нов | BA19: =IF(AL19="нов","нов",ROUNDUP(AL19*1.3,0)) -> нов | BB19: =IF(AM19="нов","нов",ROUNDUP(AM19*1.3,0)) -> 4 | BC19: =IF(AN19="нов","нов",ROUNDUP(AN19*1.3,0)) -> нов | BD19: =IF(AO19="нов","нов",ROUNDUP(AO19*1.3,0)) -> нов | BE19: =IF(AP19="нов","нов",ROUNDUP(AP19*1.3,0)) -> нов | BF19: =IF(AQ19="нов","нов",ROUNDUP(AQ19*1.3,0)) -> нов | BG19: =IF(AR19="нов","нов",ROUNDUP(AR19*1.3,0)) -> 0 | ... BK19: =IF(AV19="нов","нов",ROUNDUP(AV19*1.3,0)) -> нов | BL19: =SUM(AZ19:BK19) -> 4 | BM19: =AX19*1.3 -> 0 | BN19: =SUM(BL19:BM19) -> 4 | BO19: =IFERROR(_xlfn.XLOOKUP(A19,'[2] Расчет стоимости и веса'!$I:$I,'[2] Расчет стоимости и веса'!$D:$D),0) -> 50 | BP19: =BO19 -> 50 | BR19: 20 | BW19: 10 | BY19: 10 | CB19: 10 | CE19: =SUM(BR19:CD19) -> 50 | CF19: =MAX(BO19,CE19)-BQ19 -> 50 | CG19: =BO19+BQ19-CE19 -> 0
A20: =[1]Юнит!A22 -> 275208801 | B20: =[1]Юнит!B22 -> 2415742511 | C20: =[1]Юнит!C22 -> ACRB1MS101PN | D20: =[1]Юнит!D22 -> Массажер для тела розовый | E20: =[1]Юнит!E22 -> 2041591042329 | F20: =ROUNDUP(SUMIFS('ВБ Отчет Продажи (за 60 дней)'!$L:$L,'ВБ Отчет Продажи (за 60 дней)'!$K:$K,"Электросталь",'ВБ Отчет Продажи (за 60 дней)'!$G:$G,$A20),0) -> 0 | G20: =ROUNDUP(SUMIFS('ВБ Отчет Продажи (за 60 дней)'!$L:$L,'ВБ Отчет Продажи (за 60 дней)'!$K:$K,"Коледино",'ВБ Отчет Продажи (за 60 дней)'!$G:$G,$A20),0) -> 4 | H20: =ROUNDUP(SUMIFS('ВБ Отчет Продажи (за 60 дней)'!$L:$L,'ВБ Отчет Продажи (за 60 дней)'!$K:$K,"Тула",'ВБ Отчет Продажи (за 60 дней)'!$G:$G,$A20),0) -> 1 | I20: =ROUNDUP(SUMIFS('ВБ Отчет Продажи (за 60 дней)'!$L:$L,'ВБ Отчет Продажи (за 60 дней)'!$K:$K,"Рязань (Тюшевское)",'ВБ Отчет Продажи (за 60 дней)'!$G:$G,$A20),0) -> 1 | J20: =ROUNDUP(SUMIFS('ВБ Отчет Продажи (за 60 дней)'!$L:$L,'ВБ Отчет Продажи (за 60 дней)'!$K:$K,"Краснодар",'ВБ Отчет Продажи (за 60 дней)'!$G:$G,$A20),0) -> 0 | K20: =ROUNDUP(SUMIFS('ВБ Отчет Продажи (за 60 дней)'!$L:$L,'ВБ Отчет Продажи (за 60 дней)'!$K:$K,"Невинномысск",'ВБ Отчет Продажи (за 60 дней)'!$G:$G,$A20),0) -> 0 | L20: =ROUNDUP(SUMIFS('ВБ Отчет Продажи (за 60 дней)'!$L:$L,'ВБ Отчет Продажи (за 60 дней)'!$K:$K,"Волгоград",'ВБ Отчет Продажи (за 60 дней)'!$G:$G,$A20),0) -> 1 | M20: =ROUNDUP(SUMIFS('ВБ Отчет Продажи (за 60 дней)'!$L:$L,'ВБ Отчет Продажи (за 60 дней)'!$K:$K,"Самара (Новосемейкино)",'ВБ Отчет Продажи (за 60 дней)'!$G:$G,$A20),0) -> 2 | N20: =ROUNDUP(SUMIFS('ВБ Отчет Продажи (за 60 дней)'!$L:$L,'ВБ Отчет Продажи (за 60 дней)'!$K:$K,"Казань",'ВБ Отчет Продажи (за 60 дней)'!$G:$G,$A20),0) -> 1 | O20: =ROUNDUP(SUMIFS('ВБ Отчет Продажи (за 60 дней)'!$L:$L,'ВБ Отчет Продажи (за 60 дней)'!$K:$K,"СПБ Шушары",'ВБ Отчет Продажи (за 60 дней)'!$G:$G,$A20),0) -> 2 | P20: =ROUNDUP(SUMIFS('ВБ Отчет Продажи (за 60 дней)'!$L:$L,'ВБ Отчет Продажи (за 60 дней)'!$K:$K,"Екатеринбург - Перспективный 12",'ВБ Отчет Продажи (за 60 дней)'!$G:$G,$A20),0) -> 0 | Q20: =ROUNDUP(SUMIFS('ВБ Отчет Продажи (за 60 дней)'!$L:$L,'ВБ Отчет Продажи (за 60 дней)'!$K:$K,"Новосибирск",'ВБ Отчет Продажи (за 60 дней)'!$G:$G,$A20),0) -> 0 | R20: =SUM(F20:Q20) -> 12 | S20: =SUMIFS('ОЗОН Оборот ведом (за 60 дней)'!I:I,'ОЗОН Оборот ведом (за 60 дней)'!A:A,B20) -> 2 | T20: =SUM(R20:S20) -> 14 | U20: =SUMIFS('ВБ Отчет Продажи (за 60 дней)'!$P:$P,'ВБ Отчет Продажи (за 60 дней)'!$K:$K,"Электросталь",'ВБ Отчет Продажи (за 60 дней)'!$G:$G,$A20) -> 0 | V20: =SUMIFS('ВБ Отчет Продажи (за 60 дней)'!$P:$P,'ВБ Отчет Продажи (за 60 дней)'!$K:$K,"Коледино",'ВБ Отчет Продажи (за 60 дней)'!$G:$G,$A20) -> 1 | W20: =SUMIFS('ВБ Отчет Продажи (за 60 дней)'!$P:$P,'ВБ Отчет Продажи (за 60 дней)'!$K:$K,"Тула",'ВБ Отчет Продажи (за 60 дней)'!$G:$G,$A20) -> 13 | X20: =SUMIFS('ВБ Отчет Продажи (за 60 дней)'!$P:$P,'ВБ Отчет Продажи (за 60 дней)'!$K:$K,"Рязань (Тюшевское)",'ВБ Отчет Продажи (за 60 дней)'!$G:$G,$A20) -> 9 | Y20: =SUMIFS('ВБ Отчет Продажи (за 60 дней)'!$P:$P,'ВБ Отчет Продажи (за 60 дней)'!$K:$K,"Краснодар",'ВБ Отчет Продажи (за 60 дней)'!$G:$G,$A20) -> 12 | Z20: =SUMIFS('ВБ Отчет Продажи (за 60 дней)'!$P:$P,'ВБ Отчет Продажи (за 60 дней)'!$K:$K,"Невинномысск",'ВБ Отчет Продажи (за 60 дней)'!$G:$G,$A20) -> 0 | AA20: =SUMIFS('ВБ Отчет Продажи (за 60 дней)'!$P:$P,'ВБ Отчет Продажи (за 60 дней)'!$K:$K,"Волгоград",'ВБ Отчет Продажи (за 60 дней)'!$G:$G,$A20) -> 0 | AB20: =SUMIFS('ВБ Отчет Продажи (за 60 дней)'!$P:$P,'ВБ Отчет Продажи (за 60 дней)'!$K:$K,"Самара (Новосемейкино)",'ВБ Отчет Продажи (за 60 дней)'!$G:$G,$A20) -> 10 | AC20: =SUMIFS('ВБ Отчет Продажи (за 60 дней)'!$P:$P,'ВБ Отчет Продажи (за 60 дней)'!$K:$K,"Казань",'ВБ Отчет Продажи (за 60 дней)'!$G:$G,$A20) -> 1 | AD20: =SUMIFS('ВБ Отчет Продажи (за 60 дней)'!$P:$P,'ВБ Отчет Продажи (за 60 дней)'!$K:$K,"СПБ Шушары",'ВБ Отчет Продажи (за 60 дней)'!$G:$G,$A20) -> 10 | AE20: =SUMIFS('ВБ Отчет Продажи (за 60 дней)'!$P:$P,'ВБ Отчет Продажи (за 60 дней)'!$K:$K,"Екатеринбург - Перспективный 12",'ВБ Отчет Продажи (за 60 дней)'!$G:$G,$A20) -> 0 | AF20: =SUMIFS('ВБ Отчет Продажи (за 60 дней)'!$P:$P,'ВБ Отчет Продажи (за 60 дней)'!$K:$K,"Новосибирск",'ВБ Отчет Продажи (за 60 дней)'!$G:$G,$A20) -> 0 | AG20: =SUM(U20:AF20) -> 56 | AH20: =IFERROR(AG20*$R$1/R20,0) -> 280 | AI20: =SUMIFS('ОЗОН Оборот ведом (за 60 дней)'!J:J,'ОЗОН Оборот ведом (за 60 дней)'!A:A,B20) -> 0 | AJ20: =AG20+AI20 -> 56 | AK20: {=IFERROR(_xlfn.IFS((F20-U20)>0,F20/$R$1*$AY$1-U20,F20+U20=0,"нов"),0)} -> нов | AL20: {=IFERROR(_xlfn.IFS((G20-V20)>0,G20/$R$1*$AY$1-V20,G20+V20=0,"нов"),0)} -> 3 | AM20: {=IFERROR(_xlfn.IFS((H20-W20)>0,H20/$R$1*$AY$1-W20,H20+W20=0,"нов"),0)} -> 0 | AN20: {=IFERROR(_xlfn.IFS((I20-X20)>0,I20/$R$1*$AY$1-X20,I20+X20=0,"нов"),0)} -> 0 | AO20: {=IFERROR(_xlfn.IFS((J20-Y20)>0,J20/$R$1*$AY$1-Y20,J20+Y20=0,"нов"),0)} -> 0 | AP20: {=IFERROR(_xlfn.IFS((K20-Z20)>0,K20/$R$1*$AY$1-Z20,K20+Z20=0,"нов"),0)} -> нов | AQ20: {=IFERROR(_xlfn.IFS((L20-AA20)>0,L20/$R$1*$AY$1-AA20,L20+AA20=0,"нов"),0)} -> 1 | AR20: {=IFERROR(_xlfn.IFS((M20-AB20)>0,M20/$R$1*$AY$1-AB20,M20+AB20=0,"нов"),0)} -> 0 | ... AV20: {=IFERROR(_xlfn.IFS((Q20-AF20)>0,Q20/$R$1*$AY$1-AF20,Q20+AF20=0,"нов"),0)} -> нов | AW20: =SUM(AK20:AV20) -> 4 | AX20: =SUMIF('ОЗОН Доступн товара'!D:D,_xlfn.XLOOKUP($B20,'ОЗОН Доступн товара'!$A:$A,'ОЗОН Доступн товара'!$D:$D,0)) -> 0 | AY20: =SUM(AW20:AX20) -> 4 | AZ20: =IF(AK20="нов","нов",ROUNDUP(AK20*1.3,0)) -> нов | BA20: =IF(AL20="нов","нов",ROUNDUP(AL20*1.3,0)) -> 4 | BB20: =IF(AM20="нов","нов",ROUNDUP(AM20*1.3,0)) -> 0 | BC20: =IF(AN20="нов","нов",ROUNDUP(AN20*1.3,0)) -> 0 | BD20: =IF(AO20="нов","нов",ROUNDUP(AO20*1.3,0)) -> 0 | BE20: =IF(AP20="нов","нов",ROUNDUP(AP20*1.3,0)) -> нов | BF20: =IF(AQ20="нов","нов",ROUNDUP(AQ20*1.3,0)) -> 2 | BG20: =IF(AR20="нов","нов",ROUNDUP(AR20*1.3,0)) -> 0 | ... BK20: =IF(AV20="нов","нов",ROUNDUP(AV20*1.3,0)) -> нов | BL20: =SUM(AZ20:BK20) -> 6 | BM20: =AX20*1.3 -> 0 | BN20: =SUM(BL20:BM20) -> 6 | BO20: =IFERROR(_xlfn.XLOOKUP(A20,'[2] Расчет стоимости и веса'!$I:$I,'[2] Расчет стоимости и веса'!$D:$D),0) -> 10 | BP20: =BO20 -> 10 | CB20: 10 | CE20: =SUM(BR20:CD20) -> 10 | CF20: =MAX(BO20,CE20)-BQ20 -> 10 | CG20: =BO20+BQ20-CE20 -> 0
A21: =[1]Юнит!A23 -> 275208802 | B21: =[1]Юнит!B23 -> 2415742636 | C21: =[1]Юнит!C23 -> ACRB1MS101BL | D21: =[1]Юнит!D23 -> Массажер для тела голубой | E21: =[1]Юнит!E23 -> 2041591055954 | F21: =ROUNDUP(SUMIFS('ВБ Отчет Продажи (за 60 дней)'!$L:$L,'ВБ Отчет Продажи (за 60 дней)'!$K:$K,"Электросталь",'ВБ Отчет Продажи (за 60 дней)'!$G:$G,$A21),0) -> 0 | G21: =ROUNDUP(SUMIFS('ВБ Отчет Продажи (за 60 дней)'!$L:$L,'ВБ Отчет Продажи (за 60 дней)'!$K:$K,"Коледино",'ВБ Отчет Продажи (за 60 дней)'!$G:$G,$A21),0) -> 0 | H21: =ROUNDUP(SUMIFS('ВБ Отчет Продажи (за 60 дней)'!$L:$L,'ВБ Отчет Продажи (за 60 дней)'!$K:$K,"Тула",'ВБ Отчет Продажи (за 60 дней)'!$G:$G,$A21),0) -> 0 | I21: =ROUNDUP(SUMIFS('ВБ Отчет Продажи (за 60 дней)'!$L:$L,'ВБ Отчет Продажи (за 60 дней)'!$K:$K,"Рязань (Тюшевское)",'ВБ Отчет Продажи (за 60 дней)'!$G:$G,$A21),0) -> 0 | J21: =ROUNDUP(SUMIFS('ВБ Отчет Продажи (за 60 дней)'!$L:$L,'ВБ Отчет Продажи (за 60 дней)'!$K:$K,"Краснодар",'ВБ Отчет Продажи (за 60 дней)'!$G:$G,$A21),0) -> 2 | K21: =ROUNDUP(SUMIFS('ВБ Отчет Продажи (за 60 дней)'!$L:$L,'ВБ Отчет Продажи (за 60 дней)'!$K:$K,"Невинномысск",'ВБ Отчет Продажи (за 60 дней)'!$G:$G,$A21),0) -> 2 | L21: =ROUNDUP(SUMIFS('ВБ Отчет Продажи (за 60 дней)'!$L:$L,'ВБ Отчет Продажи (за 60 дней)'!$K:$K,"Волгоград",'ВБ Отчет Продажи (за 60 дней)'!$G:$G,$A21),0) -> 0 | M21: =ROUNDUP(SUMIFS('ВБ Отчет Продажи (за 60 дней)'!$L:$L,'ВБ Отчет Продажи (за 60 дней)'!$K:$K,"Самара (Новосемейкино)",'ВБ Отчет Продажи (за 60 дней)'!$G:$G,$A21),0) -> 1 | N21: =ROUNDUP(SUMIFS('ВБ Отчет Продажи (за 60 дней)'!$L:$L,'ВБ Отчет Продажи (за 60 дней)'!$K:$K,"Казань",'ВБ Отчет Продажи (за 60 дней)'!$G:$G,$A21),0) -> 0 | O21: =ROUNDUP(SUMIFS('ВБ Отчет Продажи (за 60 дней)'!$L:$L,'ВБ Отчет Продажи (за 60 дней)'!$K:$K,"СПБ Шушары",'ВБ Отчет Продажи (за 60 дней)'!$G:$G,$A21),0) -> 0 | P21: =ROUNDUP(SUMIFS('ВБ Отчет Продажи (за 60 дней)'!$L:$L,'ВБ Отчет Продажи (за 60 дней)'!$K:$K,"Екатеринбург - Перспективный 12",'ВБ Отчет Продажи (за 60 дней)'!$G:$G,$A21),0) -> 0 | Q21: =ROUNDUP(SUMIFS('ВБ Отчет Продажи (за 60 дней)'!$L:$L,'ВБ Отчет Продажи (за 60 дней)'!$K:$K,"Новосибирск",'ВБ Отчет Продажи (за 60 дней)'!$G:$G,$A21),0) -> 0 | R21: =SUM(F21:Q21) -> 5 | S21: =SUMIFS('ОЗОН Оборот ведом (за 60 дней)'!I:I,'ОЗОН Оборот ведом (за 60 дней)'!A:A,B21) -> 1 | T21: =SUM(R21:S21) -> 6 | U21: =SUMIFS('ВБ Отчет Продажи (за 60 дней)'!$P:$P,'ВБ Отчет Продажи (за 60 дней)'!$K:$K,"Электросталь",'ВБ Отчет Продажи (за 60 дней)'!$G:$G,$A21) -> 0 | V21: =SUMIFS('ВБ Отчет Продажи (за 60 дней)'!$P:$P,'ВБ Отчет Продажи (за 60 дней)'!$K:$K,"Коледино",'ВБ Отчет Продажи (за 60 дней)'!$G:$G,$A21) -> 0 | W21: =SUMIFS('ВБ Отчет Продажи (за 60 дней)'!$P:$P,'ВБ Отчет Продажи (за 60 дней)'!$K:$K,"Тула",'ВБ Отчет Продажи (за 60 дней)'!$G:$G,$A21) -> 0 | X21: =SUMIFS('ВБ Отчет Продажи (за 60 дней)'!$P:$P,'ВБ Отчет Продажи (за 60 дней)'!$K:$K,"Рязань (Тюшевское)",'ВБ Отчет Продажи (за 60 дней)'!$G:$G,$A21) -> 0 | Y21: =SUMIFS('ВБ Отчет Продажи (за 60 дней)'!$P:$P,'ВБ Отчет Продажи (за 60 дней)'!$K:$K,"Краснодар",'ВБ Отчет Продажи (за 60 дней)'!$G:$G,$A21) -> 0 | Z21: =SUMIFS('ВБ Отчет Продажи (за 60 дней)'!$P:$P,'ВБ Отчет Продажи (за 60 дней)'!$K:$K,"Невинномысск",'ВБ Отчет Продажи (за 60 дней)'!$G:$G,$A21) -> 0 | AA21: =SUMIFS('ВБ Отчет Продажи (за 60 дней)'!$P:$P,'ВБ Отчет Продажи (за 60 дней)'!$K:$K,"Волгоград",'ВБ Отчет Продажи (за 60 дней)'!$G:$G,$A21) -> 0 | AB21: =SUMIFS('ВБ Отчет Продажи (за 60 дней)'!$P:$P,'ВБ Отчет Продажи (за 60 дней)'!$K:$K,"Самара (Новосемейкино)",'ВБ Отчет Продажи (за 60 дней)'!$G:$G,$A21) -> 0 | AC21: =SUMIFS('ВБ Отчет Продажи (за 60 дней)'!$P:$P,'ВБ Отчет Продажи (за 60 дней)'!$K:$K,"Казань",'ВБ Отчет Продажи (за 60 дней)'!$G:$G,$A21) -> 0 | AD21: =SUMIFS('ВБ Отчет Продажи (за 60 дней)'!$P:$P,'ВБ Отчет Продажи (за 60 дней)'!$K:$K,"СПБ Шушары",'ВБ Отчет Продажи (за 60 дней)'!$G:$G,$A21) -> 0 | AE21: =SUMIFS('ВБ Отчет Продажи (за 60 дней)'!$P:$P,'ВБ Отчет Продажи (за 60 дней)'!$K:$K,"Екатеринбург - Перспективный 12",'ВБ Отчет Продажи (за 60 дней)'!$G:$G,$A21) -> 0 | AF21: =SUMIFS('ВБ Отчет Продажи (за 60 дней)'!$P:$P,'ВБ Отчет Продажи (за 60 дней)'!$K:$K,"Новосибирск",'ВБ Отчет Продажи (за 60 дней)'!$G:$G,$A21) -> 0 | AG21: =SUM(U21:AF21) -> 0 | AH21: =IFERROR(AG21*$R$1/R21,0) -> 0 | AI21: =SUMIFS('ОЗОН Оборот ведом (за 60 дней)'!J:J,'ОЗОН Оборот ведом (за 60 дней)'!A:A,B21) -> 0 | AJ21: =AG21+AI21 -> 0 | AK21: {=IFERROR(_xlfn.IFS((F21-U21)>0,F21/$R$1*$AY$1-U21,F21+U21=0,"нов"),0)} -> нов | AL21: {=IFERROR(_xlfn.IFS((G21-V21)>0,G21/$R$1*$AY$1-V21,G21+V21=0,"нов"),0)} -> нов | AM21: {=IFERROR(_xlfn.IFS((H21-W21)>0,H21/$R$1*$AY$1-W21,H21+W21=0,"нов"),0)} -> нов | AN21: {=IFERROR(_xlfn.IFS((I21-X21)>0,I21/$R$1*$AY$1-X21,I21+X21=0,"нов"),0)} -> нов | AO21: {=IFERROR(_xlfn.IFS((J21-Y21)>0,J21/$R$1*$AY$1-Y21,J21+Y21=0,"нов"),0)} -> 2 | AP21: {=IFERROR(_xlfn.IFS((K21-Z21)>0,K21/$R$1*$AY$1-Z21,K21+Z21=0,"нов"),0)} -> 2 | AQ21: {=IFERROR(_xlfn.IFS((L21-AA21)>0,L21/$R$1*$AY$1-AA21,L21+AA21=0,"нов"),0)} -> нов | AR21: {=IFERROR(_xlfn.IFS((M21-AB21)>0,M21/$R$1*$AY$1-AB21,M21+AB21=0,"нов"),0)} -> 1 | ... AV21: {=IFERROR(_xlfn.IFS((Q21-AF21)>0,Q21/$R$1*$AY$1-AF21,Q21+AF21=0,"нов"),0)} -> нов | AW21: =SUM(AK21:AV21) -> 5 | AX21: =SUMIF('ОЗОН Доступн товара'!D:D,_xlfn.XLOOKUP($B21,'ОЗОН Доступн товара'!$A:$A,'ОЗОН Доступн товара'!$D:$D,0)) -> 0 | AY21: =SUM(AW21:AX21) -> 5 | AZ21: =IF(AK21="нов","нов",ROUNDUP(AK21*1.3,0)) -> нов | BA21: =IF(AL21="нов","нов",ROUNDUP(AL21*1.3,0)) -> нов | BB21: =IF(AM21="нов","нов",ROUNDUP(AM21*1.3,0)) -> нов | BC21: =IF(AN21="нов","нов",ROUNDUP(AN21*1.3,0)) -> нов | BD21: =IF(AO21="нов","нов",ROUNDUP(AO21*1.3,0)) -> 3 | BE21: =IF(AP21="нов","нов",ROUNDUP(AP21*1.3,0)) -> 3 | BF21: =IF(AQ21="нов","нов",ROUNDUP(AQ21*1.3,0)) -> нов | BG21: =IF(AR21="нов","нов",ROUNDUP(AR21*1.3,0)) -> 2 | ... BK21: =IF(AV21="нов","нов",ROUNDUP(AV21*1.3,0)) -> нов | BL21: =SUM(AZ21:BK21) -> 8 | BM21: =AX21*1.3 -> 0 | BN21: =SUM(BL21:BM21) -> 8 | BO21: =IFERROR(_xlfn.XLOOKUP(A21,'[2] Расчет стоимости и веса'!$I:$I,'[2] Расчет стоимости и веса'!$D:$D),0) -> 60 | BP21: =BO21 -> 60 | BR21: 20 | BW21: 10 | BY21: 10 | CA21: 10 | CB21: 10 | CE21: =SUM(BR21:CD21) -> 60 | CF21: =MAX(BO21,CE21)-BQ21 -> 60 | CG21: =BO21+BQ21-CE21 -> 0
A22: =[1]Юнит!A24 -> 236072835 | B22: =[1]Юнит!B24 -> 1980924906 | C22: =[1]Юнит!C24 -> ACRB1MS106WH | D22: =[1]Юнит!D24 -> Мяч с шипами белый 6 см | E22: =[1]Юнит!E24 -> 2040278804496 | F22: =ROUNDUP(SUMIFS('ВБ Отчет Продажи (за 60 дней)'!$L:$L,'ВБ Отчет Продажи (за 60 дней)'!$K:$K,"Электросталь",'ВБ Отчет Продажи (за 60 дней)'!$G:$G,$A22),0) -> 20 | G22: =ROUNDUP(SUMIFS('ВБ Отчет Продажи (за 60 дней)'!$L:$L,'ВБ Отчет Продажи (за 60 дней)'!$K:$K,"Коледино",'ВБ Отчет Продажи (за 60 дней)'!$G:$G,$A22),0) -> 3 | H22: =ROUNDUP(SUMIFS('ВБ Отчет Продажи (за 60 дней)'!$L:$L,'ВБ Отчет Продажи (за 60 дней)'!$K:$K,"Тула",'ВБ Отчет Продажи (за 60 дней)'!$G:$G,$A22),0) -> 3 | I22: =ROUNDUP(SUMIFS('ВБ Отчет Продажи (за 60 дней)'!$L:$L,'ВБ Отчет Продажи (за 60 дней)'!$K:$K,"Рязань (Тюшевское)",'ВБ Отчет Продажи (за 60 дней)'!$G:$G,$A22),0) -> 6 | J22: =ROUNDUP(SUMIFS('ВБ Отчет Продажи (за 60 дней)'!$L:$L,'ВБ Отчет Продажи (за 60 дней)'!$K:$K,"Краснодар",'ВБ Отчет Продажи (за 60 дней)'!$G:$G,$A22),0) -> 1 | K22: =ROUNDUP(SUMIFS('ВБ Отчет Продажи (за 60 дней)'!$L:$L,'ВБ Отчет Продажи (за 60 дней)'!$K:$K,"Невинномысск",'ВБ Отчет Продажи (за 60 дней)'!$G:$G,$A22),0) -> 10 | L22: =ROUNDUP(SUMIFS('ВБ Отчет Продажи (за 60 дней)'!$L:$L,'ВБ Отчет Продажи (за 60 дней)'!$K:$K,"Волгоград",'ВБ Отчет Продажи (за 60 дней)'!$G:$G,$A22),0) -> 0 | M22: =ROUNDUP(SUMIFS('ВБ Отчет Продажи (за 60 дней)'!$L:$L,'ВБ Отчет Продажи (за 60 дней)'!$K:$K,"Самара (Новосемейкино)",'ВБ Отчет Продажи (за 60 дней)'!$G:$G,$A22),0) -> 29 | N22: =ROUNDUP(SUMIFS('ВБ Отчет Продажи (за 60 дней)'!$L:$L,'ВБ Отчет Продажи (за 60 дней)'!$K:$K,"Казань",'ВБ Отчет Продажи (за 60 дней)'!$G:$G,$A22),0) -> 0 | O22: =ROUNDUP(SUMIFS('ВБ Отчет Продажи (за 60 дней)'!$L:$L,'ВБ Отчет Продажи (за 60 дней)'!$K:$K,"СПБ Шушары",'ВБ Отчет Продажи (за 60 дней)'!$G:$G,$A22),0) -> 16 | P22: =ROUNDUP(SUMIFS('ВБ Отчет Продажи (за 60 дней)'!$L:$L,'ВБ Отчет Продажи (за 60 дней)'!$K:$K,"Екатеринбург - Перспективный 12",'ВБ Отчет Продажи (за 60 дней)'!$G:$G,$A22),0) -> 0 | Q22: =ROUNDUP(SUMIFS('ВБ Отчет Продажи (за 60 дней)'!$L:$L,'ВБ Отчет Продажи (за 60 дней)'!$K:$K,"Новосибирск",'ВБ Отчет Продажи (за 60 дней)'!$G:$G,$A22),0) -> 0 | R22: =SUM(F22:Q22) -> 88 | S22: =SUMIFS('ОЗОН Оборот ведом (за 60 дней)'!I:I,'ОЗОН Оборот ведом (за 60 дней)'!A:A,B22) -> 26 | T22: =SUM(R22:S22) -> 114 | U22: =SUMIFS('ВБ Отчет Продажи (за 60 дней)'!$P:$P,'ВБ Отчет Продажи (за 60 дней)'!$K:$K,"Электросталь",'ВБ Отчет Продажи (за 60 дней)'!$G:$G,$A22) -> 16 | V22: =SUMIFS('ВБ Отчет Продажи (за 60 дней)'!$P:$P,'ВБ Отчет Продажи (за 60 дней)'!$K:$K,"Коледино",'ВБ Отчет Продажи (за 60 дней)'!$G:$G,$A22) -> 1 | W22: =SUMIFS('ВБ Отчет Продажи (за 60 дней)'!$P:$P,'ВБ Отчет Продажи (за 60 дней)'!$K:$K,"Тула",'ВБ Отчет Продажи (за 60 дней)'!$G:$G,$A22) -> 0 | X22: =SUMIFS('ВБ Отчет Продажи (за 60 дней)'!$P:$P,'ВБ Отчет Продажи (за 60 дней)'!$K:$K,"Рязань (Тюшевское)",'ВБ Отчет Продажи (за 60 дней)'!$G:$G,$A22) -> 24 | Y22: =SUMIFS('ВБ Отчет Продажи (за 60 дней)'!$P:$P,'ВБ Отчет Продажи (за 60 дней)'!$K:$K,"Краснодар",'ВБ Отчет Продажи (за 60 дней)'!$G:$G,$A22) -> 0 | Z22: =SUMIFS('ВБ Отчет Продажи (за 60 дней)'!$P:$P,'ВБ Отчет Продажи (за 60 дней)'!$K:$K,"Невинномысск",'ВБ Отчет Продажи (за 60 дней)'!$G:$G,$A22) -> 64 | AA22: =SUMIFS('ВБ Отчет Продажи (за 60 дней)'!$P:$P,'ВБ Отчет Продажи (за 60 дней)'!$K:$K,"Волгоград",'ВБ Отчет Продажи (за 60 дней)'!$G:$G,$A22) -> 0 | AB22: =SUMIFS('ВБ Отчет Продажи (за 60 дней)'!$P:$P,'ВБ Отчет Продажи (за 60 дней)'!$K:$K,"Самара (Новосемейкино)",'ВБ Отчет Продажи (за 60 дней)'!$G:$G,$A22) -> 40 | AC22: =SUMIFS('ВБ Отчет Продажи (за 60 дней)'!$P:$P,'ВБ Отчет Продажи (за 60 дней)'!$K:$K,"Казань",'ВБ Отчет Продажи (за 60 дней)'!$G:$G,$A22) -> 0 | AD22: =SUMIFS('ВБ Отчет Продажи (за 60 дней)'!$P:$P,'ВБ Отчет Продажи (за 60 дней)'!$K:$K,"СПБ Шушары",'ВБ Отчет Продажи (за 60 дней)'!$G:$G,$A22) -> 119 | AE22: =SUMIFS('ВБ Отчет Продажи (за 60 дней)'!$P:$P,'ВБ Отчет Продажи (за 60 дней)'!$K:$K,"Екатеринбург - Перспективный 12",'ВБ Отчет Продажи (за 60 дней)'!$G:$G,$A22) -> 0 | AF22: =SUMIFS('ВБ Отчет Продажи (за 60 дней)'!$P:$P,'ВБ Отчет Продажи (за 60 дней)'!$K:$K,"Новосибирск",'ВБ Отчет Продажи (за 60 дней)'!$G:$G,$A22) -> 0 | AG22: =SUM(U22:AF22) -> 264 | AH22: =IFERROR(AG22*$R$1/R22,0) -> 180 | AI22: =SUMIFS('ОЗОН Оборот ведом (за 60 дней)'!J:J,'ОЗОН Оборот ведом (за 60 дней)'!A:A,B22) -> 1 | AJ22: =AG22+AI22 -> 265 | AK22: {=IFERROR(_xlfn.IFS((F22-U22)>0,F22/$R$1*$AY$1-U22,F22+U22=0,"нов"),0)} -> 4 | AL22: {=IFERROR(_xlfn.IFS((G22-V22)>0,G22/$R$1*$AY$1-V22,G22+V22=0,"нов"),0)} -> 2 | AM22: {=IFERROR(_xlfn.IFS((H22-W22)>0,H22/$R$1*$AY$1-W22,H22+W22=0,"нов"),0)} -> 3 | AN22: {=IFERROR(_xlfn.IFS((I22-X22)>0,I22/$R$1*$AY$1-X22,I22+X22=0,"нов"),0)} -> 0 | AO22: {=IFERROR(_xlfn.IFS((J22-Y22)>0,J22/$R$1*$AY$1-Y22,J22+Y22=0,"нов"),0)} -> 1 | AP22: {=IFERROR(_xlfn.IFS((K22-Z22)>0,K22/$R$1*$AY$1-Z22,K22+Z22=0,"нов"),0)} -> 0 | AQ22: {=IFERROR(_xlfn.IFS((L22-AA22)>0,L22/$R$1*$AY$1-AA22,L22+AA22=0,"нов"),0)} -> нов | AR22: {=IFERROR(_xlfn.IFS((M22-AB22)>0,M22/$R$1*$AY$1-AB22,M22+AB22=0,"нов"),0)} -> 0 | ... AV22: {=IFERROR(_xlfn.IFS((Q22-AF22)>0,Q22/$R$1*$AY$1-AF22,Q22+AF22=0,"нов"),0)} -> нов | AW22: =SUM(AK22:AV22) -> 10 | AX22: =SUMIF('ОЗОН Доступн товара'!D:D,_xlfn.XLOOKUP($B22,'ОЗОН Доступн товара'!$A:$A,'ОЗОН Доступн товара'!$D:$D,0)) -> 0 | AY22: =SUM(AW22:AX22) -> 10 | AZ22: =IF(AK22="нов","нов",ROUNDUP(AK22*1.3,0)) -> 6 | BA22: =IF(AL22="нов","нов",ROUNDUP(AL22*1.3,0)) -> 3 | BB22: =IF(AM22="нов","нов",ROUNDUP(AM22*1.3,0)) -> 4 | BC22: =IF(AN22="нов","нов",ROUNDUP(AN22*1.3,0)) -> 0 | BD22: =IF(AO22="нов","нов",ROUNDUP(AO22*1.3,0)) -> 2 | BE22: =IF(AP22="нов","нов",ROUNDUP(AP22*1.3,0)) -> 0 | BF22: =IF(AQ22="нов","нов",ROUNDUP(AQ22*1.3,0)) -> нов | BG22: =IF(AR22="нов","нов",ROUNDUP(AR22*1.3,0)) -> 0 | ... BK22: =IF(AV22="нов","нов",ROUNDUP(AV22*1.3,0)) -> нов | BL22: =SUM(AZ22:BK22) -> 15 | BM22: =AX22*1.3 -> 0 | BN22: =SUM(BL22:BM22) -> 15 | BO22: =IFERROR(_xlfn.XLOOKUP(A22,'[2] Расчет стоимости и веса'!$I:$I,'[2] Расчет стоимости и веса'!$D:$D),0) -> 125 | BP22: =BO22 -> 125 | BR22: 75 | CB22: 50 | CE22: =SUM(BR22:CD22) -> 125 | CF22: =MAX(BO22,CE22)-BQ22 -> 125 | CG22: =BO22+BQ22-CE22 -> 0
A23: =[1]Юнит!A25 -> 236072836 | B23: =[1]Юнит!B25 -> 1980925084 | C23: =[1]Юнит!C25 -> ACRB1MS106PN | D23: =[1]Юнит!D25 -> Мяч с шипами розовый 6 см | E23: =[1]Юнит!E25 -> 2040278810534 | F23: =ROUNDUP(SUMIFS('ВБ Отчет Продажи (за 60 дней)'!$L:$L,'ВБ Отчет Продажи (за 60 дней)'!$K:$K,"Электросталь",'ВБ Отчет Продажи (за 60 дней)'!$G:$G,$A23),0) -> 1 | G23: =ROUNDUP(SUMIFS('ВБ Отчет Продажи (за 60 дней)'!$L:$L,'ВБ Отчет Продажи (за 60 дней)'!$K:$K,"Коледино",'ВБ Отчет Продажи (за 60 дней)'!$G:$G,$A23),0) -> 4 | H23: =ROUNDUP(SUMIFS('ВБ Отчет Продажи (за 60 дней)'!$L:$L,'ВБ Отчет Продажи (за 60 дней)'!$K:$K,"Тула",'ВБ Отчет Продажи (за 60 дней)'!$G:$G,$A23),0) -> 1 | I23: =ROUNDUP(SUMIFS('ВБ Отчет Продажи (за 60 дней)'!$L:$L,'ВБ Отчет Продажи (за 60 дней)'!$K:$K,"Рязань (Тюшевское)",'ВБ Отчет Продажи (за 60 дней)'!$G:$G,$A23),0) -> 15 | J23: =ROUNDUP(SUMIFS('ВБ Отчет Продажи (за 60 дней)'!$L:$L,'ВБ Отчет Продажи (за 60 дней)'!$K:$K,"Краснодар",'ВБ Отчет Продажи (за 60 дней)'!$G:$G,$A23),0) -> 14 | K23: =ROUNDUP(SUMIFS('ВБ Отчет Продажи (за 60 дней)'!$L:$L,'ВБ Отчет Продажи (за 60 дней)'!$K:$K,"Невинномысск",'ВБ Отчет Продажи (за 60 дней)'!$G:$G,$A23),0) -> 1 | L23: =ROUNDUP(SUMIFS('ВБ Отчет Продажи (за 60 дней)'!$L:$L,'ВБ Отчет Продажи (за 60 дней)'!$K:$K,"Волгоград",'ВБ Отчет Продажи (за 60 дней)'!$G:$G,$A23),0) -> 0 | M23: =ROUNDUP(SUMIFS('ВБ Отчет Продажи (за 60 дней)'!$L:$L,'ВБ Отчет Продажи (за 60 дней)'!$K:$K,"Самара (Новосемейкино)",'ВБ Отчет Продажи (за 60 дней)'!$G:$G,$A23),0) -> 45 | N23: =ROUNDUP(SUMIFS('ВБ Отчет Продажи (за 60 дней)'!$L:$L,'ВБ Отчет Продажи (за 60 дней)'!$K:$K,"Казань",'ВБ Отчет Продажи (за 60 дней)'!$G:$G,$A23),0) -> 0 | O23: =ROUNDUP(SUMIFS('ВБ Отчет Продажи (за 60 дней)'!$L:$L,'ВБ Отчет Продажи (за 60 дней)'!$K:$K,"СПБ Шушары",'ВБ Отчет Продажи (за 60 дней)'!$G:$G,$A23),0) -> 28 | P23: =ROUNDUP(SUMIFS('ВБ Отчет Продажи (за 60 дней)'!$L:$L,'ВБ Отчет Продажи (за 60 дней)'!$K:$K,"Екатеринбург - Перспективный 12",'ВБ Отчет Продажи (за 60 дней)'!$G:$G,$A23),0) -> 0 | Q23: =ROUNDUP(SUMIFS('ВБ Отчет Продажи (за 60 дней)'!$L:$L,'ВБ Отчет Продажи (за 60 дней)'!$K:$K,"Новосибирск",'ВБ Отчет Продажи (за 60 дней)'!$G:$G,$A23),0) -> 0 | R23: =SUM(F23:Q23) -> 109 | S23: =SUMIFS('ОЗОН Оборот ведом (за 60 дней)'!I:I,'ОЗОН Оборот ведом (за 60 дней)'!A:A,B23) -> 60 | T23: =SUM(R23:S23) -> 169 | U23: =SUMIFS('ВБ Отчет Продажи (за 60 дней)'!$P:$P,'ВБ Отчет Продажи (за 60 дней)'!$K:$K,"Электросталь",'ВБ Отчет Продажи (за 60 дней)'!$G:$G,$A23) -> 0 | V23: =SUMIFS('ВБ Отчет Продажи (за 60 дней)'!$P:$P,'ВБ Отчет Продажи (за 60 дней)'!$K:$K,"Коледино",'ВБ Отчет Продажи (за 60 дней)'!$G:$G,$A23) -> 0 | W23: =SUMIFS('ВБ Отчет Продажи (за 60 дней)'!$P:$P,'ВБ Отчет Продажи (за 60 дней)'!$K:$K,"Тула",'ВБ Отчет Продажи (за 60 дней)'!$G:$G,$A23) -> 1 | X23: =SUMIFS('ВБ Отчет Продажи (за 60 дней)'!$P:$P,'ВБ Отчет Продажи (за 60 дней)'!$K:$K,"Рязань (Тюшевское)",'ВБ Отчет Продажи (за 60 дней)'!$G:$G,$A23) -> 0 | Y23: =SUMIFS('ВБ Отчет Продажи (за 60 дней)'!$P:$P,'ВБ Отчет Продажи (за 60 дней)'!$K:$K,"Краснодар",'ВБ Отчет Продажи (за 60 дней)'!$G:$G,$A23) -> 0 | Z23: =SUMIFS('ВБ Отчет Продажи (за 60 дней)'!$P:$P,'ВБ Отчет Продажи (за 60 дней)'!$K:$K,"Невинномысск",'ВБ Отчет Продажи (за 60 дней)'!$G:$G,$A23) -> 0 | AA23: =SUMIFS('ВБ Отчет Продажи (за 60 дней)'!$P:$P,'ВБ Отчет Продажи (за 60 дней)'!$K:$K,"Волгоград",'ВБ Отчет Продажи (за 60 дней)'!$G:$G,$A23) -> 0 | AB23: =SUMIFS('ВБ Отчет Продажи (за 60 дней)'!$P:$P,'ВБ Отчет Продажи (за 60 дней)'!$K:$K,"Самара (Новосемейкино)",'ВБ Отчет Продажи (за 60 дней)'!$G:$G,$A23) -> 0 | AC23: =SUMIFS('ВБ Отчет Продажи (за 60 дней)'!$P:$P,'ВБ Отчет Продажи (за 60 дней)'!$K:$K,"Казань",'ВБ Отчет Продажи (за 60 дней)'!$G:$G,$A23) -> 0 | AD23: =SUMIFS('ВБ Отчет Продажи (за 60 дней)'!$P:$P,'ВБ Отчет Продажи (за 60 дней)'!$K:$K,"СПБ Шушары",'ВБ Отчет Продажи (за 60 дней)'!$G:$G,$A23) -> 0 | AE23: =SUMIFS('ВБ Отчет Продажи (за 60 дней)'!$P:$P,'ВБ Отчет Продажи (за 60 дней)'!$K:$K,"Екатеринбург - Перспективный 12",'ВБ Отчет Продажи (за 60 дней)'!$G:$G,$A23) -> 0 | AF23: =SUMIFS('ВБ Отчет Продажи (за 60 дней)'!$P:$P,'ВБ Отчет Продажи (за 60 дней)'!$K:$K,"Новосибирск",'ВБ Отчет Продажи (за 60 дней)'!$G:$G,$A23) -> 0 | AG23: =SUM(U23:AF23) -> 1 | AH23: =IFERROR(AG23*$R$1/R23,0) -> 0.55045872 | AI23: =SUMIFS('ОЗОН Оборот ведом (за 60 дней)'!J:J,'ОЗОН Оборот ведом (за 60 дней)'!A:A,B23) -> 0 | AJ23: =AG23+AI23 -> 1 | AK23: {=IFERROR(_xlfn.IFS((F23-U23)>0,F23/$R$1*$AY$1-U23,F23+U23=0,"нов"),0)} -> 1 | AL23: {=IFERROR(_xlfn.IFS((G23-V23)>0,G23/$R$1*$AY$1-V23,G23+V23=0,"нов"),0)} -> 4 | AM23: {=IFERROR(_xlfn.IFS((H23-W23)>0,H23/$R$1*$AY$1-W23,H23+W23=0,"нов"),0)} -> 0 | AN23: {=IFERROR(_xlfn.IFS((I23-X23)>0,I23/$R$1*$AY$1-X23,I23+X23=0,"нов"),0)} -> 15 | AO23: {=IFERROR(_xlfn.IFS((J23-Y23)>0,J23/$R$1*$AY$1-Y23,J23+Y23=0,"нов"),0)} -> 14 | AP23: {=IFERROR(_xlfn.IFS((K23-Z23)>0,K23/$R$1*$AY$1-Z23,K23+Z23=0,"нов"),0)} -> 1 | AQ23: {=IFERROR(_xlfn.IFS((L23-AA23)>0,L23/$R$1*$AY$1-AA23,L23+AA23=0,"нов"),0)} -> нов | AR23: {=IFERROR(_xlfn.IFS((M23-AB23)>0,M23/$R$1*$AY$1-AB23,M23+AB23=0,"нов"),0)} -> 45 | ... AV23: {=IFERROR(_xlfn.IFS((Q23-AF23)>0,Q23/$R$1*$AY$1-AF23,Q23+AF23=0,"нов"),0)} -> нов | AW23: =SUM(AK23:AV23) -> 108 | AX23: =SUMIF('ОЗОН Доступн товара'!D:D,_xlfn.XLOOKUP($B23,'ОЗОН Доступн товара'!$A:$A,'ОЗОН Доступн товара'!$D:$D,0)) -> 24 | AY23: =SUM(AW23:AX23) -> 132 | AZ23: =IF(AK23="нов","нов",ROUNDUP(AK23*1.3,0)) -> 2 | BA23: =IF(AL23="нов","нов",ROUNDUP(AL23*1.3,0)) -> 6 | BB23: =IF(AM23="нов","нов",ROUNDUP(AM23*1.3,0)) -> 0 | BC23: =IF(AN23="нов","нов",ROUNDUP(AN23*1.3,0)) -> 20 | BD23: =IF(AO23="нов","нов",ROUNDUP(AO23*1.3,0)) -> 19 | BE23: =IF(AP23="нов","нов",ROUNDUP(AP23*1.3,0)) -> 2 | BF23: =IF(AQ23="нов","нов",ROUNDUP(AQ23*1.3,0)) -> нов | BG23: =IF(AR23="нов","нов",ROUNDUP(AR23*1.3,0)) -> 59 | ... BK23: =IF(AV23="нов","нов",ROUNDUP(AV23*1.3,0)) -> нов | BL23: =SUM(AZ23:BK23) -> 145 | BM23: =AX23*1.3 -> 31.2 | BN23: =SUM(BL23:BM23) -> 176.2 | BO23: =IFERROR(_xlfn.XLOOKUP(A23,'[2] Расчет стоимости и веса'!$I:$I,'[2] Расчет стоимости и веса'!$D:$D),0) -> 300 | BP23: =BO23 -> 300 | BR23: 100 | BW23: 50 | BY23: 50 | CA23: 50 | CB23: 50 | CE23: =SUM(BR23:CD23) -> 300 | CF23: =MAX(BO23,CE23)-BQ23 -> 300 | CG23: =BO23+BQ23-CE23 -> 0
A24: =[1]Юнит!A26 -> 236072834 | B24: =[1]Юнит!B26 -> 1980924909 | C24: =[1]Юнит!C26 -> ACRB1MS106BL | D24: =[1]Юнит!D26 -> Мяч с шипами голубой 6 см | E24: =[1]Юнит!E26 -> 2040278804649 | F24: =ROUNDUP(SUMIFS('ВБ Отчет Продажи (за 60 дней)'!$L:$L,'ВБ Отчет Продажи (за 60 дней)'!$K:$K,"Электросталь",'ВБ Отчет Продажи (за 60 дней)'!$G:$G,$A24),0) -> 23 | G24: =ROUNDUP(SUMIFS('ВБ Отчет Продажи (за 60 дней)'!$L:$L,'ВБ Отчет Продажи (за 60 дней)'!$K:$K,"Коледино",'ВБ Отчет Продажи (за 60 дней)'!$G:$G,$A24),0) -> 1 | H24: =ROUNDUP(SUMIFS('ВБ Отчет Продажи (за 60 дней)'!$L:$L,'ВБ Отчет Продажи (за 60 дней)'!$K:$K,"Тула",'ВБ Отчет Продажи (за 60 дней)'!$G:$G,$A24),0) -> 5 | I24: =ROUNDUP(SUMIFS('ВБ Отчет Продажи (за 60 дней)'!$L:$L,'ВБ Отчет Продажи (за 60 дней)'!$K:$K,"Рязань (Тюшевское)",'ВБ Отчет Продажи (за 60 дней)'!$G:$G,$A24),0) -> 0 | J24: =ROUNDUP(SUMIFS('ВБ Отчет Продажи (за 60 дней)'!$L:$L,'ВБ Отчет Продажи (за 60 дней)'!$K:$K,"Краснодар",'ВБ Отчет Продажи (за 60 дней)'!$G:$G,$A24),0) -> 1 | K24: =ROUNDUP(SUMIFS('ВБ Отчет Продажи (за 60 дней)'!$L:$L,'ВБ Отчет Продажи (за 60 дней)'!$K:$K,"Невинномысск",'ВБ Отчет Продажи (за 60 дней)'!$G:$G,$A24),0) -> 11 | L24: =ROUNDUP(SUMIFS('ВБ Отчет Продажи (за 60 дней)'!$L:$L,'ВБ Отчет Продажи (за 60 дней)'!$K:$K,"Волгоград",'ВБ Отчет Продажи (за 60 дней)'!$G:$G,$A24),0) -> 0 | M24: =ROUNDUP(SUMIFS('ВБ Отчет Продажи (за 60 дней)'!$L:$L,'ВБ Отчет Продажи (за 60 дней)'!$K:$K,"Самара (Новосемейкино)",'ВБ Отчет Продажи (за 60 дней)'!$G:$G,$A24),0) -> 12 | N24: =ROUNDUP(SUMIFS('ВБ Отчет Продажи (за 60 дней)'!$L:$L,'ВБ Отчет Продажи (за 60 дней)'!$K:$K,"Казань",'ВБ Отчет Продажи (за 60 дней)'!$G:$G,$A24),0) -> 2 | O24: =ROUNDUP(SUMIFS('ВБ Отчет Продажи (за 60 дней)'!$L:$L,'ВБ Отчет Продажи (за 60 дней)'!$K:$K,"СПБ Шушары",'ВБ Отчет Продажи (за 60 дней)'!$G:$G,$A24),0) -> 2 | P24: =ROUNDUP(SUMIFS('ВБ Отчет Продажи (за 60 дней)'!$L:$L,'ВБ Отчет Продажи (за 60 дней)'!$K:$K,"Екатеринбург - Перспективный 12",'ВБ Отчет Продажи (за 60 дней)'!$G:$G,$A24),0) -> 0 | Q24: =ROUNDUP(SUMIFS('ВБ Отчет Продажи (за 60 дней)'!$L:$L,'ВБ Отчет Продажи (за 60 дней)'!$K:$K,"Новосибирск",'ВБ Отчет Продажи (за 60 дней)'!$G:$G,$A24),0) -> 0 | R24: =SUM(F24:Q24) -> 57 | S24: =SUMIFS('ОЗОН Оборот ведом (за 60 дней)'!I:I,'ОЗОН Оборот ведом (за 60 дней)'!A:A,B24) -> 6 | T24: =SUM(R24:S24) -> 63 | U24: =SUMIFS('ВБ Отчет Продажи (за 60 дней)'!$P:$P,'ВБ Отчет Продажи (за 60 дней)'!$K:$K,"Электросталь",'ВБ Отчет Продажи (за 60 дней)'!$G:$G,$A24) -> 25 | V24: =SUMIFS('ВБ Отчет Продажи (за 60 дней)'!$P:$P,'ВБ Отчет Продажи (за 60 дней)'!$K:$K,"Коледино",'ВБ Отчет Продажи (за 60 дней)'!$G:$G,$A24) -> 0 | W24: =SUMIFS('ВБ Отчет Продажи (за 60 дней)'!$P:$P,'ВБ Отчет Продажи (за 60 дней)'!$K:$K,"Тула",'ВБ Отчет Продажи (за 60 дней)'!$G:$G,$A24) -> 9 | X24: =SUMIFS('ВБ Отчет Продажи (за 60 дней)'!$P:$P,'ВБ Отчет Продажи (за 60 дней)'!$K:$K,"Рязань (Тюшевское)",'ВБ Отчет Продажи (за 60 дней)'!$G:$G,$A24) -> 52 | Y24: =SUMIFS('ВБ Отчет Продажи (за 60 дней)'!$P:$P,'ВБ Отчет Продажи (за 60 дней)'!$K:$K,"Краснодар",'ВБ Отчет Продажи (за 60 дней)'!$G:$G,$A24) -> 1 | Z24: =SUMIFS('ВБ Отчет Продажи (за 60 дней)'!$P:$P,'ВБ Отчет Продажи (за 60 дней)'!$K:$K,"Невинномысск",'ВБ Отчет Продажи (за 60 дней)'!$G:$G,$A24) -> 36 | AA24: =SUMIFS('ВБ Отчет Продажи (за 60 дней)'!$P:$P,'ВБ Отчет Продажи (за 60 дней)'!$K:$K,"Волгоград",'ВБ Отчет Продажи (за 60 дней)'!$G:$G,$A24) -> 0 | AB24: =SUMIFS('ВБ Отчет Продажи (за 60 дней)'!$P:$P,'ВБ Отчет Продажи (за 60 дней)'!$K:$K,"Самара (Новосемейкино)",'ВБ Отчет Продажи (за 60 дней)'!$G:$G,$A24) -> 16 | AC24: =SUMIFS('ВБ Отчет Продажи (за 60 дней)'!$P:$P,'ВБ Отчет Продажи (за 60 дней)'!$K:$K,"Казань",'ВБ Отчет Продажи (за 60 дней)'!$G:$G,$A24) -> 0 | AD24: =SUMIFS('ВБ Отчет Продажи (за 60 дней)'!$P:$P,'ВБ Отчет Продажи (за 60 дней)'!$K:$K,"СПБ Шушары",'ВБ Отчет Продажи (за 60 дней)'!$G:$G,$A24) -> 0 | AE24: =SUMIFS('ВБ Отчет Продажи (за 60 дней)'!$P:$P,'ВБ Отчет Продажи (за 60 дней)'!$K:$K,"Екатеринбург - Перспективный 12",'ВБ Отчет Продажи (за 60 дней)'!$G:$G,$A24) -> 0 | AF24: =SUMIFS('ВБ Отчет Продажи (за 60 дней)'!$P:$P,'ВБ Отчет Продажи (за 60 дней)'!$K:$K,"Новосибирск",'ВБ Отчет Продажи (за 60 дней)'!$G:$G,$A24) -> 0 | AG24: =SUM(U24:AF24) -> 139 | AH24: =IFERROR(AG24*$R$1/R24,0) -> 146.31579 | AI24: =SUMIFS('ОЗОН Оборот ведом (за 60 дней)'!J:J,'ОЗОН Оборот ведом (за 60 дней)'!A:A,B24) -> 0 | AJ24: =AG24+AI24 -> 139 | AK24: {=IFERROR(_xlfn.IFS((F24-U24)>0,F24/$R$1*$AY$1-U24,F24+U24=0,"нов"),0)} -> 0 | AL24: {=IFERROR(_xlfn.IFS((G24-V24)>0,G24/$R$1*$AY$1-V24,G24+V24=0,"нов"),0)} -> 1 | AM24: {=IFERROR(_xlfn.IFS((H24-W24)>0,H24/$R$1*$AY$1-W24,H24+W24=0,"нов"),0)} -> 0 | AN24: {=IFERROR(_xlfn.IFS((I24-X24)>0,I24/$R$1*$AY$1-X24,I24+X24=0,"нов"),0)} -> 0 | AO24: {=IFERROR(_xlfn.IFS((J24-Y24)>0,J24/$R$1*$AY$1-Y24,J24+Y24=0,"нов"),0)} -> 0 | AP24: {=IFERROR(_xlfn.IFS((K24-Z24)>0,K24/$R$1*$AY$1-Z24,K24+Z24=0,"нов"),0)} -> 0 | AQ24: {=IFERROR(_xlfn.IFS((L24-AA24)>0,L24/$R$1*$AY$1-AA24,L24+AA24=0,"нов"),0)} -> нов | AR24: {=IFERROR(_xlfn.IFS((M24-AB24)>0,M24/$R$1*$AY$1-AB24,M24+AB24=0,"нов"),0)} -> 0 | ... AV24: {=IFERROR(_xlfn.IFS((Q24-AF24)>0,Q24/$R$1*$AY$1-AF24,Q24+AF24=0,"нов"),0)} -> нов | AW24: =SUM(AK24:AV24) -> 5 | AX24: =SUMIF('ОЗОН Доступн товара'!D:D,_xlfn.XLOOKUP($B24,'ОЗОН Доступн товара'!$A:$A,'ОЗОН Доступн товара'!$D:$D,0)) -> 0 | AY24: =SUM(AW24:AX24) -> 5 | AZ24: =IF(AK24="нов","нов",ROUNDUP(AK24*1.3,0)) -> 0 | BA24: =IF(AL24="нов","нов",ROUNDUP(AL24*1.3,0)) -> 2 | BB24: =IF(AM24="нов","нов",ROUNDUP(AM24*1.3,0)) -> 0 | BC24: =IF(AN24="нов","нов",ROUNDUP(AN24*1.3,0)) -> 0 | BD24: =IF(AO24="нов","нов",ROUNDUP(AO24*1.3,0)) -> 0 | BE24: =IF(AP24="нов","нов",ROUNDUP(AP24*1.3,0)) -> 0 | BF24: =IF(AQ24="нов","нов",ROUNDUP(AQ24*1.3,0)) -> нов | BG24: =IF(AR24="нов","нов",ROUNDUP(AR24*1.3,0)) -> 0 | ... BK24: =IF(AV24="нов","нов",ROUNDUP(AV24*1.3,0)) -> нов | BL24: =SUM(AZ24:BK24) -> 8 | BM24: =AX24*1.3 -> 0 | BN24: =SUM(BL24:BM24) -> 8 | BO24: =IFERROR(_xlfn.XLOOKUP(A24,'[2] Расчет стоимости и веса'!$I:$I,'[2] Расчет стоимости и веса'!$D:$D),0) -> 120 | BP24: =BO24 -> 120 | BY24: 20 | CA24: 50 | CB24: 50 | CE24: =SUM(BR24:CD24) -> 120 | CF24: =MAX(BO24,CE24)-BQ24 -> 120 | CG24: =BO24+BQ24-CE24 -> 0
A25: =[1]Юнит!A27 -> 223671295 | B25: =[1]Юнит!B27 -> 1980924947 | C25: =[1]Юнит!C27 -> ACRB1MS106RJ | D25: =[1]Юнит!D27 -> Мяч с шипами оранжевый 6 см | E25: =[1]Юнит!E27 -> 2039818580389 | F25: =ROUNDUP(SUMIFS('ВБ Отчет Продажи (за 60 дней)'!$L:$L,'ВБ Отчет Продажи (за 60 дней)'!$K:$K,"Электросталь",'ВБ Отчет Продажи (за 60 дней)'!$G:$G,$A25),0) -> 3 | G25: =ROUNDUP(SUMIFS('ВБ Отчет Продажи (за 60 дней)'!$L:$L,'ВБ Отчет Продажи (за 60 дней)'!$K:$K,"Коледино",'ВБ Отчет Продажи (за 60 дней)'!$G:$G,$A25),0) -> 10 | H25: =ROUNDUP(SUMIFS('ВБ Отчет Продажи (за 60 дней)'!$L:$L,'ВБ Отчет Продажи (за 60 дней)'!$K:$K,"Тула",'ВБ Отчет Продажи (за 60 дней)'!$G:$G,$A25),0) -> 2 | I25: =ROUNDUP(SUMIFS('ВБ Отчет Продажи (за 60 дней)'!$L:$L,'ВБ Отчет Продажи (за 60 дней)'!$K:$K,"Рязань (Тюшевское)",'ВБ Отчет Продажи (за 60 дней)'!$G:$G,$A25),0) -> 0 | J25: =ROUNDUP(SUMIFS('ВБ Отчет Продажи (за 60 дней)'!$L:$L,'ВБ Отчет Продажи (за 60 дней)'!$K:$K,"Краснодар",'ВБ Отчет Продажи (за 60 дней)'!$G:$G,$A25),0) -> 2 | K25: =ROUNDUP(SUMIFS('ВБ Отчет Продажи (за 60 дней)'!$L:$L,'ВБ Отчет Продажи (за 60 дней)'!$K:$K,"Невинномысск",'ВБ Отчет Продажи (за 60 дней)'!$G:$G,$A25),0) -> 6 | L25: =ROUNDUP(SUMIFS('ВБ Отчет Продажи (за 60 дней)'!$L:$L,'ВБ Отчет Продажи (за 60 дней)'!$K:$K,"Волгоград",'ВБ Отчет Продажи (за 60 дней)'!$G:$G,$A25),0) -> 0 | M25: =ROUNDUP(SUMIFS('ВБ Отчет Продажи (за 60 дней)'!$L:$L,'ВБ Отчет Продажи (за 60 дней)'!$K:$K,"Самара (Новосемейкино)",'ВБ Отчет Продажи (за 60 дней)'!$G:$G,$A25),0) -> 1 | N25: =ROUNDUP(SUMIFS('ВБ Отчет Продажи (за 60 дней)'!$L:$L,'ВБ Отчет Продажи (за 60 дней)'!$K:$K,"Казань",'ВБ Отчет Продажи (за 60 дней)'!$G:$G,$A25),0) -> 0 | O25: =ROUNDUP(SUMIFS('ВБ Отчет Продажи (за 60 дней)'!$L:$L,'ВБ Отчет Продажи (за 60 дней)'!$K:$K,"СПБ Шушары",'ВБ Отчет Продажи (за 60 дней)'!$G:$G,$A25),0) -> 3 | P25: =ROUNDUP(SUMIFS('ВБ Отчет Продажи (за 60 дней)'!$L:$L,'ВБ Отчет Продажи (за 60 дней)'!$K:$K,"Екатеринбург - Перспективный 12",'ВБ Отчет Продажи (за 60 дней)'!$G:$G,$A25),0) -> 0 | Q25: =ROUNDUP(SUMIFS('ВБ Отчет Продажи (за 60 дней)'!$L:$L,'ВБ Отчет Продажи (за 60 дней)'!$K:$K,"Новосибирск",'ВБ Отчет Продажи (за 60 дней)'!$G:$G,$A25),0) -> 0 | R25: =SUM(F25:Q25) -> 27 | S25: =SUMIFS('ОЗОН Оборот ведом (за 60 дней)'!I:I,'ОЗОН Оборот ведом (за 60 дней)'!A:A,B25) -> 18 | T25: =SUM(R25:S25) -> 45 | U25: =SUMIFS('ВБ Отчет Продажи (за 60 дней)'!$P:$P,'ВБ Отчет Продажи (за 60 дней)'!$K:$K,"Электросталь",'ВБ Отчет Продажи (за 60 дней)'!$G:$G,$A25) -> 50 | V25: =SUMIFS('ВБ Отчет Продажи (за 60 дней)'!$P:$P,'ВБ Отчет Продажи (за 60 дней)'!$K:$K,"Коледино",'ВБ Отчет Продажи (за 60 дней)'!$G:$G,$A25) -> 66 | W25: =SUMIFS('ВБ Отчет Продажи (за 60 дней)'!$P:$P,'ВБ Отчет Продажи (за 60 дней)'!$K:$K,"Тула",'ВБ Отчет Продажи (за 60 дней)'!$G:$G,$A25) -> 42 | X25: =SUMIFS('ВБ Отчет Продажи (за 60 дней)'!$P:$P,'ВБ Отчет Продажи (за 60 дней)'!$K:$K,"Рязань (Тюшевское)",'ВБ Отчет Продажи (за 60 дней)'!$G:$G,$A25) -> 50 | Y25: =SUMIFS('ВБ Отчет Продажи (за 60 дней)'!$P:$P,'ВБ Отчет Продажи (за 60 дней)'!$K:$K,"Краснодар",'ВБ Отчет Продажи (за 60 дней)'!$G:$G,$A25) -> 0 | Z25: =SUMIFS('ВБ Отчет Продажи (за 60 дней)'!$P:$P,'ВБ Отчет Продажи (за 60 дней)'!$K:$K,"Невинномысск",'ВБ Отчет Продажи (за 60 дней)'!$G:$G,$A25) -> 68 | AA25: =SUMIFS('ВБ Отчет Продажи (за 60 дней)'!$P:$P,'ВБ Отчет Продажи (за 60 дней)'!$K:$K,"Волгоград",'ВБ Отчет Продажи (за 60 дней)'!$G:$G,$A25) -> 0 | AB25: =SUMIFS('ВБ Отчет Продажи (за 60 дней)'!$P:$P,'ВБ Отчет Продажи (за 60 дней)'!$K:$K,"Самара (Новосемейкино)",'ВБ Отчет Продажи (за 60 дней)'!$G:$G,$A25) -> 89 | AC25: =SUMIFS('ВБ Отчет Продажи (за 60 дней)'!$P:$P,'ВБ Отчет Продажи (за 60 дней)'!$K:$K,"Казань",'ВБ Отчет Продажи (за 60 дней)'!$G:$G,$A25) -> 0 | AD25: =SUMIFS('ВБ Отчет Продажи (за 60 дней)'!$P:$P,'ВБ Отчет Продажи (за 60 дней)'!$K:$K,"СПБ Шушары",'ВБ Отчет Продажи (за 60 дней)'!$G:$G,$A25) -> 42 | AE25: =SUMIFS('ВБ Отчет Продажи (за 60 дней)'!$P:$P,'ВБ Отчет Продажи (за 60 дней)'!$K:$K,"Екатеринбург - Перспективный 12",'ВБ Отчет Продажи (за 60 дней)'!$G:$G,$A25) -> 0 | AF25: =SUMIFS('ВБ Отчет Продажи (за 60 дней)'!$P:$P,'ВБ Отчет Продажи (за 60 дней)'!$K:$K,"Новосибирск",'ВБ Отчет Продажи (за 60 дней)'!$G:$G,$A25) -> 0 | AG25: =SUM(U25:AF25) -> 407 | AH25: =IFERROR(AG25*$R$1/R25,0) -> 904.44444 | AI25: =SUMIFS('ОЗОН Оборот ведом (за 60 дней)'!J:J,'ОЗОН Оборот ведом (за 60 дней)'!A:A,B25) -> 2 | AJ25: =AG25+AI25 -> 409 | AK25: {=IFERROR(_xlfn.IFS((F25-U25)>0,F25/$R$1*$AY$1-U25,F25+U25=0,"нов"),0)} -> 0 | AL25: {=IFERROR(_xlfn.IFS((G25-V25)>0,G25/$R$1*$AY$1-V25,G25+V25=0,"нов"),0)} -> 0 | AM25: {=IFERROR(_xlfn.IFS((H25-W25)>0,H25/$R$1*$AY$1-W25,H25+W25=0,"нов"),0)} -> 0 | AN25: {=IFERROR(_xlfn.IFS((I25-X25)>0,I25/$R$1*$AY$1-X25,I25+X25=0,"нов"),0)} -> 0 | AO25: {=IFERROR(_xlfn.IFS((J25-Y25)>0,J25/$R$1*$AY$1-Y25,J25+Y25=0,"нов"),0)} -> 2 | AP25: {=IFERROR(_xlfn.IFS((K25-Z25)>0,K25/$R$1*$AY$1-Z25,K25+Z25=0,"нов"),0)} -> 0 | AQ25: {=IFERROR(_xlfn.IFS((L25-AA25)>0,L25/$R$1*$AY$1-AA25,L25+AA25=0,"нов"),0)} -> нов | AR25: {=IFERROR(_xlfn.IFS((M25-AB25)>0,M25/$R$1*$AY$1-AB25,M25+AB25=0,"нов"),0)} -> 0 | ... AV25: {=IFERROR(_xlfn.IFS((Q25-AF25)>0,Q25/$R$1*$AY$1-AF25,Q25+AF25=0,"нов"),0)} -> нов | AW25: =SUM(AK25:AV25) -> 2 | AX25: =SUMIF('ОЗОН Доступн товара'!D:D,_xlfn.XLOOKUP($B25,'ОЗОН Доступн товара'!$A:$A,'ОЗОН Доступн товара'!$D:$D,0)) -> 62 | AY25: =SUM(AW25:AX25) -> 64 | AZ25: =IF(AK25="нов","нов",ROUNDUP(AK25*1.3,0)) -> 0 | BA25: =IF(AL25="нов","нов",ROUNDUP(AL25*1.3,0)) -> 0 | BB25: =IF(AM25="нов","нов",ROUNDUP(AM25*1.3,0)) -> 0 | BC25: =IF(AN25="нов","нов",ROUNDUP(AN25*1.3,0)) -> 0 | BD25: =IF(AO25="нов","нов",ROUNDUP(AO25*1.3,0)) -> 3 | BE25: =IF(AP25="нов","нов",ROUNDUP(AP25*1.3,0)) -> 0 | BF25: =IF(AQ25="нов","нов",ROUNDUP(AQ25*1.3,0)) -> нов | BG25: =IF(AR25="нов","нов",ROUNDUP(AR25*1.3,0)) -> 0 | ... BK25: =IF(AV25="нов","нов",ROUNDUP(AV25*1.3,0)) -> нов | BL25: =SUM(AZ25:BK25) -> 3 | BM25: =AX25*1.3 -> 80.6 | BN25: =SUM(BL25:BM25) -> 83.6 | BO25: =IFERROR(_xlfn.XLOOKUP(A25,'[2] Расчет стоимости и веса'!$I:$I,'[2] Расчет стоимости и веса'!$D:$D),0) -> 20 | BP25: =BO25 -> 20 | CB25: 20 | CE25: =SUM(BR25:CD25) -> 20 | CF25: =MAX(BO25,CE25)-BQ25 -> 20 | CG25: =BO25+BQ25-CE25 -> 0
A26: =[1]Юнит!A28 -> 370591238 | B26: =[1]Юнит!B28 -> 1980924996 | C26: =[1]Юнит!C28 -> ACRB1MS106BС | D26: =[1]Юнит!D28 -> Мяч с шипами черный 6 см | E26: =[1]Юнит!E28 -> 2043369663040 | F26: =ROUNDUP(SUMIFS('ВБ Отчет Продажи (за 60 дней)'!$L:$L,'ВБ Отчет Продажи (за 60 дней)'!$K:$K,"Электросталь",'ВБ Отчет Продажи (за 60 дней)'!$G:$G,$A26),0) -> 0 | G26: =ROUNDUP(SUMIFS('ВБ Отчет Продажи (за 60 дней)'!$L:$L,'ВБ Отчет Продажи (за 60 дней)'!$K:$K,"Коледино",'ВБ Отчет Продажи (за 60 дней)'!$G:$G,$A26),0) -> 2 | H26: =ROUNDUP(SUMIFS('ВБ Отчет Продажи (за 60 дней)'!$L:$L,'ВБ Отчет Продажи (за 60 дней)'!$K:$K,"Тула",'ВБ Отчет Продажи (за 60 дней)'!$G:$G,$A26),0) -> 1 | I26: =ROUNDUP(SUMIFS('ВБ Отчет Продажи (за 60 дней)'!$L:$L,'ВБ Отчет Продажи (за 60 дней)'!$K:$K,"Рязань (Тюшевское)",'ВБ Отчет Продажи (за 60 дней)'!$G:$G,$A26),0) -> 2 | J26: =ROUNDUP(SUMIFS('ВБ Отчет Продажи (за 60 дней)'!$L:$L,'ВБ Отчет Продажи (за 60 дней)'!$K:$K,"Краснодар",'ВБ Отчет Продажи (за 60 дней)'!$G:$G,$A26),0) -> 16 | K26: =ROUNDUP(SUMIFS('ВБ Отчет Продажи (за 60 дней)'!$L:$L,'ВБ Отчет Продажи (за 60 дней)'!$K:$K,"Невинномысск",'ВБ Отчет Продажи (за 60 дней)'!$G:$G,$A26),0) -> 2 | L26: =ROUNDUP(SUMIFS('ВБ Отчет Продажи (за 60 дней)'!$L:$L,'ВБ Отчет Продажи (за 60 дней)'!$K:$K,"Волгоград",'ВБ Отчет Продажи (за 60 дней)'!$G:$G,$A26),0) -> 0 | M26: =ROUNDUP(SUMIFS('ВБ Отчет Продажи (за 60 дней)'!$L:$L,'ВБ Отчет Продажи (за 60 дней)'!$K:$K,"Самара (Новосемейкино)",'ВБ Отчет Продажи (за 60 дней)'!$G:$G,$A26),0) -> 0 | N26: =ROUNDUP(SUMIFS('ВБ Отчет Продажи (за 60 дней)'!$L:$L,'ВБ Отчет Продажи (за 60 дней)'!$K:$K,"Казань",'ВБ Отчет Продажи (за 60 дней)'!$G:$G,$A26),0) -> 4 | O26: =ROUNDUP(SUMIFS('ВБ Отчет Продажи (за 60 дней)'!$L:$L,'ВБ Отчет Продажи (за 60 дней)'!$K:$K,"СПБ Шушары",'ВБ Отчет Продажи (за 60 дней)'!$G:$G,$A26),0) -> 1 | P26: =ROUNDUP(SUMIFS('ВБ Отчет Продажи (за 60 дней)'!$L:$L,'ВБ Отчет Продажи (за 60 дней)'!$K:$K,"Екатеринбург - Перспективный 12",'ВБ Отчет Продажи (за 60 дней)'!$G:$G,$A26),0) -> 0 | Q26: =ROUNDUP(SUMIFS('ВБ Отчет Продажи (за 60 дней)'!$L:$L,'ВБ Отчет Продажи (за 60 дней)'!$K:$K,"Новосибирск",'ВБ Отчет Продажи (за 60 дней)'!$G:$G,$A26),0) -> 0 | R26: =SUM(F26:Q26) -> 28 | S26: =SUMIFS('ОЗОН Оборот ведом (за 60 дней)'!I:I,'ОЗОН Оборот ведом (за 60 дней)'!A:A,B26) -> 25 | T26: =SUM(R26:S26) -> 53 | U26: =SUMIFS('ВБ Отчет Продажи (за 60 дней)'!$P:$P,'ВБ Отчет Продажи (за 60 дней)'!$K:$K,"Электросталь",'ВБ Отчет Продажи (за 60 дней)'!$G:$G,$A26) -> 0 | V26: =SUMIFS('ВБ Отчет Продажи (за 60 дней)'!$P:$P,'ВБ Отчет Продажи (за 60 дней)'!$K:$K,"Коледино",'ВБ Отчет Продажи (за 60 дней)'!$G:$G,$A26) -> 0 | W26: =SUMIFS('ВБ Отчет Продажи (за 60 дней)'!$P:$P,'ВБ Отчет Продажи (за 60 дней)'!$K:$K,"Тула",'ВБ Отчет Продажи (за 60 дней)'!$G:$G,$A26) -> 0 | X26: =SUMIFS('ВБ Отчет Продажи (за 60 дней)'!$P:$P,'ВБ Отчет Продажи (за 60 дней)'!$K:$K,"Рязань (Тюшевское)",'ВБ Отчет Продажи (за 60 дней)'!$G:$G,$A26) -> 0 | Y26: =SUMIFS('ВБ Отчет Продажи (за 60 дней)'!$P:$P,'ВБ Отчет Продажи (за 60 дней)'!$K:$K,"Краснодар",'ВБ Отчет Продажи (за 60 дней)'!$G:$G,$A26) -> 0 | Z26: =SUMIFS('ВБ Отчет Продажи (за 60 дней)'!$P:$P,'ВБ Отчет Продажи (за 60 дней)'!$K:$K,"Невинномысск",'ВБ Отчет Продажи (за 60 дней)'!$G:$G,$A26) -> 0 | AA26: =SUMIFS('ВБ Отчет Продажи (за 60 дней)'!$P:$P,'ВБ Отчет Продажи (за 60 дней)'!$K:$K,"Волгоград",'ВБ Отчет Продажи (за 60 дней)'!$G:$G,$A26) -> 0 | AB26: =SUMIFS('ВБ Отчет Продажи (за 60 дней)'!$P:$P,'ВБ Отчет Продажи (за 60 дней)'!$K:$K,"Самара (Новосемейкино)",'ВБ Отчет Продажи (за 60 дней)'!$G:$G,$A26) -> 0 | AC26: =SUMIFS('ВБ Отчет Продажи (за 60 дней)'!$P:$P,'ВБ Отчет Продажи (за 60 дней)'!$K:$K,"Казань",'ВБ Отчет Продажи (за 60 дней)'!$G:$G,$A26) -> 0 | AD26: =SUMIFS('ВБ Отчет Продажи (за 60 дней)'!$P:$P,'ВБ Отчет Продажи (за 60 дней)'!$K:$K,"СПБ Шушары",'ВБ Отчет Продажи (за 60 дней)'!$G:$G,$A26) -> 0 | AE26: =SUMIFS('ВБ Отчет Продажи (за 60 дней)'!$P:$P,'ВБ Отчет Продажи (за 60 дней)'!$K:$K,"Екатеринбург - Перспективный 12",'ВБ Отчет Продажи (за 60 дней)'!$G:$G,$A26) -> 0 | AF26: =SUMIFS('ВБ Отчет Продажи (за 60 дней)'!$P:$P,'ВБ Отчет Продажи (за 60 дней)'!$K:$K,"Новосибирск",'ВБ Отчет Продажи (за 60 дней)'!$G:$G,$A26) -> 0 | AG26: =SUM(U26:AF26) -> 0 | AH26: =IFERROR(AG26*$R$1/R26,0) -> 0 | AI26: =SUMIFS('ОЗОН Оборот ведом (за 60 дней)'!J:J,'ОЗОН Оборот ведом (за 60 дней)'!A:A,B26) -> 1 | AJ26: =AG26+AI26 -> 1 | AK26: {=IFERROR(_xlfn.IFS((F26-U26)>0,F26/$R$1*$AY$1-U26,F26+U26=0,"нов"),0)} -> нов | AL26: {=IFERROR(_xlfn.IFS((G26-V26)>0,G26/$R$1*$AY$1-V26,G26+V26=0,"нов"),0)} -> 2 | AM26: {=IFERROR(_xlfn.IFS((H26-W26)>0,H26/$R$1*$AY$1-W26,H26+W26=0,"нов"),0)} -> 1 | AN26: {=IFERROR(_xlfn.IFS((I26-X26)>0,I26/$R$1*$AY$1-X26,I26+X26=0,"нов"),0)} -> 2 | AO26: {=IFERROR(_xlfn.IFS((J26-Y26)>0,J26/$R$1*$AY$1-Y26,J26+Y26=0,"нов"),0)} -> 16 | AP26: {=IFERROR(_xlfn.IFS((K26-Z26)>0,K26/$R$1*$AY$1-Z26,K26+Z26=0,"нов"),0)} -> 2 | AQ26: {=IFERROR(_xlfn.IFS((L26-AA26)>0,L26/$R$1*$AY$1-AA26,L26+AA26=0,"нов"),0)} -> нов | AR26: {=IFERROR(_xlfn.IFS((M26-AB26)>0,M26/$R$1*$AY$1-AB26,M26+AB26=0,"нов"),0)} -> нов | ... AV26: {=IFERROR(_xlfn.IFS((Q26-AF26)>0,Q26/$R$1*$AY$1-AF26,Q26+AF26=0,"нов"),0)} -> нов | AW26: =SUM(AK26:AV26) -> 28 | AX26: =SUMIF('ОЗОН Доступн товара'!D:D,_xlfn.XLOOKUP($B26,'ОЗОН Доступн товара'!$A:$A,'ОЗОН Доступн товара'!$D:$D,0)) -> 62 | AY26: =SUM(AW26:AX26) -> 90 | AZ26: =IF(AK26="нов","нов",ROUNDUP(AK26*1.3,0)) -> нов | BA26: =IF(AL26="нов","нов",ROUNDUP(AL26*1.3,0)) -> 3 | BB26: =IF(AM26="нов","нов",ROUNDUP(AM26*1.3,0)) -> 2 | BC26: =IF(AN26="нов","нов",ROUNDUP(AN26*1.3,0)) -> 3 | BD26: =IF(AO26="нов","нов",ROUNDUP(AO26*1.3,0)) -> 21 | BE26: =IF(AP26="нов","нов",ROUNDUP(AP26*1.3,0)) -> 3 | BF26: =IF(AQ26="нов","нов",ROUNDUP(AQ26*1.3,0)) -> нов | BG26: =IF(AR26="нов","нов",ROUNDUP(AR26*1.3,0)) -> нов | ... BK26: =IF(AV26="нов","нов",ROUNDUP(AV26*1.3,0)) -> нов | BL26: =SUM(AZ26:BK26) -> 40 | BM26: =AX26*1.3 -> 80.6 | BN26: =SUM(BL26:BM26) -> 120.6 | BO26: =IFERROR(_xlfn.XLOOKUP(A26,'[2] Расчет стоимости и веса'!$I:$I,'[2] Расчет стоимости и веса'!$D:$D),0) -> 250 | BP26: =BO26 -> 250 | BR26: 50 | BW26: 50 | BY26: 50 | CA26: 50 | CB26: 50 | CE26: =SUM(BR26:CD26) -> 250 | CF26: =MAX(BO26,CE26)-BQ26 -> 250 | CG26: =BO26+BQ26-CE26 -> 0
A27: =[1]Юнит!A29 -> 419145391 | B27: =[1]Юнит!B29 -> 2415742768 | C27: =[1]Юнит!C29 -> ACRB1MS107WH | D27: =[1]Юнит!D29 -> Мяч с шипами белый 7 см | E27: =[1]Юнит!E29 -> 2044025326637 | F27: =ROUNDUP(SUMIFS('ВБ Отчет Продажи (за 60 дней)'!$L:$L,'ВБ Отчет Продажи (за 60 дней)'!$K:$K,"Электросталь",'ВБ Отчет Продажи (за 60 дней)'!$G:$G,$A27),0) -> 0 | G27: =ROUNDUP(SUMIFS('ВБ Отчет Продажи (за 60 дней)'!$L:$L,'ВБ Отчет Продажи (за 60 дней)'!$K:$K,"Коледино",'ВБ Отчет Продажи (за 60 дней)'!$G:$G,$A27),0) -> 0 | H27: =ROUNDUP(SUMIFS('ВБ Отчет Продажи (за 60 дней)'!$L:$L,'ВБ Отчет Продажи (за 60 дней)'!$K:$K,"Тула",'ВБ Отчет Продажи (за 60 дней)'!$G:$G,$A27),0) -> 0 | I27: =ROUNDUP(SUMIFS('ВБ Отчет Продажи (за 60 дней)'!$L:$L,'ВБ Отчет Продажи (за 60 дней)'!$K:$K,"Рязань (Тюшевское)",'ВБ Отчет Продажи (за 60 дней)'!$G:$G,$A27),0) -> 0 | J27: =ROUNDUP(SUMIFS('ВБ Отчет Продажи (за 60 дней)'!$L:$L,'ВБ Отчет Продажи (за 60 дней)'!$K:$K,"Краснодар",'ВБ Отчет Продажи (за 60 дней)'!$G:$G,$A27),0) -> 0 | K27: =ROUNDUP(SUMIFS('ВБ Отчет Продажи (за 60 дней)'!$L:$L,'ВБ Отчет Продажи (за 60 дней)'!$K:$K,"Невинномысск",'ВБ Отчет Продажи (за 60 дней)'!$G:$G,$A27),0) -> 0 | L27: =ROUNDUP(SUMIFS('ВБ Отчет Продажи (за 60 дней)'!$L:$L,'ВБ Отчет Продажи (за 60 дней)'!$K:$K,"Волгоград",'ВБ Отчет Продажи (за 60 дней)'!$G:$G,$A27),0) -> 0 | M27: =ROUNDUP(SUMIFS('ВБ Отчет Продажи (за 60 дней)'!$L:$L,'ВБ Отчет Продажи (за 60 дней)'!$K:$K,"Самара (Новосемейкино)",'ВБ Отчет Продажи (за 60 дней)'!$G:$G,$A27),0) -> 0 | N27: =ROUNDUP(SUMIFS('ВБ Отчет Продажи (за 60 дней)'!$L:$L,'ВБ Отчет Продажи (за 60 дней)'!$K:$K,"Казань",'ВБ Отчет Продажи (за 60 дней)'!$G:$G,$A27),0) -> 0 | O27: =ROUNDUP(SUMIFS('ВБ Отчет Продажи (за 60 дней)'!$L:$L,'ВБ Отчет Продажи (за 60 дней)'!$K:$K,"СПБ Шушары",'ВБ Отчет Продажи (за 60 дней)'!$G:$G,$A27),0) -> 0 | P27: =ROUNDUP(SUMIFS('ВБ Отчет Продажи (за 60 дней)'!$L:$L,'ВБ Отчет Продажи (за 60 дней)'!$K:$K,"Екатеринбург - Перспективный 12",'ВБ Отчет Продажи (за 60 дней)'!$G:$G,$A27),0) -> 0 | Q27: =ROUNDUP(SUMIFS('ВБ Отчет Продажи (за 60 дней)'!$L:$L,'ВБ Отчет Продажи (за 60 дней)'!$K:$K,"Новосибирск",'ВБ Отчет Продажи (за 60 дней)'!$G:$G,$A27),0) -> 0 | R27: =SUM(F27:Q27) -> 0 | S27: =SUMIFS('ОЗОН Оборот ведом (за 60 дней)'!I:I,'ОЗОН Оборот ведом (за 60 дней)'!A:A,B27) -> 0 | T27: =SUM(R27:S27) -> 0 | U27: =SUMIFS('ВБ Отчет Продажи (за 60 дней)'!$P:$P,'ВБ Отчет Продажи (за 60 дней)'!$K:$K,"Электросталь",'ВБ Отчет Продажи (за 60 дней)'!$G:$G,$A27) -> 0 | V27: =SUMIFS('ВБ Отчет Продажи (за 60 дней)'!$P:$P,'ВБ Отчет Продажи (за 60 дней)'!$K:$K,"Коледино",'ВБ Отчет Продажи (за 60 дней)'!$G:$G,$A27) -> 0 | W27: =SUMIFS('ВБ Отчет Продажи (за 60 дней)'!$P:$P,'ВБ Отчет Продажи (за 60 дней)'!$K:$K,"Тула",'ВБ Отчет Продажи (за 60 дней)'!$G:$G,$A27) -> 0 | X27: =SUMIFS('ВБ Отчет Продажи (за 60 дней)'!$P:$P,'ВБ Отчет Продажи (за 60 дней)'!$K:$K,"Рязань (Тюшевское)",'ВБ Отчет Продажи (за 60 дней)'!$G:$G,$A27) -> 0 | Y27: =SUMIFS('ВБ Отчет Продажи (за 60 дней)'!$P:$P,'ВБ Отчет Продажи (за 60 дней)'!$K:$K,"Краснодар",'ВБ Отчет Продажи (за 60 дней)'!$G:$G,$A27) -> 0 | Z27: =SUMIFS('ВБ Отчет Продажи (за 60 дней)'!$P:$P,'ВБ Отчет Продажи (за 60 дней)'!$K:$K,"Невинномысск",'ВБ Отчет Продажи (за 60 дней)'!$G:$G,$A27) -> 0 | AA27: =SUMIFS('ВБ Отчет Продажи (за 60 дней)'!$P:$P,'ВБ Отчет Продажи (за 60 дней)'!$K:$K,"Волгоград",'ВБ Отчет Продажи (за 60 дней)'!$G:$G,$A27) -> 0 | AB27: =SUMIFS('ВБ Отчет Продажи (за 60 дней)'!$P:$P,'ВБ Отчет Продажи (за 60 дней)'!$K:$K,"Самара (Новосемейкино)",'ВБ Отчет Продажи (за 60 дней)'!$G:$G,$A27) -> 0 | AC27: =SUMIFS('ВБ Отчет Продажи (за 60 дней)'!$P:$P,'ВБ Отчет Продажи (за 60 дней)'!$K:$K,"Казань",'ВБ Отчет Продажи (за 60 дней)'!$G:$G,$A27) -> 0 | AD27: =SUMIFS('ВБ Отчет Продажи (за 60 дней)'!$P:$P,'ВБ Отчет Продажи (за 60 дней)'!$K:$K,"СПБ Шушары",'ВБ Отчет Продажи (за 60 дней)'!$G:$G,$A27) -> 0 | AE27: =SUMIFS('ВБ Отчет Продажи (за 60 дней)'!$P:$P,'ВБ Отчет Продажи (за 60 дней)'!$K:$K,"Екатеринбург - Перспективный 12",'ВБ Отчет Продажи (за 60 дней)'!$G:$G,$A27) -> 0 | AF27: =SUMIFS('ВБ Отчет Продажи (за 60 дней)'!$P:$P,'ВБ Отчет Продажи (за 60 дней)'!$K:$K,"Новосибирск",'ВБ Отчет Продажи (за 60 дней)'!$G:$G,$A27) -> 0 | AG27: =SUM(U27:AF27) -> 0 | AH27: =IFERROR(AG27*$R$1/R27,0) -> 0 | AI27: =SUMIFS('ОЗОН Оборот ведом (за 60 дней)'!J:J,'ОЗОН Оборот ведом (за 60 дней)'!A:A,B27) -> 0 | AJ27: =AG27+AI27 -> 0 | AK27: {=IFERROR(_xlfn.IFS((F27-U27)>0,F27/$R$1*$AY$1-U27,F27+U27=0,"нов"),0)} -> нов | AL27: {=IFERROR(_xlfn.IFS((G27-V27)>0,G27/$R$1*$AY$1-V27,G27+V27=0,"нов"),0)} -> нов | AM27: {=IFERROR(_xlfn.IFS((H27-W27)>0,H27/$R$1*$AY$1-W27,H27+W27=0,"нов"),0)} -> нов | AN27: {=IFERROR(_xlfn.IFS((I27-X27)>0,I27/$R$1*$AY$1-X27,I27+X27=0,"нов"),0)} -> нов | AO27: {=IFERROR(_xlfn.IFS((J27-Y27)>0,J27/$R$1*$AY$1-Y27,J27+Y27=0,"нов"),0)} -> нов | AP27: {=IFERROR(_xlfn.IFS((K27-Z27)>0,K27/$R$1*$AY$1-Z27,K27+Z27=0,"нов"),0)} -> нов | AQ27: {=IFERROR(_xlfn.IFS((L27-AA27)>0,L27/$R$1*$AY$1-AA27,L27+AA27=0,"нов"),0)} -> нов | AR27: {=IFERROR(_xlfn.IFS((M27-AB27)>0,M27/$R$1*$AY$1-AB27,M27+AB27=0,"нов"),0)} -> нов | ... AV27: {=IFERROR(_xlfn.IFS((Q27-AF27)>0,Q27/$R$1*$AY$1-AF27,Q27+AF27=0,"нов"),0)} -> нов | AW27: =SUM(AK27:AV27) -> 0 | AX27: =SUMIF('ОЗОН Доступн товара'!D:D,_xlfn.XLOOKUP($B27,'ОЗОН Доступн товара'!$A:$A,'ОЗОН Доступн товара'!$D:$D,0)) -> 0 | AY27: =SUM(AW27:AX27) -> 0 | AZ27: =IF(AK27="нов","нов",ROUNDUP(AK27*1.3,0)) -> нов | BA27: =IF(AL27="нов","нов",ROUNDUP(AL27*1.3,0)) -> нов | BB27: =IF(AM27="нов","нов",ROUNDUP(AM27*1.3,0)) -> нов | BC27: =IF(AN27="нов","нов",ROUNDUP(AN27*1.3,0)) -> нов | BD27: =IF(AO27="нов","нов",ROUNDUP(AO27*1.3,0)) -> нов | BE27: =IF(AP27="нов","нов",ROUNDUP(AP27*1.3,0)) -> нов | BF27: =IF(AQ27="нов","нов",ROUNDUP(AQ27*1.3,0)) -> нов | BG27: =IF(AR27="нов","нов",ROUNDUP(AR27*1.3,0)) -> нов | ... BK27: =IF(AV27="нов","нов",ROUNDUP(AV27*1.3,0)) -> нов | BL27: =SUM(AZ27:BK27) -> 0 | BM27: =AX27*1.3 -> 0 | BN27: =SUM(BL27:BM27) -> 0 | BO27: =IFERROR(_xlfn.XLOOKUP(A27,'[2] Расчет стоимости и веса'!$I:$I,'[2] Расчет стоимости и веса'!$D:$D),0) -> 300 | BP27: =BO27 -> 300 | BR27: 100 | BW27: 50 | BY27: 50 | CA27: 50 | CB27: 50 | CE27: =SUM(BR27:CD27) -> 300 | CF27: =MAX(BO27,CE27)-BQ27 -> 300 | CG27: =BO27+BQ27-CE27 -> 0
A28: =[1]Юнит!A30 -> 419145389 | B28: =[1]Юнит!B30 -> 2415742912 | C28: =[1]Юнит!C30 -> ACRB1MS107PN | D28: =[1]Юнит!D30 -> Мяч с шипами розовый 7 см | E28: =[1]Юнит!E30 -> 2044025316447 | F28: =ROUNDUP(SUMIFS('ВБ Отчет Продажи (за 60 дней)'!$L:$L,'ВБ Отчет Продажи (за 60 дней)'!$K:$K,"Электросталь",'ВБ Отчет Продажи (за 60 дней)'!$G:$G,$A28),0) -> 0 | G28: =ROUNDUP(SUMIFS('ВБ Отчет Продажи (за 60 дней)'!$L:$L,'ВБ Отчет Продажи (за 60 дней)'!$K:$K,"Коледино",'ВБ Отчет Продажи (за 60 дней)'!$G:$G,$A28),0) -> 0 | H28: =ROUNDUP(SUMIFS('ВБ Отчет Продажи (за 60 дней)'!$L:$L,'ВБ Отчет Продажи (за 60 дней)'!$K:$K,"Тула",'ВБ Отчет Продажи (за 60 дней)'!$G:$G,$A28),0) -> 0 | I28: =ROUNDUP(SUMIFS('ВБ Отчет Продажи (за 60 дней)'!$L:$L,'ВБ Отчет Продажи (за 60 дней)'!$K:$K,"Рязань (Тюшевское)",'ВБ Отчет Продажи (за 60 дней)'!$G:$G,$A28),0) -> 3 | J28: =ROUNDUP(SUMIFS('ВБ Отчет Продажи (за 60 дней)'!$L:$L,'ВБ Отчет Продажи (за 60 дней)'!$K:$K,"Краснодар",'ВБ Отчет Продажи (за 60 дней)'!$G:$G,$A28),0) -> 1 | K28: =ROUNDUP(SUMIFS('ВБ Отчет Продажи (за 60 дней)'!$L:$L,'ВБ Отчет Продажи (за 60 дней)'!$K:$K,"Невинномысск",'ВБ Отчет Продажи (за 60 дней)'!$G:$G,$A28),0) -> 0 | L28: =ROUNDUP(SUMIFS('ВБ Отчет Продажи (за 60 дней)'!$L:$L,'ВБ Отчет Продажи (за 60 дней)'!$K:$K,"Волгоград",'ВБ Отчет Продажи (за 60 дней)'!$G:$G,$A28),0) -> 0 | M28: =ROUNDUP(SUMIFS('ВБ Отчет Продажи (за 60 дней)'!$L:$L,'ВБ Отчет Продажи (за 60 дней)'!$K:$K,"Самара (Новосемейкино)",'ВБ Отчет Продажи (за 60 дней)'!$G:$G,$A28),0) -> 0 | N28: =ROUNDUP(SUMIFS('ВБ Отчет Продажи (за 60 дней)'!$L:$L,'ВБ Отчет Продажи (за 60 дней)'!$K:$K,"Казань",'ВБ Отчет Продажи (за 60 дней)'!$G:$G,$A28),0) -> 0 | O28: =ROUNDUP(SUMIFS('ВБ Отчет Продажи (за 60 дней)'!$L:$L,'ВБ Отчет Продажи (за 60 дней)'!$K:$K,"СПБ Шушары",'ВБ Отчет Продажи (за 60 дней)'!$G:$G,$A28),0) -> 0 | P28: =ROUNDUP(SUMIFS('ВБ Отчет Продажи (за 60 дней)'!$L:$L,'ВБ Отчет Продажи (за 60 дней)'!$K:$K,"Екатеринбург - Перспективный 12",'ВБ Отчет Продажи (за 60 дней)'!$G:$G,$A28),0) -> 0 | Q28: =ROUNDUP(SUMIFS('ВБ Отчет Продажи (за 60 дней)'!$L:$L,'ВБ Отчет Продажи (за 60 дней)'!$K:$K,"Новосибирск",'ВБ Отчет Продажи (за 60 дней)'!$G:$G,$A28),0) -> 0 | R28: =SUM(F28:Q28) -> 4 | S28: =SUMIFS('ОЗОН Оборот ведом (за 60 дней)'!I:I,'ОЗОН Оборот ведом (за 60 дней)'!A:A,B28) -> 0 | T28: =SUM(R28:S28) -> 4 | U28: =SUMIFS('ВБ Отчет Продажи (за 60 дней)'!$P:$P,'ВБ Отчет Продажи (за 60 дней)'!$K:$K,"Электросталь",'ВБ Отчет Продажи (за 60 дней)'!$G:$G,$A28) -> 0 | V28: =SUMIFS('ВБ Отчет Продажи (за 60 дней)'!$P:$P,'ВБ Отчет Продажи (за 60 дней)'!$K:$K,"Коледино",'ВБ Отчет Продажи (за 60 дней)'!$G:$G,$A28) -> 0 | W28: =SUMIFS('ВБ Отчет Продажи (за 60 дней)'!$P:$P,'ВБ Отчет Продажи (за 60 дней)'!$K:$K,"Тула",'ВБ Отчет Продажи (за 60 дней)'!$G:$G,$A28) -> 0 | X28: =SUMIFS('ВБ Отчет Продажи (за 60 дней)'!$P:$P,'ВБ Отчет Продажи (за 60 дней)'!$K:$K,"Рязань (Тюшевское)",'ВБ Отчет Продажи (за 60 дней)'!$G:$G,$A28) -> 4 | Y28: =SUMIFS('ВБ Отчет Продажи (за 60 дней)'!$P:$P,'ВБ Отчет Продажи (за 60 дней)'!$K:$K,"Краснодар",'ВБ Отчет Продажи (за 60 дней)'!$G:$G,$A28) -> 14 | Z28: =SUMIFS('ВБ Отчет Продажи (за 60 дней)'!$P:$P,'ВБ Отчет Продажи (за 60 дней)'!$K:$K,"Невинномысск",'ВБ Отчет Продажи (за 60 дней)'!$G:$G,$A28) -> 0 | AA28: =SUMIFS('ВБ Отчет Продажи (за 60 дней)'!$P:$P,'ВБ Отчет Продажи (за 60 дней)'!$K:$K,"Волгоград",'ВБ Отчет Продажи (за 60 дней)'!$G:$G,$A28) -> 0 | AB28: =SUMIFS('ВБ Отчет Продажи (за 60 дней)'!$P:$P,'ВБ Отчет Продажи (за 60 дней)'!$K:$K,"Самара (Новосемейкино)",'ВБ Отчет Продажи (за 60 дней)'!$G:$G,$A28) -> 0 | AC28: =SUMIFS('ВБ Отчет Продажи (за 60 дней)'!$P:$P,'ВБ Отчет Продажи (за 60 дней)'!$K:$K,"Казань",'ВБ Отчет Продажи (за 60 дней)'!$G:$G,$A28) -> 0 | AD28: =SUMIFS('ВБ Отчет Продажи (за 60 дней)'!$P:$P,'ВБ Отчет Продажи (за 60 дней)'!$K:$K,"СПБ Шушары",'ВБ Отчет Продажи (за 60 дней)'!$G:$G,$A28) -> 19 | AE28: =SUMIFS('ВБ Отчет Продажи (за 60 дней)'!$P:$P,'ВБ Отчет Продажи (за 60 дней)'!$K:$K,"Екатеринбург - Перспективный 12",'ВБ Отчет Продажи (за 60 дней)'!$G:$G,$A28) -> 0 | AF28: =SUMIFS('ВБ Отчет Продажи (за 60 дней)'!$P:$P,'ВБ Отчет Продажи (за 60 дней)'!$K:$K,"Новосибирск",'ВБ Отчет Продажи (за 60 дней)'!$G:$G,$A28) -> 0 | AG28: =SUM(U28:AF28) -> 37 | AH28: =IFERROR(AG28*$R$1/R28,0) -> 555 | AI28: =SUMIFS('ОЗОН Оборот ведом (за 60 дней)'!J:J,'ОЗОН Оборот ведом (за 60 дней)'!A:A,B28) -> 0 | AJ28: =AG28+AI28 -> 37 | AK28: {=IFERROR(_xlfn.IFS((F28-U28)>0,F28/$R$1*$AY$1-U28,F28+U28=0,"нов"),0)} -> нов | AL28: {=IFERROR(_xlfn.IFS((G28-V28)>0,G28/$R$1*$AY$1-V28,G28+V28=0,"нов"),0)} -> нов | AM28: {=IFERROR(_xlfn.IFS((H28-W28)>0,H28/$R$1*$AY$1-W28,H28+W28=0,"нов"),0)} -> нов | AN28: {=IFERROR(_xlfn.IFS((I28-X28)>0,I28/$R$1*$AY$1-X28,I28+X28=0,"нов"),0)} -> 0 | AO28: {=IFERROR(_xlfn.IFS((J28-Y28)>0,J28/$R$1*$AY$1-Y28,J28+Y28=0,"нов"),0)} -> 0 | AP28: {=IFERROR(_xlfn.IFS((K28-Z28)>0,K28/$R$1*$AY$1-Z28,K28+Z28=0,"нов"),0)} -> нов | AQ28: {=IFERROR(_xlfn.IFS((L28-AA28)>0,L28/$R$1*$AY$1-AA28,L28+AA28=0,"нов"),0)} -> нов | AR28: {=IFERROR(_xlfn.IFS((M28-AB28)>0,M28/$R$1*$AY$1-AB28,M28+AB28=0,"нов"),0)} -> нов | ... AV28: {=IFERROR(_xlfn.IFS((Q28-AF28)>0,Q28/$R$1*$AY$1-AF28,Q28+AF28=0,"нов"),0)} -> нов | AW28: =SUM(AK28:AV28) -> 0 | AX28: =SUMIF('ОЗОН Доступн товара'!D:D,_xlfn.XLOOKUP($B28,'ОЗОН Доступн товара'!$A:$A,'ОЗОН Доступн товара'!$D:$D,0)) -> 0 | AY28: =SUM(AW28:AX28) -> 0 | AZ28: =IF(AK28="нов","нов",ROUNDUP(AK28*1.3,0)) -> нов | BA28: =IF(AL28="нов","нов",ROUNDUP(AL28*1.3,0)) -> нов | BB28: =IF(AM28="нов","нов",ROUNDUP(AM28*1.3,0)) -> нов | BC28: =IF(AN28="нов","нов",ROUNDUP(AN28*1.3,0)) -> 0 | BD28: =IF(AO28="нов","нов",ROUNDUP(AO28*1.3,0)) -> 0 | BE28: =IF(AP28="нов","нов",ROUNDUP(AP28*1.3,0)) -> нов | BF28: =IF(AQ28="нов","нов",ROUNDUP(AQ28*1.3,0)) -> нов | BG28: =IF(AR28="нов","нов",ROUNDUP(AR28*1.3,0)) -> нов | ... BK28: =IF(AV28="нов","нов",ROUNDUP(AV28*1.3,0)) -> нов | BL28: =SUM(AZ28:BK28) -> 0 | BM28: =AX28*1.3 -> 0 | BN28: =SUM(BL28:BM28) -> 0 | BO28: =IFERROR(_xlfn.XLOOKUP(A28,'[2] Расчет стоимости и веса'!$I:$I,'[2] Расчет стоимости и веса'!$D:$D),0) -> 60 | BP28: =BO28 -> 60 | BQ28: 0 | BR28: 20 | BY28: 20 | CB28: 20 | CE28: =SUM(BR28:CD28) -> 60 | CF28: =MAX(BO28,CE28)-BQ28 -> 60 | CG28: =BO28+BQ28-CE28 -> 0
A29: =[1]Юнит!A31 -> 419145748 | B29: =[1]Юнит!B31 -> 2415742611 | C29: =[1]Юнит!C31 -> ACRB1MS107BL | D29: =[1]Юнит!D31 -> Мяч с шипами голубой 7 см | E29: =[1]Юнит!E31 -> 2044025338661 | F29: =ROUNDUP(SUMIFS('ВБ Отчет Продажи (за 60 дней)'!$L:$L,'ВБ Отчет Продажи (за 60 дней)'!$K:$K,"Электросталь",'ВБ Отчет Продажи (за 60 дней)'!$G:$G,$A29),0) -> 0 | G29: =ROUNDUP(SUMIFS('ВБ Отчет Продажи (за 60 дней)'!$L:$L,'ВБ Отчет Продажи (за 60 дней)'!$K:$K,"Коледино",'ВБ Отчет Продажи (за 60 дней)'!$G:$G,$A29),0) -> 1 | H29: =ROUNDUP(SUMIFS('ВБ Отчет Продажи (за 60 дней)'!$L:$L,'ВБ Отчет Продажи (за 60 дней)'!$K:$K,"Тула",'ВБ Отчет Продажи (за 60 дней)'!$G:$G,$A29),0) -> 0 | I29: =ROUNDUP(SUMIFS('ВБ Отчет Продажи (за 60 дней)'!$L:$L,'ВБ Отчет Продажи (за 60 дней)'!$K:$K,"Рязань (Тюшевское)",'ВБ Отчет Продажи (за 60 дней)'!$G:$G,$A29),0) -> 0 | J29: =ROUNDUP(SUMIFS('ВБ Отчет Продажи (за 60 дней)'!$L:$L,'ВБ Отчет Продажи (за 60 дней)'!$K:$K,"Краснодар",'ВБ Отчет Продажи (за 60 дней)'!$G:$G,$A29),0) -> 0 | K29: =ROUNDUP(SUMIFS('ВБ Отчет Продажи (за 60 дней)'!$L:$L,'ВБ Отчет Продажи (за 60 дней)'!$K:$K,"Невинномысск",'ВБ Отчет Продажи (за 60 дней)'!$G:$G,$A29),0) -> 0 | L29: =ROUNDUP(SUMIFS('ВБ Отчет Продажи (за 60 дней)'!$L:$L,'ВБ Отчет Продажи (за 60 дней)'!$K:$K,"Волгоград",'ВБ Отчет Продажи (за 60 дней)'!$G:$G,$A29),0) -> 0 | M29: =ROUNDUP(SUMIFS('ВБ Отчет Продажи (за 60 дней)'!$L:$L,'ВБ Отчет Продажи (за 60 дней)'!$K:$K,"Самара (Новосемейкино)",'ВБ Отчет Продажи (за 60 дней)'!$G:$G,$A29),0) -> 0 | N29: =ROUNDUP(SUMIFS('ВБ Отчет Продажи (за 60 дней)'!$L:$L,'ВБ Отчет Продажи (за 60 дней)'!$K:$K,"Казань",'ВБ Отчет Продажи (за 60 дней)'!$G:$G,$A29),0) -> 0 | O29: =ROUNDUP(SUMIFS('ВБ Отчет Продажи (за 60 дней)'!$L:$L,'ВБ Отчет Продажи (за 60 дней)'!$K:$K,"СПБ Шушары",'ВБ Отчет Продажи (за 60 дней)'!$G:$G,$A29),0) -> 2 | P29: =ROUNDUP(SUMIFS('ВБ Отчет Продажи (за 60 дней)'!$L:$L,'ВБ Отчет Продажи (за 60 дней)'!$K:$K,"Екатеринбург - Перспективный 12",'ВБ Отчет Продажи (за 60 дней)'!$G:$G,$A29),0) -> 0 | Q29: =ROUNDUP(SUMIFS('ВБ Отчет Продажи (за 60 дней)'!$L:$L,'ВБ Отчет Продажи (за 60 дней)'!$K:$K,"Новосибирск",'ВБ Отчет Продажи (за 60 дней)'!$G:$G,$A29),0) -> 0 | R29: =SUM(F29:Q29) -> 3 | S29: =SUMIFS('ОЗОН Оборот ведом (за 60 дней)'!I:I,'ОЗОН Оборот ведом (за 60 дней)'!A:A,B29) -> 0 | T29: =SUM(R29:S29) -> 3 | U29: =SUMIFS('ВБ Отчет Продажи (за 60 дней)'!$P:$P,'ВБ Отчет Продажи (за 60 дней)'!$K:$K,"Электросталь",'ВБ Отчет Продажи (за 60 дней)'!$G:$G,$A29) -> 0 | V29: =SUMIFS('ВБ Отчет Продажи (за 60 дней)'!$P:$P,'ВБ Отчет Продажи (за 60 дней)'!$K:$K,"Коледино",'ВБ Отчет Продажи (за 60 дней)'!$G:$G,$A29) -> 11 | W29: =SUMIFS('ВБ Отчет Продажи (за 60 дней)'!$P:$P,'ВБ Отчет Продажи (за 60 дней)'!$K:$K,"Тула",'ВБ Отчет Продажи (за 60 дней)'!$G:$G,$A29) -> 0 | X29: =SUMIFS('ВБ Отчет Продажи (за 60 дней)'!$P:$P,'ВБ Отчет Продажи (за 60 дней)'!$K:$K,"Рязань (Тюшевское)",'ВБ Отчет Продажи (за 60 дней)'!$G:$G,$A29) -> 16 | Y29: =SUMIFS('ВБ Отчет Продажи (за 60 дней)'!$P:$P,'ВБ Отчет Продажи (за 60 дней)'!$K:$K,"Краснодар",'ВБ Отчет Продажи (за 60 дней)'!$G:$G,$A29) -> 18 | Z29: =SUMIFS('ВБ Отчет Продажи (за 60 дней)'!$P:$P,'ВБ Отчет Продажи (за 60 дней)'!$K:$K,"Невинномысск",'ВБ Отчет Продажи (за 60 дней)'!$G:$G,$A29) -> 0 | AA29: =SUMIFS('ВБ Отчет Продажи (за 60 дней)'!$P:$P,'ВБ Отчет Продажи (за 60 дней)'!$K:$K,"Волгоград",'ВБ Отчет Продажи (за 60 дней)'!$G:$G,$A29) -> 0 | AB29: =SUMIFS('ВБ Отчет Продажи (за 60 дней)'!$P:$P,'ВБ Отчет Продажи (за 60 дней)'!$K:$K,"Самара (Новосемейкино)",'ВБ Отчет Продажи (за 60 дней)'!$G:$G,$A29) -> 0 | AC29: =SUMIFS('ВБ Отчет Продажи (за 60 дней)'!$P:$P,'ВБ Отчет Продажи (за 60 дней)'!$K:$K,"Казань",'ВБ Отчет Продажи (за 60 дней)'!$G:$G,$A29) -> 0 | AD29: =SUMIFS('ВБ Отчет Продажи (за 60 дней)'!$P:$P,'ВБ Отчет Продажи (за 60 дней)'!$K:$K,"СПБ Шушары",'ВБ Отчет Продажи (за 60 дней)'!$G:$G,$A29) -> 15 | AE29: =SUMIFS('ВБ Отчет Продажи (за 60 дней)'!$P:$P,'ВБ Отчет Продажи (за 60 дней)'!$K:$K,"Екатеринбург - Перспективный 12",'ВБ Отчет Продажи (за 60 дней)'!$G:$G,$A29) -> 0 | AF29: =SUMIFS('ВБ Отчет Продажи (за 60 дней)'!$P:$P,'ВБ Отчет Продажи (за 60 дней)'!$K:$K,"Новосибирск",'ВБ Отчет Продажи (за 60 дней)'!$G:$G,$A29) -> 0 | AG29: =SUM(U29:AF29) -> 60 | AH29: =IFERROR(AG29*$R$1/R29,0) -> 1200 | AI29: =SUMIFS('ОЗОН Оборот ведом (за 60 дней)'!J:J,'ОЗОН Оборот ведом (за 60 дней)'!A:A,B29) -> 0 | AJ29: =AG29+AI29 -> 60 | AK29: {=IFERROR(_xlfn.IFS((F29-U29)>0,F29/$R$1*$AY$1-U29,F29+U29=0,"нов"),0)} -> нов | AL29: {=IFERROR(_xlfn.IFS((G29-V29)>0,G29/$R$1*$AY$1-V29,G29+V29=0,"нов"),0)} -> 0 | AM29: {=IFERROR(_xlfn.IFS((H29-W29)>0,H29/$R$1*$AY$1-W29,H29+W29=0,"нов"),0)} -> нов | AN29: {=IFERROR(_xlfn.IFS((I29-X29)>0,I29/$R$1*$AY$1-X29,I29+X29=0,"нов"),0)} -> 0 | AO29: {=IFERROR(_xlfn.IFS((J29-Y29)>0,J29/$R$1*$AY$1-Y29,J29+Y29=0,"нов"),0)} -> 0 | AP29: {=IFERROR(_xlfn.IFS((K29-Z29)>0,K29/$R$1*$AY$1-Z29,K29+Z29=0,"нов"),0)} -> нов | AQ29: {=IFERROR(_xlfn.IFS((L29-AA29)>0,L29/$R$1*$AY$1-AA29,L29+AA29=0,"нов"),0)} -> нов | AR29: {=IFERROR(_xlfn.IFS((M29-AB29)>0,M29/$R$1*$AY$1-AB29,M29+AB29=0,"нов"),0)} -> нов | ... AV29: {=IFERROR(_xlfn.IFS((Q29-AF29)>0,Q29/$R$1*$AY$1-AF29,Q29+AF29=0,"нов"),0)} -> нов | AW29: =SUM(AK29:AV29) -> 0 | AX29: =SUMIF('ОЗОН Доступн товара'!D:D,_xlfn.XLOOKUP($B29,'ОЗОН Доступн товара'!$A:$A,'ОЗОН Доступн товара'!$D:$D,0)) -> 0 | AY29: =SUM(AW29:AX29) -> 0 | AZ29: =IF(AK29="нов","нов",ROUNDUP(AK29*1.3,0)) -> нов | BA29: =IF(AL29="нов","нов",ROUNDUP(AL29*1.3,0)) -> 0 | BB29: =IF(AM29="нов","нов",ROUNDUP(AM29*1.3,0)) -> нов | BC29: =IF(AN29="нов","нов",ROUNDUP(AN29*1.3,0)) -> 0 | BD29: =IF(AO29="нов","нов",ROUNDUP(AO29*1.3,0)) -> 0 | BE29: =IF(AP29="нов","нов",ROUNDUP(AP29*1.3,0)) -> нов | BF29: =IF(AQ29="нов","нов",ROUNDUP(AQ29*1.3,0)) -> нов | BG29: =IF(AR29="нов","нов",ROUNDUP(AR29*1.3,0)) -> нов | ... BK29: =IF(AV29="нов","нов",ROUNDUP(AV29*1.3,0)) -> нов | BL29: =SUM(AZ29:BK29) -> 0 | BM29: =AX29*1.3 -> 0 | BN29: =SUM(BL29:BM29) -> 0 | BO29: =IFERROR(_xlfn.XLOOKUP(A29,'[2] Расчет стоимости и веса'!$I:$I,'[2] Расчет стоимости и веса'!$D:$D),0) -> 40 | BP29: =BO29 -> 40 | BQ29: 0 | BY29: 20 | CB29: 20 | CE29: =SUM(BR29:CD29) -> 40 | CF29: =MAX(BO29,CE29)-BQ29 -> 40 | CG29: =BO29+BQ29-CE29 -> 0
A30: =[1]Юнит!A32 -> 419141548 | B30: =[1]Юнит!B32 -> 2415742942 | C30: =[1]Юнит!C32 -> ACRB1MS107RJ | D30: =[1]Юнит!D32 -> Мяч с шипами оранжевый 7 см | E30: =[1]Юнит!E32 -> 2044025288003 | F30: =ROUNDUP(SUMIFS('ВБ Отчет Продажи (за 60 дней)'!$L:$L,'ВБ Отчет Продажи (за 60 дней)'!$K:$K,"Электросталь",'ВБ Отчет Продажи (за 60 дней)'!$G:$G,$A30),0) -> 0 | G30: =ROUNDUP(SUMIFS('ВБ Отчет Продажи (за 60 дней)'!$L:$L,'ВБ Отчет Продажи (за 60 дней)'!$K:$K,"Коледино",'ВБ Отчет Продажи (за 60 дней)'!$G:$G,$A30),0) -> 3 | H30: =ROUNDUP(SUMIFS('ВБ Отчет Продажи (за 60 дней)'!$L:$L,'ВБ Отчет Продажи (за 60 дней)'!$K:$K,"Тула",'ВБ Отчет Продажи (за 60 дней)'!$G:$G,$A30),0) -> 0 | I30: =ROUNDUP(SUMIFS('ВБ Отчет Продажи (за 60 дней)'!$L:$L,'ВБ Отчет Продажи (за 60 дней)'!$K:$K,"Рязань (Тюшевское)",'ВБ Отчет Продажи (за 60 дней)'!$G:$G,$A30),0) -> 2 | J30: =ROUNDUP(SUMIFS('ВБ Отчет Продажи (за 60 дней)'!$L:$L,'ВБ Отчет Продажи (за 60 дней)'!$K:$K,"Краснодар",'ВБ Отчет Продажи (за 60 дней)'!$G:$G,$A30),0) -> 0 | K30: =ROUNDUP(SUMIFS('ВБ Отчет Продажи (за 60 дней)'!$L:$L,'ВБ Отчет Продажи (за 60 дней)'!$K:$K,"Невинномысск",'ВБ Отчет Продажи (за 60 дней)'!$G:$G,$A30),0) -> 0 | L30: =ROUNDUP(SUMIFS('ВБ Отчет Продажи (за 60 дней)'!$L:$L,'ВБ Отчет Продажи (за 60 дней)'!$K:$K,"Волгоград",'ВБ Отчет Продажи (за 60 дней)'!$G:$G,$A30),0) -> 0 | M30: =ROUNDUP(SUMIFS('ВБ Отчет Продажи (за 60 дней)'!$L:$L,'ВБ Отчет Продажи (за 60 дней)'!$K:$K,"Самара (Новосемейкино)",'ВБ Отчет Продажи (за 60 дней)'!$G:$G,$A30),0) -> 0 | N30: =ROUNDUP(SUMIFS('ВБ Отчет Продажи (за 60 дней)'!$L:$L,'ВБ Отчет Продажи (за 60 дней)'!$K:$K,"Казань",'ВБ Отчет Продажи (за 60 дней)'!$G:$G,$A30),0) -> 1 | O30: =ROUNDUP(SUMIFS('ВБ Отчет Продажи (за 60 дней)'!$L:$L,'ВБ Отчет Продажи (за 60 дней)'!$K:$K,"СПБ Шушары",'ВБ Отчет Продажи (за 60 дней)'!$G:$G,$A30),0) -> 2 | P30: =ROUNDUP(SUMIFS('ВБ Отчет Продажи (за 60 дней)'!$L:$L,'ВБ Отчет Продажи (за 60 дней)'!$K:$K,"Екатеринбург - Перспективный 12",'ВБ Отчет Продажи (за 60 дней)'!$G:$G,$A30),0) -> 0 | Q30: =ROUNDUP(SUMIFS('ВБ Отчет Продажи (за 60 дней)'!$L:$L,'ВБ Отчет Продажи (за 60 дней)'!$K:$K,"Новосибирск",'ВБ Отчет Продажи (за 60 дней)'!$G:$G,$A30),0) -> 0 | R30: =SUM(F30:Q30) -> 8 | S30: =SUMIFS('ОЗОН Оборот ведом (за 60 дней)'!I:I,'ОЗОН Оборот ведом (за 60 дней)'!A:A,B30) -> 0 | T30: =SUM(R30:S30) -> 8 | U30: =SUMIFS('ВБ Отчет Продажи (за 60 дней)'!$P:$P,'ВБ Отчет Продажи (за 60 дней)'!$K:$K,"Электросталь",'ВБ Отчет Продажи (за 60 дней)'!$G:$G,$A30) -> 0 | V30: =SUMIFS('ВБ Отчет Продажи (за 60 дней)'!$P:$P,'ВБ Отчет Продажи (за 60 дней)'!$K:$K,"Коледино",'ВБ Отчет Продажи (за 60 дней)'!$G:$G,$A30) -> 0 | W30: =SUMIFS('ВБ Отчет Продажи (за 60 дней)'!$P:$P,'ВБ Отчет Продажи (за 60 дней)'!$K:$K,"Тула",'ВБ Отчет Продажи (за 60 дней)'!$G:$G,$A30) -> 0 | X30: =SUMIFS('ВБ Отчет Продажи (за 60 дней)'!$P:$P,'ВБ Отчет Продажи (за 60 дней)'!$K:$K,"Рязань (Тюшевское)",'ВБ Отчет Продажи (за 60 дней)'!$G:$G,$A30) -> 11 | Y30: =SUMIFS('ВБ Отчет Продажи (за 60 дней)'!$P:$P,'ВБ Отчет Продажи (за 60 дней)'!$K:$K,"Краснодар",'ВБ Отчет Продажи (за 60 дней)'!$G:$G,$A30) -> 17 | Z30: =SUMIFS('ВБ Отчет Продажи (за 60 дней)'!$P:$P,'ВБ Отчет Продажи (за 60 дней)'!$K:$K,"Невинномысск",'ВБ Отчет Продажи (за 60 дней)'!$G:$G,$A30) -> 0 | AA30: =SUMIFS('ВБ Отчет Продажи (за 60 дней)'!$P:$P,'ВБ Отчет Продажи (за 60 дней)'!$K:$K,"Волгоград",'ВБ Отчет Продажи (за 60 дней)'!$G:$G,$A30) -> 0 | AB30: =SUMIFS('ВБ Отчет Продажи (за 60 дней)'!$P:$P,'ВБ Отчет Продажи (за 60 дней)'!$K:$K,"Самара (Новосемейкино)",'ВБ Отчет Продажи (за 60 дней)'!$G:$G,$A30) -> 0 | AC30: =SUMIFS('ВБ Отчет Продажи (за 60 дней)'!$P:$P,'ВБ Отчет Продажи (за 60 дней)'!$K:$K,"Казань",'ВБ Отчет Продажи (за 60 дней)'!$G:$G,$A30) -> 0 | AD30: =SUMIFS('ВБ Отчет Продажи (за 60 дней)'!$P:$P,'ВБ Отчет Продажи (за 60 дней)'!$K:$K,"СПБ Шушары",'ВБ Отчет Продажи (за 60 дней)'!$G:$G,$A30) -> 16 | AE30: =SUMIFS('ВБ Отчет Продажи (за 60 дней)'!$P:$P,'ВБ Отчет Продажи (за 60 дней)'!$K:$K,"Екатеринбург - Перспективный 12",'ВБ Отчет Продажи (за 60 дней)'!$G:$G,$A30) -> 0 | AF30: =SUMIFS('ВБ Отчет Продажи (за 60 дней)'!$P:$P,'ВБ Отчет Продажи (за 60 дней)'!$K:$K,"Новосибирск",'ВБ Отчет Продажи (за 60 дней)'!$G:$G,$A30) -> 0 | AG30: =SUM(U30:AF30) -> 44 | AH30: =IFERROR(AG30*$R$1/R30,0) -> 330 | AI30: =SUMIFS('ОЗОН Оборот ведом (за 60 дней)'!J:J,'ОЗОН Оборот ведом (за 60 дней)'!A:A,B30) -> 0 | AJ30: =AG30+AI30 -> 44 | AK30: {=IFERROR(_xlfn.IFS((F30-U30)>0,F30/$R$1*$AY$1-U30,F30+U30=0,"нов"),0)} -> нов | AL30: {=IFERROR(_xlfn.IFS((G30-V30)>0,G30/$R$1*$AY$1-V30,G30+V30=0,"нов"),0)} -> 3 | AM30: {=IFERROR(_xlfn.IFS((H30-W30)>0,H30/$R$1*$AY$1-W30,H30+W30=0,"нов"),0)} -> нов | AN30: {=IFERROR(_xlfn.IFS((I30-X30)>0,I30/$R$1*$AY$1-X30,I30+X30=0,"нов"),0)} -> 0 | AO30: {=IFERROR(_xlfn.IFS((J30-Y30)>0,J30/$R$1*$AY$1-Y30,J30+Y30=0,"нов"),0)} -> 0 | AP30: {=IFERROR(_xlfn.IFS((K30-Z30)>0,K30/$R$1*$AY$1-Z30,K30+Z30=0,"нов"),0)} -> нов | AQ30: {=IFERROR(_xlfn.IFS((L30-AA30)>0,L30/$R$1*$AY$1-AA30,L30+AA30=0,"нов"),0)} -> нов | AR30: {=IFERROR(_xlfn.IFS((M30-AB30)>0,M30/$R$1*$AY$1-AB30,M30+AB30=0,"нов"),0)} -> нов | ... AV30: {=IFERROR(_xlfn.IFS((Q30-AF30)>0,Q30/$R$1*$AY$1-AF30,Q30+AF30=0,"нов"),0)} -> нов | AW30: =SUM(AK30:AV30) -> 4 | AX30: =SUMIF('ОЗОН Доступн товара'!D:D,_xlfn.XLOOKUP($B30,'ОЗОН Доступн товара'!$A:$A,'ОЗОН Доступн товара'!$D:$D,0)) -> 0 | AY30: =SUM(AW30:AX30) -> 4 | AZ30: =IF(AK30="нов","нов",ROUNDUP(AK30*1.3,0)) -> нов | BA30: =IF(AL30="нов","нов",ROUNDUP(AL30*1.3,0)) -> 4 | BB30: =IF(AM30="нов","нов",ROUNDUP(AM30*1.3,0)) -> нов | BC30: =IF(AN30="нов","нов",ROUNDUP(AN30*1.3,0)) -> 0 | BD30: =IF(AO30="нов","нов",ROUNDUP(AO30*1.3,0)) -> 0 | BE30: =IF(AP30="нов","нов",ROUNDUP(AP30*1.3,0)) -> нов | BF30: =IF(AQ30="нов","нов",ROUNDUP(AQ30*1.3,0)) -> нов | BG30: =IF(AR30="нов","нов",ROUNDUP(AR30*1.3,0)) -> нов | ... BK30: =IF(AV30="нов","нов",ROUNDUP(AV30*1.3,0)) -> нов | BL30: =SUM(AZ30:BK30) -> 6 | BM30: =AX30*1.3 -> 0 | BN30: =SUM(BL30:BM30) -> 6 | BO30: =IFERROR(_xlfn.XLOOKUP(A30,'[2] Расчет стоимости и веса'!$I:$I,'[2] Расчет стоимости и веса'!$D:$D),0) -> 30 | BP30: =BO30 -> 30 | BQ30: 0 | BR30: 10 | BY30: 10 | CB30: 10 | CE30: =SUM(BR30:CD30) -> 30 | CF30: =MAX(BO30,CE30)-BQ30 -> 30 | CG30: =BO30+BQ30-CE30 -> 0
A31: =[1]Юнит!A33 -> 419145985 | B31: =[1]Юнит!B33 -> 2415742795 | C31: =[1]Юнит!C33 -> ACRB1MS107BС | D31: =[1]Юнит!D33 -> Мяч с шипами черный 7 см | E31: =[1]Юнит!E33 -> 2044025344532 | F31: =ROUNDUP(SUMIFS('ВБ Отчет Продажи (за 60 дней)'!$L:$L,'ВБ Отчет Продажи (за 60 дней)'!$K:$K,"Электросталь",'ВБ Отчет Продажи (за 60 дней)'!$G:$G,$A31),0) -> 0 | G31: =ROUNDUP(SUMIFS('ВБ Отчет Продажи (за 60 дней)'!$L:$L,'ВБ Отчет Продажи (за 60 дней)'!$K:$K,"Коледино",'ВБ Отчет Продажи (за 60 дней)'!$G:$G,$A31),0) -> 2 | H31: =ROUNDUP(SUMIFS('ВБ Отчет Продажи (за 60 дней)'!$L:$L,'ВБ Отчет Продажи (за 60 дней)'!$K:$K,"Тула",'ВБ Отчет Продажи (за 60 дней)'!$G:$G,$A31),0) -> 0 | I31: =ROUNDUP(SUMIFS('ВБ Отчет Продажи (за 60 дней)'!$L:$L,'ВБ Отчет Продажи (за 60 дней)'!$K:$K,"Рязань (Тюшевское)",'ВБ Отчет Продажи (за 60 дней)'!$G:$G,$A31),0) -> 1 | J31: =ROUNDUP(SUMIFS('ВБ Отчет Продажи (за 60 дней)'!$L:$L,'ВБ Отчет Продажи (за 60 дней)'!$K:$K,"Краснодар",'ВБ Отчет Продажи (за 60 дней)'!$G:$G,$A31),0) -> 0 | K31: =ROUNDUP(SUMIFS('ВБ Отчет Продажи (за 60 дней)'!$L:$L,'ВБ Отчет Продажи (за 60 дней)'!$K:$K,"Невинномысск",'ВБ Отчет Продажи (за 60 дней)'!$G:$G,$A31),0) -> 0 | L31: =ROUNDUP(SUMIFS('ВБ Отчет Продажи (за 60 дней)'!$L:$L,'ВБ Отчет Продажи (за 60 дней)'!$K:$K,"Волгоград",'ВБ Отчет Продажи (за 60 дней)'!$G:$G,$A31),0) -> 0 | M31: =ROUNDUP(SUMIFS('ВБ Отчет Продажи (за 60 дней)'!$L:$L,'ВБ Отчет Продажи (за 60 дней)'!$K:$K,"Самара (Новосемейкино)",'ВБ Отчет Продажи (за 60 дней)'!$G:$G,$A31),0) -> 0 | N31: =ROUNDUP(SUMIFS('ВБ Отчет Продажи (за 60 дней)'!$L:$L,'ВБ Отчет Продажи (за 60 дней)'!$K:$K,"Казань",'ВБ Отчет Продажи (за 60 дней)'!$G:$G,$A31),0) -> 0 | O31: =ROUNDUP(SUMIFS('ВБ Отчет Продажи (за 60 дней)'!$L:$L,'ВБ Отчет Продажи (за 60 дней)'!$K:$K,"СПБ Шушары",'ВБ Отчет Продажи (за 60 дней)'!$G:$G,$A31),0) -> 0 | P31: =ROUNDUP(SUMIFS('ВБ Отчет Продажи (за 60 дней)'!$L:$L,'ВБ Отчет Продажи (за 60 дней)'!$K:$K,"Екатеринбург - Перспективный 12",'ВБ Отчет Продажи (за 60 дней)'!$G:$G,$A31),0) -> 0 | Q31: =ROUNDUP(SUMIFS('ВБ Отчет Продажи (за 60 дней)'!$L:$L,'ВБ Отчет Продажи (за 60 дней)'!$K:$K,"Новосибирск",'ВБ Отчет Продажи (за 60 дней)'!$G:$G,$A31),0) -> 0 | R31: =SUM(F31:Q31) -> 3 | S31: =SUMIFS('ОЗОН Оборот ведом (за 60 дней)'!I:I,'ОЗОН Оборот ведом (за 60 дней)'!A:A,B31) -> 0 | T31: =SUM(R31:S31) -> 3 | U31: =SUMIFS('ВБ Отчет Продажи (за 60 дней)'!$P:$P,'ВБ Отчет Продажи (за 60 дней)'!$K:$K,"Электросталь",'ВБ Отчет Продажи (за 60 дней)'!$G:$G,$A31) -> 2 | V31: =SUMIFS('ВБ Отчет Продажи (за 60 дней)'!$P:$P,'ВБ Отчет Продажи (за 60 дней)'!$K:$K,"Коледино",'ВБ Отчет Продажи (за 60 дней)'!$G:$G,$A31) -> 6 | W31: =SUMIFS('ВБ Отчет Продажи (за 60 дней)'!$P:$P,'ВБ Отчет Продажи (за 60 дней)'!$K:$K,"Тула",'ВБ Отчет Продажи (за 60 дней)'!$G:$G,$A31) -> 1 | X31: =SUMIFS('ВБ Отчет Продажи (за 60 дней)'!$P:$P,'ВБ Отчет Продажи (за 60 дней)'!$K:$K,"Рязань (Тюшевское)",'ВБ Отчет Продажи (за 60 дней)'!$G:$G,$A31) -> 15 | Y31: =SUMIFS('ВБ Отчет Продажи (за 60 дней)'!$P:$P,'ВБ Отчет Продажи (за 60 дней)'!$K:$K,"Краснодар",'ВБ Отчет Продажи (за 60 дней)'!$G:$G,$A31) -> 18 | Z31: =SUMIFS('ВБ Отчет Продажи (за 60 дней)'!$P:$P,'ВБ Отчет Продажи (за 60 дней)'!$K:$K,"Невинномысск",'ВБ Отчет Продажи (за 60 дней)'!$G:$G,$A31) -> 0 | AA31: =SUMIFS('ВБ Отчет Продажи (за 60 дней)'!$P:$P,'ВБ Отчет Продажи (за 60 дней)'!$K:$K,"Волгоград",'ВБ Отчет Продажи (за 60 дней)'!$G:$G,$A31) -> 1 | AB31: =SUMIFS('ВБ Отчет Продажи (за 60 дней)'!$P:$P,'ВБ Отчет Продажи (за 60 дней)'!$K:$K,"Самара (Новосемейкино)",'ВБ Отчет Продажи (за 60 дней)'!$G:$G,$A31) -> 0 | AC31: =SUMIFS('ВБ Отчет Продажи (за 60 дней)'!$P:$P,'ВБ Отчет Продажи (за 60 дней)'!$K:$K,"Казань",'ВБ Отчет Продажи (за 60 дней)'!$G:$G,$A31) -> 0 | AD31: =SUMIFS('ВБ Отчет Продажи (за 60 дней)'!$P:$P,'ВБ Отчет Продажи (за 60 дней)'!$K:$K,"СПБ Шушары",'ВБ Отчет Продажи (за 60 дней)'!$G:$G,$A31) -> 14 | AE31: =SUMIFS('ВБ Отчет Продажи (за 60 дней)'!$P:$P,'ВБ Отчет Продажи (за 60 дней)'!$K:$K,"Екатеринбург - Перспективный 12",'ВБ Отчет Продажи (за 60 дней)'!$G:$G,$A31) -> 0 | AF31: =SUMIFS('ВБ Отчет Продажи (за 60 дней)'!$P:$P,'ВБ Отчет Продажи (за 60 дней)'!$K:$K,"Новосибирск",'ВБ Отчет Продажи (за 60 дней)'!$G:$G,$A31) -> 0 | AG31: =SUM(U31:AF31) -> 57 | AH31: =IFERROR(AG31*$R$1/R31,0) -> 1140 | AI31: =SUMIFS('ОЗОН Оборот ведом (за 60 дней)'!J:J,'ОЗОН Оборот ведом (за 60 дней)'!A:A,B31) -> 0 | AJ31: =AG31+AI31 -> 57 | AK31: {=IFERROR(_xlfn.IFS((F31-U31)>0,F31/$R$1*$AY$1-U31,F31+U31=0,"нов"),0)} -> 0 | AL31: {=IFERROR(_xlfn.IFS((G31-V31)>0,G31/$R$1*$AY$1-V31,G31+V31=0,"нов"),0)} -> 0 | AM31: {=IFERROR(_xlfn.IFS((H31-W31)>0,H31/$R$1*$AY$1-W31,H31+W31=0,"нов"),0)} -> 0 | AN31: {=IFERROR(_xlfn.IFS((I31-X31)>0,I31/$R$1*$AY$1-X31,I31+X31=0,"нов"),0)} -> 0 | AO31: {=IFERROR(_xlfn.IFS((J31-Y31)>0,J31/$R$1*$AY$1-Y31,J31+Y31=0,"нов"),0)} -> 0 | AP31: {=IFERROR(_xlfn.IFS((K31-Z31)>0,K31/$R$1*$AY$1-Z31,K31+Z31=0,"нов"),0)} -> нов | AQ31: {=IFERROR(_xlfn.IFS((L31-AA31)>0,L31/$R$1*$AY$1-AA31,L31+AA31=0,"нов"),0)} -> 0 | AR31: {=IFERROR(_xlfn.IFS((M31-AB31)>0,M31/$R$1*$AY$1-AB31,M31+AB31=0,"нов"),0)} -> нов | ... AV31: {=IFERROR(_xlfn.IFS((Q31-AF31)>0,Q31/$R$1*$AY$1-AF31,Q31+AF31=0,"нов"),0)} -> нов | AW31: =SUM(AK31:AV31) -> 0 | AX31: =SUMIF('ОЗОН Доступн товара'!D:D,_xlfn.XLOOKUP($B31,'ОЗОН Доступн товара'!$A:$A,'ОЗОН Доступн товара'!$D:$D,0)) -> 0 | AY31: =SUM(AW31:AX31) -> 0 | AZ31: =IF(AK31="нов","нов",ROUNDUP(AK31*1.3,0)) -> 0 | BA31: =IF(AL31="нов","нов",ROUNDUP(AL31*1.3,0)) -> 0 | BB31: =IF(AM31="нов","нов",ROUNDUP(AM31*1.3,0)) -> 0 | BC31: =IF(AN31="нов","нов",ROUNDUP(AN31*1.3,0)) -> 0 | BD31: =IF(AO31="нов","нов",ROUNDUP(AO31*1.3,0)) -> 0 | BE31: =IF(AP31="нов","нов",ROUNDUP(AP31*1.3,0)) -> нов | BF31: =IF(AQ31="нов","нов",ROUNDUP(AQ31*1.3,0)) -> 0 | BG31: =IF(AR31="нов","нов",ROUNDUP(AR31*1.3,0)) -> нов | ... BK31: =IF(AV31="нов","нов",ROUNDUP(AV31*1.3,0)) -> нов | BL31: =SUM(AZ31:BK31) -> 0 | BM31: =AX31*1.3 -> 0 | BN31: =SUM(BL31:BM31) -> 0 | BO31: =IFERROR(_xlfn.XLOOKUP(A31,'[2] Расчет стоимости и веса'!$I:$I,'[2] Расчет стоимости и веса'!$D:$D),0) -> 30 | BP31: =BO31 -> 30 | BY31: 10 | CB31: 20 | CE31: =SUM(BR31:CD31) -> 30 | CF31: =MAX(BO31,CE31)-BQ31 -> 30 | CG31: =BO31+BQ31-CE31 -> 0
A32: =[1]Юнит!A34 -> 419145390 | B32: =[1]Юнит!B34 -> 2415742470 | C32: =[1]Юнит!C34 -> ACRB1MS109PN | D32: =[1]Юнит!D34 -> Мяч с шипами розовый 9 см | E32: =[1]Юнит!E34 -> 2044025321588 | F32: =ROUNDUP(SUMIFS('ВБ Отчет Продажи (за 60 дней)'!$L:$L,'ВБ Отчет Продажи (за 60 дней)'!$K:$K,"Электросталь",'ВБ Отчет Продажи (за 60 дней)'!$G:$G,$A32),0) -> 2 | G32: =ROUNDUP(SUMIFS('ВБ Отчет Продажи (за 60 дней)'!$L:$L,'ВБ Отчет Продажи (за 60 дней)'!$K:$K,"Коледино",'ВБ Отчет Продажи (за 60 дней)'!$G:$G,$A32),0) -> 2 | H32: =ROUNDUP(SUMIFS('ВБ Отчет Продажи (за 60 дней)'!$L:$L,'ВБ Отчет Продажи (за 60 дней)'!$K:$K,"Тула",'ВБ Отчет Продажи (за 60 дней)'!$G:$G,$A32),0) -> 0 | I32: =ROUNDUP(SUMIFS('ВБ Отчет Продажи (за 60 дней)'!$L:$L,'ВБ Отчет Продажи (за 60 дней)'!$K:$K,"Рязань (Тюшевское)",'ВБ Отчет Продажи (за 60 дней)'!$G:$G,$A32),0) -> 0 | J32: =ROUNDUP(SUMIFS('ВБ Отчет Продажи (за 60 дней)'!$L:$L,'ВБ Отчет Продажи (за 60 дней)'!$K:$K,"Краснодар",'ВБ Отчет Продажи (за 60 дней)'!$G:$G,$A32),0) -> 0 | K32: =ROUNDUP(SUMIFS('ВБ Отчет Продажи (за 60 дней)'!$L:$L,'ВБ Отчет Продажи (за 60 дней)'!$K:$K,"Невинномысск",'ВБ Отчет Продажи (за 60 дней)'!$G:$G,$A32),0) -> 0 | L32: =ROUNDUP(SUMIFS('ВБ Отчет Продажи (за 60 дней)'!$L:$L,'ВБ Отчет Продажи (за 60 дней)'!$K:$K,"Волгоград",'ВБ Отчет Продажи (за 60 дней)'!$G:$G,$A32),0) -> 0 | M32: =ROUNDUP(SUMIFS('ВБ Отчет Продажи (за 60 дней)'!$L:$L,'ВБ Отчет Продажи (за 60 дней)'!$K:$K,"Самара (Новосемейкино)",'ВБ Отчет Продажи (за 60 дней)'!$G:$G,$A32),0) -> 0 | N32: =ROUNDUP(SUMIFS('ВБ Отчет Продажи (за 60 дней)'!$L:$L,'ВБ Отчет Продажи (за 60 дней)'!$K:$K,"Казань",'ВБ Отчет Продажи (за 60 дней)'!$G:$G,$A32),0) -> 1 | O32: =ROUNDUP(SUMIFS('ВБ Отчет Продажи (за 60 дней)'!$L:$L,'ВБ Отчет Продажи (за 60 дней)'!$K:$K,"СПБ Шушары",'ВБ Отчет Продажи (за 60 дней)'!$G:$G,$A32),0) -> 0 | P32: =ROUNDUP(SUMIFS('ВБ Отчет Продажи (за 60 дней)'!$L:$L,'ВБ Отчет Продажи (за 60 дней)'!$K:$K,"Екатеринбург - Перспективный 12",'ВБ Отчет Продажи (за 60 дней)'!$G:$G,$A32),0) -> 0 | Q32: =ROUNDUP(SUMIFS('ВБ Отчет Продажи (за 60 дней)'!$L:$L,'ВБ Отчет Продажи (за 60 дней)'!$K:$K,"Новосибирск",'ВБ Отчет Продажи (за 60 дней)'!$G:$G,$A32),0) -> 0 | R32: =SUM(F32:Q32) -> 5 | S32: =SUMIFS('ОЗОН Оборот ведом (за 60 дней)'!I:I,'ОЗОН Оборот ведом (за 60 дней)'!A:A,B32) -> 4 | T32: =SUM(R32:S32) -> 9 | U32: =SUMIFS('ВБ Отчет Продажи (за 60 дней)'!$P:$P,'ВБ Отчет Продажи (за 60 дней)'!$K:$K,"Электросталь",'ВБ Отчет Продажи (за 60 дней)'!$G:$G,$A32) -> 0 | V32: =SUMIFS('ВБ Отчет Продажи (за 60 дней)'!$P:$P,'ВБ Отчет Продажи (за 60 дней)'!$K:$K,"Коледино",'ВБ Отчет Продажи (за 60 дней)'!$G:$G,$A32) -> 0 | W32: =SUMIFS('ВБ Отчет Продажи (за 60 дней)'!$P:$P,'ВБ Отчет Продажи (за 60 дней)'!$K:$K,"Тула",'ВБ Отчет Продажи (за 60 дней)'!$G:$G,$A32) -> 0 | X32: =SUMIFS('ВБ Отчет Продажи (за 60 дней)'!$P:$P,'ВБ Отчет Продажи (за 60 дней)'!$K:$K,"Рязань (Тюшевское)",'ВБ Отчет Продажи (за 60 дней)'!$G:$G,$A32) -> 0 | Y32: =SUMIFS('ВБ Отчет Продажи (за 60 дней)'!$P:$P,'ВБ Отчет Продажи (за 60 дней)'!$K:$K,"Краснодар",'ВБ Отчет Продажи (за 60 дней)'!$G:$G,$A32) -> 0 | Z32: =SUMIFS('ВБ Отчет Продажи (за 60 дней)'!$P:$P,'ВБ Отчет Продажи (за 60 дней)'!$K:$K,"Невинномысск",'ВБ Отчет Продажи (за 60 дней)'!$G:$G,$A32) -> 0 | AA32: =SUMIFS('ВБ Отчет Продажи (за 60 дней)'!$P:$P,'ВБ Отчет Продажи (за 60 дней)'!$K:$K,"Волгоград",'ВБ Отчет Продажи (за 60 дней)'!$G:$G,$A32) -> 0 | AB32: =SUMIFS('ВБ Отчет Продажи (за 60 дней)'!$P:$P,'ВБ Отчет Продажи (за 60 дней)'!$K:$K,"Самара (Новосемейкино)",'ВБ Отчет Продажи (за 60 дней)'!$G:$G,$A32) -> 0 | AC32: =SUMIFS('ВБ Отчет Продажи (за 60 дней)'!$P:$P,'ВБ Отчет Продажи (за 60 дней)'!$K:$K,"Казань",'ВБ Отчет Продажи (за 60 дней)'!$G:$G,$A32) -> 0 | AD32: =SUMIFS('ВБ Отчет Продажи (за 60 дней)'!$P:$P,'ВБ Отчет Продажи (за 60 дней)'!$K:$K,"СПБ Шушары",'ВБ Отчет Продажи (за 60 дней)'!$G:$G,$A32) -> 0 | AE32: =SUMIFS('ВБ Отчет Продажи (за 60 дней)'!$P:$P,'ВБ Отчет Продажи (за 60 дней)'!$K:$K,"Екатеринбург - Перспективный 12",'ВБ Отчет Продажи (за 60 дней)'!$G:$G,$A32) -> 0 | AF32: =SUMIFS('ВБ Отчет Продажи (за 60 дней)'!$P:$P,'ВБ Отчет Продажи (за 60 дней)'!$K:$K,"Новосибирск",'ВБ Отчет Продажи (за 60 дней)'!$G:$G,$A32) -> 0 | AG32: =SUM(U32:AF32) -> 0 | AH32: =IFERROR(AG32*$R$1/R32,0) -> 0 | AI32: =SUMIFS('ОЗОН Оборот ведом (за 60 дней)'!J:J,'ОЗОН Оборот ведом (за 60 дней)'!A:A,B32) -> 1 | AJ32: =AG32+AI32 -> 1 | AK32: {=IFERROR(_xlfn.IFS((F32-U32)>0,F32/$R$1*$AY$1-U32,F32+U32=0,"нов"),0)} -> 2 | AL32: {=IFERROR(_xlfn.IFS((G32-V32)>0,G32/$R$1*$AY$1-V32,G32+V32=0,"нов"),0)} -> 2 | AM32: {=IFERROR(_xlfn.IFS((H32-W32)>0,H32/$R$1*$AY$1-W32,H32+W32=0,"нов"),0)} -> нов | AN32: {=IFERROR(_xlfn.IFS((I32-X32)>0,I32/$R$1*$AY$1-X32,I32+X32=0,"нов"),0)} -> нов | AO32: {=IFERROR(_xlfn.IFS((J32-Y32)>0,J32/$R$1*$AY$1-Y32,J32+Y32=0,"нов"),0)} -> нов | AP32: {=IFERROR(_xlfn.IFS((K32-Z32)>0,K32/$R$1*$AY$1-Z32,K32+Z32=0,"нов"),0)} -> нов | AQ32: {=IFERROR(_xlfn.IFS((L32-AA32)>0,L32/$R$1*$AY$1-AA32,L32+AA32=0,"нов"),0)} -> нов | AR32: {=IFERROR(_xlfn.IFS((M32-AB32)>0,M32/$R$1*$AY$1-AB32,M32+AB32=0,"нов"),0)} -> нов | ... AV32: {=IFERROR(_xlfn.IFS((Q32-AF32)>0,Q32/$R$1*$AY$1-AF32,Q32+AF32=0,"нов"),0)} -> нов | AW32: =SUM(AK32:AV32) -> 5 | AX32: =SUMIF('ОЗОН Доступн товара'!D:D,_xlfn.XLOOKUP($B32,'ОЗОН Доступн товара'!$A:$A,'ОЗОН Доступн товара'!$D:$D,0)) -> 0 | AY32: =SUM(AW32:AX32) -> 5 | AZ32: =IF(AK32="нов","нов",ROUNDUP(AK32*1.3,0)) -> 3 | BA32: =IF(AL32="нов","нов",ROUNDUP(AL32*1.3,0)) -> 3 | BB32: =IF(AM32="нов","нов",ROUNDUP(AM32*1.3,0)) -> нов | BC32: =IF(AN32="нов","нов",ROUNDUP(AN32*1.3,0)) -> нов | BD32: =IF(AO32="нов","нов",ROUNDUP(AO32*1.3,0)) -> нов | BE32: =IF(AP32="нов","нов",ROUNDUP(AP32*1.3,0)) -> нов | BF32: =IF(AQ32="нов","нов",ROUNDUP(AQ32*1.3,0)) -> нов | BG32: =IF(AR32="нов","нов",ROUNDUP(AR32*1.3,0)) -> нов | ... BK32: =IF(AV32="нов","нов",ROUNDUP(AV32*1.3,0)) -> нов | BL32: =SUM(AZ32:BK32) -> 8 | BM32: =AX32*1.3 -> 0 | BN32: =SUM(BL32:BM32) -> 8 | BO32: =IFERROR(_xlfn.XLOOKUP(A32,'[2] Расчет стоимости и веса'!$I:$I,'[2] Расчет стоимости и веса'!$D:$D),0) -> 150 | BP32: =BO32 -> 150 | BR32: 30 | BW32: 30 | BY32: 30 | CA32: 30 | CB32: 30 | CE32: =SUM(BR32:CD32) -> 150 | CF32: =MAX(BO32,CE32)-BQ32 -> 150 | CG32: =BO32+BQ32-CE32 -> 0
A33: =[1]Юнит!A35 -> 419145749 | B33: =[1]Юнит!B35 -> 2415742615 | C33: =[1]Юнит!C35 -> ACRB1MS109BL | D33: =[1]Юнит!D35 -> Мяч с шипами голубой 9 см | E33: =[1]Юнит!E35 -> 2044025342057 | F33: =ROUNDUP(SUMIFS('ВБ Отчет Продажи (за 60 дней)'!$L:$L,'ВБ Отчет Продажи (за 60 дней)'!$K:$K,"Электросталь",'ВБ Отчет Продажи (за 60 дней)'!$G:$G,$A33),0) -> 0 | G33: =ROUNDUP(SUMIFS('ВБ Отчет Продажи (за 60 дней)'!$L:$L,'ВБ Отчет Продажи (за 60 дней)'!$K:$K,"Коледино",'ВБ Отчет Продажи (за 60 дней)'!$G:$G,$A33),0) -> 1 | H33: =ROUNDUP(SUMIFS('ВБ Отчет Продажи (за 60 дней)'!$L:$L,'ВБ Отчет Продажи (за 60 дней)'!$K:$K,"Тула",'ВБ Отчет Продажи (за 60 дней)'!$G:$G,$A33),0) -> 0 | I33: =ROUNDUP(SUMIFS('ВБ Отчет Продажи (за 60 дней)'!$L:$L,'ВБ Отчет Продажи (за 60 дней)'!$K:$K,"Рязань (Тюшевское)",'ВБ Отчет Продажи (за 60 дней)'!$G:$G,$A33),0) -> 1 | J33: =ROUNDUP(SUMIFS('ВБ Отчет Продажи (за 60 дней)'!$L:$L,'ВБ Отчет Продажи (за 60 дней)'!$K:$K,"Краснодар",'ВБ Отчет Продажи (за 60 дней)'!$G:$G,$A33),0) -> 3 | K33: =ROUNDUP(SUMIFS('ВБ Отчет Продажи (за 60 дней)'!$L:$L,'ВБ Отчет Продажи (за 60 дней)'!$K:$K,"Невинномысск",'ВБ Отчет Продажи (за 60 дней)'!$G:$G,$A33),0) -> 0 | L33: =ROUNDUP(SUMIFS('ВБ Отчет Продажи (за 60 дней)'!$L:$L,'ВБ Отчет Продажи (за 60 дней)'!$K:$K,"Волгоград",'ВБ Отчет Продажи (за 60 дней)'!$G:$G,$A33),0) -> 0 | M33: =ROUNDUP(SUMIFS('ВБ Отчет Продажи (за 60 дней)'!$L:$L,'ВБ Отчет Продажи (за 60 дней)'!$K:$K,"Самара (Новосемейкино)",'ВБ Отчет Продажи (за 60 дней)'!$G:$G,$A33),0) -> 0 | N33: =ROUNDUP(SUMIFS('ВБ Отчет Продажи (за 60 дней)'!$L:$L,'ВБ Отчет Продажи (за 60 дней)'!$K:$K,"Казань",'ВБ Отчет Продажи (за 60 дней)'!$G:$G,$A33),0) -> 0 | O33: =ROUNDUP(SUMIFS('ВБ Отчет Продажи (за 60 дней)'!$L:$L,'ВБ Отчет Продажи (за 60 дней)'!$K:$K,"СПБ Шушары",'ВБ Отчет Продажи (за 60 дней)'!$G:$G,$A33),0) -> 0 | P33: =ROUNDUP(SUMIFS('ВБ Отчет Продажи (за 60 дней)'!$L:$L,'ВБ Отчет Продажи (за 60 дней)'!$K:$K,"Екатеринбург - Перспективный 12",'ВБ Отчет Продажи (за 60 дней)'!$G:$G,$A33),0) -> 0 | Q33: =ROUNDUP(SUMIFS('ВБ Отчет Продажи (за 60 дней)'!$L:$L,'ВБ Отчет Продажи (за 60 дней)'!$K:$K,"Новосибирск",'ВБ Отчет Продажи (за 60 дней)'!$G:$G,$A33),0) -> 0 | R33: =SUM(F33:Q33) -> 5 | S33: =SUMIFS('ОЗОН Оборот ведом (за 60 дней)'!I:I,'ОЗОН Оборот ведом (за 60 дней)'!A:A,B33) -> 1 | T33: =SUM(R33:S33) -> 6 | U33: =SUMIFS('ВБ Отчет Продажи (за 60 дней)'!$P:$P,'ВБ Отчет Продажи (за 60 дней)'!$K:$K,"Электросталь",'ВБ Отчет Продажи (за 60 дней)'!$G:$G,$A33) -> 5 | V33: =SUMIFS('ВБ Отчет Продажи (за 60 дней)'!$P:$P,'ВБ Отчет Продажи (за 60 дней)'!$K:$K,"Коледино",'ВБ Отчет Продажи (за 60 дней)'!$G:$G,$A33) -> 9 | W33: =SUMIFS('ВБ Отчет Продажи (за 60 дней)'!$P:$P,'ВБ Отчет Продажи (за 60 дней)'!$K:$K,"Тула",'ВБ Отчет Продажи (за 60 дней)'!$G:$G,$A33) -> 0 | X33: =SUMIFS('ВБ Отчет Продажи (за 60 дней)'!$P:$P,'ВБ Отчет Продажи (за 60 дней)'!$K:$K,"Рязань (Тюшевское)",'ВБ Отчет Продажи (за 60 дней)'!$G:$G,$A33) -> 13 | Y33: =SUMIFS('ВБ Отчет Продажи (за 60 дней)'!$P:$P,'ВБ Отчет Продажи (за 60 дней)'!$K:$K,"Краснодар",'ВБ Отчет Продажи (за 60 дней)'!$G:$G,$A33) -> 12 | Z33: =SUMIFS('ВБ Отчет Продажи (за 60 дней)'!$P:$P,'ВБ Отчет Продажи (за 60 дней)'!$K:$K,"Невинномысск",'ВБ Отчет Продажи (за 60 дней)'!$G:$G,$A33) -> 8 | AA33: =SUMIFS('ВБ Отчет Продажи (за 60 дней)'!$P:$P,'ВБ Отчет Продажи (за 60 дней)'!$K:$K,"Волгоград",'ВБ Отчет Продажи (за 60 дней)'!$G:$G,$A33) -> 0 | AB33: =SUMIFS('ВБ Отчет Продажи (за 60 дней)'!$P:$P,'ВБ Отчет Продажи (за 60 дней)'!$K:$K,"Самара (Новосемейкино)",'ВБ Отчет Продажи (за 60 дней)'!$G:$G,$A33) -> 5 | AC33: =SUMIFS('ВБ Отчет Продажи (за 60 дней)'!$P:$P,'ВБ Отчет Продажи (за 60 дней)'!$K:$K,"Казань",'ВБ Отчет Продажи (за 60 дней)'!$G:$G,$A33) -> 0 | AD33: =SUMIFS('ВБ Отчет Продажи (за 60 дней)'!$P:$P,'ВБ Отчет Продажи (за 60 дней)'!$K:$K,"СПБ Шушары",'ВБ Отчет Продажи (за 60 дней)'!$G:$G,$A33) -> 10 | AE33: =SUMIFS('ВБ Отчет Продажи (за 60 дней)'!$P:$P,'ВБ Отчет Продажи (за 60 дней)'!$K:$K,"Екатеринбург - Перспективный 12",'ВБ Отчет Продажи (за 60 дней)'!$G:$G,$A33) -> 0 | AF33: =SUMIFS('ВБ Отчет Продажи (за 60 дней)'!$P:$P,'ВБ Отчет Продажи (за 60 дней)'!$K:$K,"Новосибирск",'ВБ Отчет Продажи (за 60 дней)'!$G:$G,$A33) -> 0 | AG33: =SUM(U33:AF33) -> 62 | AH33: =IFERROR(AG33*$R$1/R33,0) -> 744 | AI33: =SUMIFS('ОЗОН Оборот ведом (за 60 дней)'!J:J,'ОЗОН Оборот ведом (за 60 дней)'!A:A,B33) -> 0 | AJ33: =AG33+AI33 -> 62 | AK33: {=IFERROR(_xlfn.IFS((F33-U33)>0,F33/$R$1*$AY$1-U33,F33+U33=0,"нов"),0)} -> 0 | AL33: {=IFERROR(_xlfn.IFS((G33-V33)>0,G33/$R$1*$AY$1-V33,G33+V33=0,"нов"),0)} -> 0 | AM33: {=IFERROR(_xlfn.IFS((H33-W33)>0,H33/$R$1*$AY$1-W33,H33+W33=0,"нов"),0)} -> нов | AN33: {=IFERROR(_xlfn.IFS((I33-X33)>0,I33/$R$1*$AY$1-X33,I33+X33=0,"нов"),0)} -> 0 | AO33: {=IFERROR(_xlfn.IFS((J33-Y33)>0,J33/$R$1*$AY$1-Y33,J33+Y33=0,"нов"),0)} -> 0 | AP33: {=IFERROR(_xlfn.IFS((K33-Z33)>0,K33/$R$1*$AY$1-Z33,K33+Z33=0,"нов"),0)} -> 0 | AQ33: {=IFERROR(_xlfn.IFS((L33-AA33)>0,L33/$R$1*$AY$1-AA33,L33+AA33=0,"нов"),0)} -> нов | AR33: {=IFERROR(_xlfn.IFS((M33-AB33)>0,M33/$R$1*$AY$1-AB33,M33+AB33=0,"нов"),0)} -> 0 | ... AV33: {=IFERROR(_xlfn.IFS((Q33-AF33)>0,Q33/$R$1*$AY$1-AF33,Q33+AF33=0,"нов"),0)} -> нов | AW33: =SUM(AK33:AV33) -> 0 | AX33: =SUMIF('ОЗОН Доступн товара'!D:D,_xlfn.XLOOKUP($B33,'ОЗОН Доступн товара'!$A:$A,'ОЗОН Доступн товара'!$D:$D,0)) -> 0 | AY33: =SUM(AW33:AX33) -> 0 | AZ33: =IF(AK33="нов","нов",ROUNDUP(AK33*1.3,0)) -> 0 | BA33: =IF(AL33="нов","нов",ROUNDUP(AL33*1.3,0)) -> 0 | BB33: =IF(AM33="нов","нов",ROUNDUP(AM33*1.3,0)) -> нов | BC33: =IF(AN33="нов","нов",ROUNDUP(AN33*1.3,0)) -> 0 | BD33: =IF(AO33="нов","нов",ROUNDUP(AO33*1.3,0)) -> 0 | BE33: =IF(AP33="нов","нов",ROUNDUP(AP33*1.3,0)) -> 0 | BF33: =IF(AQ33="нов","нов",ROUNDUP(AQ33*1.3,0)) -> нов | BG33: =IF(AR33="нов","нов",ROUNDUP(AR33*1.3,0)) -> 0 | ... BK33: =IF(AV33="нов","нов",ROUNDUP(AV33*1.3,0)) -> нов | BL33: =SUM(AZ33:BK33) -> 0 | BM33: =AX33*1.3 -> 0 | BN33: =SUM(BL33:BM33) -> 0 | BO33: =IFERROR(_xlfn.XLOOKUP(A33,'[2] Расчет стоимости и веса'!$I:$I,'[2] Расчет стоимости и веса'!$D:$D),0) -> 40 | BP33: =BO33 -> 40 | BY33: 20 | CB33: 20 | CE33: =SUM(BR33:CD33) -> 40 | CF33: =MAX(BO33,CE33)-BQ33 -> 40 | CG33: =BO33+BQ33-CE33 -> 0
